"name","ratings","no_of_ratings","discount_price","actual_price","product_category","price_segment","rating_segment","popularity_segment"
"Redmi 10 Power (Power Black, 8GB RAM, 128GB Storage)","4.0","965","10999.00","18999.00","Mobile Phone","Mid Range","Good","Low"
"OnePlus Bullets Z2 Bluetooth Wireless in Ear Earphones with Mic, Bombastic Bass - 12.4 Mm Drivers, 10 Mins Charge - 20 Hrs...","4.2","90304","1999.00","2299.00","Mobile Phone","Economy","Good","Very Popular"
"OnePlus Nord CE 2 Lite 5G (Black Dusk, 6GB RAM, 128GB Storage)","4.3","113956","18999.00","19999.00","Mobile Phone","Mid Range","Good","Very Popular"
"boAt Airdopes 141 Bluetooth Truly Wireless in Ear Earbuds with mic, 42H Playtime, Beast Mode(Low Latency Upto 80ms) for Ga...","3.9","172347","1299.00","3995.00","Earbuds","Economy","Average","Very Popular"
"Fire-Boltt Ninja Call Pro Plus 1.83"" Smart Watch with Bluetooth Calling, AI Voice Assistance, 100 Sports Modes IP67 Ratin...","4.3","16949","1799.00","19999.00","Smartwatch","Economy","Good","Very Popular"
"realme narzo 50A Prime (Flash Black, 4GB RAM+64GB Storage) Full High Definition+ Display |50MP AI Triple Camera| Charger I...","4.0","8307","9749.00","13499.00","Mobile Phone","Mid Range","Good","Popular"
"OnePlus Nord CE 2 Lite 5G (Blue Tide, 8GB RAM, 128GB Storage)","4.3","113956","20999.00","21999.00","Mobile Phone","Premium","Good","Very Popular"
"boAt Airdopes 141 Bluetooth Truly Wireless in Ear Earbuds with 42H Playtime, Beast Mode(Low Latency Upto 80ms) for Gaming,...","3.9","172347","1299.00","4490.00","Earbuds","Economy","Average","Very Popular"
"boAt Rockerz 330 Bluetooth Wireless in Ear Earphones with mic, Upto 30 Hours Playtime, ASAP Charge, Signature Sound, Dual ...","4.1","114951","1099.00","3990.00","Other","Economy","Good","Very Popular"
"Redmi A1 (Black, 2GB RAM, 32GB Storage) | Segment Best AI Dual Cam | 5000mAh Battery | Leather Texture Design | Android 12","4.0","11100","5899.00","8999.00","Mobile Phone","Mid Range","Good","Very Popular"
"OnePlus Nord Buds True Wireless in Ear Earbuds with Mic, 12.4mm Titanium Drivers, Playback:Up to 30hr case, 4-Mic Design +...","4.2","23720","2799.00","2999.00","Mobile Phone","Economy","Good","Very Popular"
"boAt Rockerz 255 Pro+ in-Ear Bluetooth Neckband with Upto 40 Hours Playback, ASAP Charge, IPX7, Dual Pairing, BT v5.0, wi...","4.1","148827","1299.00","3990.00","Other","Economy","Good","Very Popular"
"MI Power Bank 3i 20000mAh Lithium Polymer 18W Fast Power Delivery Charging | Input- Type C | Micro USB| Triple Output | Sa...","4.3","135528","2049.00","2199.00","Accessories","Economy","Good","Very Popular"
"SanDisk Ultra® microSDXC™ UHS-I Card, 64GB, 140MB/s R, 10 Y Warranty, for Smartphones","4.4","71768","488.00","1000.00","Mobile Phone","Budget","Good","Very Popular"
"Redmi A1 (Light Green, 2GB RAM 32GB ROM) | Segment Best AI Dual Cam | 5000mAh Battery | Leather Texture Design | Android 12","4.0","11100","5899.00","8999.00","Mobile Phone","Mid Range","Good","Very Popular"
"Samsung 25W USB Travel Adapter for Cellular Phones - White","4.4","10024","1099.00","1699.00","Accessories","Economy","Good","Very Popular"
"pTron Bassbuds Duo in Ear Earbuds with 32Hrs Total Playtime, Bluetooth 5.1 Wireless, Stereo Audio, Touch Control TWS, with...","3.5","166395","799.00","2599.00","Earbuds","Budget","Average","Very Popular"
"Portronics Toad 23 Wireless Optical Mouse with 2.4GHz, USB Nano Dongle, Optical Orientation, Click Wheel, Adjustable DPI(B...","4.1","2485","299.00","599.00","Accessories","Budget","Good","Moderate"
"Samsung Galaxy M04 Light Green, 4GB RAM, 64GB Storage | Upto 8GB RAM with RAM Plus | MediaTek Helio P35 | 5000 mAh Battery","4.0","1754","8499.00","11999.00","Mobile Phone","Mid Range","Good","Moderate"
"realme narzo 50A Prime (Flash Blue, 4GB RAM+128GB Storage) FHD+ Display | 50MP AI Triple Camera| Charger Included","4.0","8307","10499.00","14499.00","Mobile Phone","Mid Range","Good","Popular"
"Redmi 10A (Slate Grey, 4GB RAM, 64GB Storage) | 2 Ghz Octa Core Helio G25 | 5000 mAh Battery | Finger Print Sensor | Upto ...","4.0","15480","8599.00","11999.00","Mobile Phone","Mid Range","Good","Very Popular"
"Fire TV Stick with Alexa Voice Remote (includes TV and app controls) | HD streaming device","4.4","65578","3999.00","4999.00","Television","Economy","Good","Very Popular"
"Scotch Double Sided Heavy Duty Tape(1m holds 4.5Kgs) for indoor hanging applications (Photo frames, Mirrors, Key Holders, ...","3.9","15466","144.00","165.00","Other","Budget","Average","Very Popular"
"Noise Pulse Go Buzz Bluetooth Calling Smart Watch, 1.69"" Clear Display, 550Nits,150+ Watch face, Comfort Strap, Heart Rat...","4.1","15012","1699.00","4999.00","Monitor","Economy","Good","Very Popular"
"STRIFF Adjustable Laptop Tabletop Stand Patented Riser Ventilated Portable Foldable Compatible with MacBook Notebook Table...","4.3","26525","389.00","1499.00","Laptop","Budget","Good","Very Popular"
"Samsung EVO Plus 128GB microSDXC UHS-I U3 130MB/s Full HD & 4K UHD Memory Card with Adapter (MB-MC128KA)","4.3","142840","889.00","2699.00","Accessories","Budget","Good","Very Popular"
"Oppo A78 5G (Glowing Blue, 8GB RAM, 128 Storage) | 5000 mAh Battery with 33W SUPERVOOC Charger| 50MP AI Camera | 90Hz Refr...","4.2","338","18999.00","21999.00","Mobile Phone","Mid Range","Good","Low"
"boAt Xtend Smartwatch with Alexa Built-in, 1.69” HD Display, Multiple Watch Faces, Stress Monitor, Heart & SpO2 Monitorin...","4.2","72169","1799.00","7990.00","Monitor","Economy","Good","Very Popular"
"boAt Type C A325 Tangle-free, Sturdy Type C Cable with 3A Rapid Charging & 480mbps Data Transmission(Black)","4.1","14024","199.00","499.00","Other","Budget","Good","Very Popular"
"boAt Flash Edition Smart Watch with Activity Tracker, Multiple Sports Modes, 1.3"" Screen, 170+ Watch Faces, Sleep Monitor,...","4.0","28260","1199.00","6990.00","Monitor","Economy","Good","Very Popular"
"Samsung Galaxy M04 Dark Blue, 4GB RAM, 64GB Storage | Upto 8GB RAM with RAM Plus | MediaTek Helio P35 | 5000 mAh Battery","4.0","1754","8499.00","11999.00","Mobile Phone","Mid Range","Good","Moderate"
"Logitech B170 Wireless Mouse, 2.4 GHz with USB Nano Receiver, Optical Tracking, 12-Months Battery Life, Ambidextrous, PC/M...","4.4","63020","595.00","895.00","Accessories","Budget","Good","Very Popular"
"Echo Dot (3rd Gen) - Alexa smart speaker for music, smart home, kids learning & added Bluetooth control","4.4","98293","2499.00","4499.00","Speakers","Economy","Good","Very Popular"
"OneAssist 1 Year Extended Warranty for Smartwatch up to 3000 - Email Delivery Within 2 Hours, No Physical Kit","4.0","1387","59.00","138.00","Smartwatch","Budget","Good","Moderate"
"HP X1000 Wired USB Mouse with 3 Handy Buttons, Fast-Moving Scroll Wheel and Optical Sensor works on most Surfaces, 3 years...","4.3","55589","349.00","649.00","Accessories","Budget","Good","Very Popular"
"HP v236w USB 2.0 64GB Pen Drive, Metal","4.2","66790","468.00","1500.00","Other","Budget","Good","Very Popular"
"Boult Audio Z40 True Wireless in Ear Earbuds with 60H Playtime, Zen™ ENC Mic, Low Latency Gaming, Type-C Fast Charging, Ma...","3.9","1320","1499.00","4999.00","Earbuds","Economy","Average","Moderate"
"SanDisk Ultra® microSDXC™ UHS-I Card, 128GB, 140MB/s R, 10 Y Warranty, for Smartphones","4.4","71768","868.00","1800.00","Mobile Phone","Budget","Good","Very Popular"
"Fire-Boltt Gladiator 1.96"" Biggest Display Smart Watch with Bluetooth Calling, Voice Assistant &123 Sports Modes, 8 Unique...","4.0","3897","2499.00","9999.00","Monitor","Economy","Good","Moderate"
"Dell USB Wireless Keyboard and Mouse Set- KM3322W, Anti-Fade & Spill-Resistant Keys, up to 36 Month Battery Life, 3Y Advan...","4.2","34720","1299.00","2499.00","Accessories","Economy","Good","Very Popular"
"Oppo F21s Pro (Dawnlight Gold, 8GB RAM, 128 Storage) with No Cost EMI/Additional Exchange Offers","3.9","618","21999.00","27999.00","Mobile Phone","Premium","Average","Low"
"realme TechLife Buds T100 Bluetooth Truly Wireless in Ear Earbuds with mic, AI ENC for Calls, Google Fast Pair, 28 Hours T...","4.0","5532","1499.00","2999.00","Mobile Phone","Economy","Good","Popular"
"realme Narzo 50 Pro 5G (Hyper Blue 6GB RAM+128GB Storage) Super AMOLED | Advanced Dimensity 920 5G Gaming Processor | 50% ...","4.1","5622","17480.00","21999.00","Mobile Phone","Mid Range","Good","Popular"
"Samsung Galaxy M33 5G (Deep Ocean Blue, 8GB, 128GB Storage) | 6000mAh Battery | Upto 16GB RAM with RAM Plus | Travel Adapt...","4.1","24863","17499.00","25999.00","Mobile Phone","Mid Range","Good","Very Popular"
"ZEBRONICS Zeb-Bro in Ear Wired Earphones with Mic, 3.5mm Audio Jack, 10mm Drivers, Phone/Tablet Compatible(Blue)","3.5","24675","149.00","399.00","Tablet","Budget","Average","Very Popular"
"Dell MS116 1000Dpi USB Wired Optical Mouse, Led Tracking, Scrolling Wheel, Plug and Play.","4.5","34095","299.00","650.00","Accessories","Budget","Excellent","Very Popular"
"HP w100 480P 30 FPS Digital Webcam with Built-in Mic, Plug and Play Setup, Wide-Angle View for Video Calling on Skype, Zoo...","3.7","3999","397.00","1999.00","Accessories","Budget","Average","Moderate"
"Tygot Adjustable Aluminium Alloy Tripod Stand Holder for Mobile Phones & Camera, 360 mm -1060 mm (42 Inch), 1/4 inch Screw...","3.3","53252","329.00","1999.00","Mobile Phone","Budget","Average","Very Popular"
"Portronics Konnect L 1.2M Fast Charging 3A 8 Pin USB Cable with Charge & Sync Function for iPhone, iPad (Grey)","4.2","17708","149.00","399.00","Mobile Phone","Budget","Good","Very Popular"
"boAt Airdopes 172 True Wireless in Ear Earbuds with ENx™ Tech, Beast Mode, 35H Playtime, 11mm Drivers, ASAP™ Charge, IPX4,...","3.8","48615","999.00","2990.00","Earbuds","Budget","Average","Very Popular"
"OnePlus Nord Wired Earphones with mic, 3.5mm Audio Jack, Enhanced bass with 9.2mm Dynamic Drivers, in-Ear Wired Earphone -...","4.1","2400","799.00","1299.00","Mobile Phone","Budget","Good","Moderate"
"pTron Bullet Pro 36W PD Quick Charger, 3 Port Fast Car Charger Adapter - Compatible with All Smartphones & Tablets (Black)","4.0","15889","349.00","1299.00","Mobile Phone","Budget","Good","Very Popular"
"Samsung EVO Plus 64GB microSDXC UHS-I U1 130MB/s Full HD & 4K UHD Memory Card with Adapter (MB-MC64KA)","4.3","142840","489.00","1899.00","Accessories","Budget","Good","Very Popular"
"Nokia 105 Single SIM, Keypad Mobile Phone with Wireless FM Radio | Charcoal","3.8","4022","1299.00","1599.00","Mobile Phone","Economy","Average","Moderate"
"MI Xiaomi Wireless Home Security Camera 2i 2022 Edition | Full HD Picture | 360 View | 2MP | AI Powered Motion Detection |...","4.3","46362","2960.00","4499.00","Camera","Economy","Good","Very Popular"
"Dell Kb216 Wired Multimedia USB Keyboard with Super Quite Plunger Keys with Spill-Resistant  Black","4.3","30080","549.00","1799.00","Accessories","Budget","Good","Very Popular"
"boAt bassheads 105 Wired in Ear Earphones with Mic (Green)","4.0","27854","449.00","999.00","Other","Budget","Good","Very Popular"
"OPPO A74 5G (Fantastic Purple,6GB RAM,128GB Storage) with No Cost EMI/Additional Exchange Offers","4.2","34496","15490.00","20990.00","Mobile Phone","Mid Range","Good","Very Popular"
"PIDILITE Fevicryl Acrylic Colours Sunflower Kit (10 Colors x 15 ml) DIY Paint, Rich Pigment, Non-Craking Paint for Canvas,...","4.4","7677","186.00","225.00","Other","Budget","Good","Popular"
"boAt Bassheads 242 in Ear Wired Earphones with Mic(Active Black)","4.1","164872","599.00","1490.00","Other","Budget","Good","Very Popular"
"Logitech M221 Wireless Mouse, Silent Buttons, 2.4 GHz with USB Mini Receiver, 1000 DPI Optical Tracking, 18-Month Battery ...","4.4","35806","749.00","1245.00","Accessories","Budget","Good","Very Popular"
"Portronics Konnect L POR-1081 Fast Charging 3A Type-C Cable 1.2Meter with Charge & Sync Function for All Type-C Devices (G...","4.3","14136","129.00","339.00","Other","Budget","Good","Very Popular"
"Ambrane Unbreakable 60W / 3A Fast Charging 1.5m Braided Type C Cable for Smartphones, Tablets, Laptops & other Type C devi...","4.0","45984","199.00","299.00","Laptop","Budget","Good","Very Popular"
"boAt Micro USB 55 Tangle-free, Sturdy Micro USB Cable with 3A Fast Charging & 480mbps Data Transmission (Black)","4.0","15967","139.00","499.00","Other","Budget","Good","Very Popular"
"Gizga Essentials Hard Drive Case Shell, 6.35cm/2.5-inch, Portable Storage Organizer Bag for Earphone USB Cable Power Bank ...","4.5","14161","199.00","599.00","Accessories","Budget","Excellent","Very Popular"
"Sounce Fast Phone Charging Cable & Data Sync USB Cable Compatible for iPhone 13, 12,11, X, 8, 7, 6, 5, iPad Air, Pro, Mini...","3.9","7408","199.00","999.00","Mobile Phone","Budget","Average","Popular"
"Mi Type C 3Amp 100cm Fast Charge Cable Black|USB to Type C|Supports Upto 22.5W Fast Charging|Suitable for All Smartphones,...","4.3","31112","229.00","299.00","Mobile Phone","Budget","Good","Very Popular"
"boAt Rugged v3 Extra Tough Unbreakable Braided Micro USB Cable 1.5 Meter (Black)","4.2","96230","299.00","799.00","Other","Budget","Good","Very Popular"
"Tygot Bluetooth Extendable Selfie Sticks with Wireless Remote and Tripod Stand, 3-in-1 Multifunctional Selfie Stick with T...","4.1","4046","399.00","1999.00","Other","Budget","Good","Moderate"
"boAt BassHeads 122 Wired in Ear Earphones with Heavy Bass, Integrated Controls and Mic (Gun Metal)","3.9","757","399.00","1290.00","Other","Budget","Average","Low"
"Agaro Blaze USB 3.0 to USB Type C OTG Adapter","4.3","16085","139.00","495.00","Accessories","Budget","Good","Very Popular"
"CP PLUS 2MP Full HD Smart Wi-f CCTV Home Security Camera |360° with Pan Tilt | View & Talk | Motion Alert | Night Vision |...","3.6","1467","1692.00","3700.00","Television","Economy","Average","Moderate"
"Wayona Nylon Braided USB to Lightning Fast Charging and Data Sync Cable Compatible for iPhone 13, 12,11, X, 8, 7, 6, 5, iP...","4.2","25351","379.00","1099.00","Mobile Phone","Budget","Good","Very Popular"
"Syvo WT 3130 Aluminum Tripod (50 Inches), Universal Lightweight Tripod with Mobile Phone Holder Mount & Carry Bag for All ...","4.3","28644","799.00","3990.00","Mobile Phone","Budget","Good","Very Popular"
"Duracell Ultra Alkaline AA Batteries, pack of 8","4.5","28976","299.00","315.00","Other","Budget","Excellent","Very Popular"
"boAt Airdopes 121v2 in-Ear True Wireless Earbuds with Upto 14 Hours Playback, 8MM Drivers, Battery Indicators, Lightweight...","3.8","188031","1199.00","2990.00","Earbuds","Economy","Average","Very Popular"
"MI 80 cm (32 inches) 5A Series HD Ready Smart Android LED TV L32M7-5AIN (Black)","4.2","34286","13999.00","24999.00","Television","Mid Range","Good","Very Popular"
"boAt Rockerz 245v2 Bluetooth Wireless in Ear Earphones with Upto 8 Hours Playback, 12mm Drivers, IPX5, Magnetic Eartips, I...","3.9","89166","899.00","2490.00","Other","Budget","Average","Very Popular"
"Samsung Galaxy M33 5G (Mystique Green, 8GB, 128GB Storage) | 6000mAh Battery | Upto 16GB RAM with RAM Plus | Travel Adapte...","4.1","24863","17499.00","25999.00","Mobile Phone","Mid Range","Good","Very Popular"
"pTron Bassbuds Jade Truly Wireless in Ear Earbuds with 40ms Gaming Low Latency, HD Stereo Calls, 40Hrs Playtime, 1-Step Pa...","3.7","24285","898.00","3699.00","Earbuds","Budget","Average","Very Popular"
"pTron Solero MB301 3A Micro USB Data & Charging Cable, Made in India, 480Mbps Data Sync, Strong & Durable 1.5-Meter Nylon ...","3.9","26311","99.00","666.00","Other","Budget","Average","Very Popular"
"Oppo F21s Pro (Starlight Black, 8GB RAM, 128 Storage) with No Cost EMI/Additional Exchange Offers","3.9","618","21999.00","27999.00","Mobile Phone","Premium","Average","Low"
"boAt Bassheads 100 in Ear Wired Earphones with Mic(Furious Red)","4.1","375110","399.00","999.00","Other","Budget","Good","Very Popular"
"realme Buds 2 Neo Wired in Ear Earphones with Mic (Blue)","4.2","25235","499.00","599.00","Mobile Phone","Budget","Good","Very Popular"
"GIZGA ESSENTIALS Spiral Charger Cable Protector (Set of 10) (G55)","4.2","6693","79.00","299.00","Accessories","Budget","Good","Popular"
"Duracell Ultra Alkaline AA Battery, 4 Pcs","4.5","28976","160.00","190.00","Other","Budget","Excellent","Very Popular"
"Mi Xiaomi 22.5W Fast USB Type C Charger Combo|Compatible for Mobile,Power Banks|Fast Charging|(Adapter + USB to Type C Cab...","4.2","1721","649.00","999.00","Mobile Phone","Budget","Good","Moderate"
"realme narzo 50i Prime (Dark Blue 4GB RAM+64GB Storage) Octa-core Processor | 5000 mAh Battery","4.0","2773","8499.00","9999.00","Mobile Phone","Mid Range","Good","Moderate"
"realme Narzo 50 Pro 5G (Hyper Black 6GB RAM+128GB Storage) Super AMOLED | Advanced Dimensity 920 5G Gaming Processor | 50%...","4.1","5622","17480.00","21999.00","Mobile Phone","Mid Range","Good","Popular"
"Oppo Enco M32 Bluetooth Wireless in Ear Earbuds with Mic,10 Mins Charge - 20Hrs Music Fast Charge, 28Hrs Battery Life,10mm...","4.2","19567","1599.00","2999.00","Mobile Phone","Economy","Good","Very Popular"
"Crucial BX500 500GB 2.5-inch SATA 3D NAND Internal SSD Upto 550 MB/s","4.5","98615","2179.00","3900.00","Other","Economy","Excellent","Very Popular"
"CP PLUS 3MP Full HD Smart Wi-fi CCTV Home Security Camera | 360° View | 2 Way Talk | Cloud Monitor | Motion Detect | Night...","3.8","2584","2099.00","4900.00","Television","Economy","Average","Moderate"
"Boult Audio Maverick Truly Wireless in Ear Earbuds with 35H Playtime, Quad Mic ENC, 45ms Xtreme Low Latency, Gaming LEDs, ...","3.9","5190","1499.00","4499.00","Earbuds","Economy","Average","Popular"
"pTron Tangentbeat in-Ear Bluetooth 5.0 Wireless Headphones with Mic, Enhanced Bass, 10mm Drivers, Clear Calls, Snug-Fit, F...","3.8","76999","599.00","2499.00","Headphones","Budget","Average","Very Popular"
"Havells 240V 6A Four-Way 1440W Extension Board With Wire (White)- 1.5 Metre Cable, 10 Volt, 4 Universal sockets with Maste...","4.3","29149","425.00","708.00","Other","Budget","Good","Very Popular"
"STRIFF Laptop Tabletop Stand, Fold-Up, Adjustable, Ventilated, Portable Holder For Desk, Aluminum Foldable Laptop Ergonomi...","4.1","2647","449.00","999.00","Laptop","Budget","Good","Moderate"
"Fire-Boltt Ninja 3 Smartwatch Full Touch 1.69 & 60 Sports Modes with IP68, Sp02 Tracking, Over 100 Cloud based watch faces...","4.2","27438","1299.00","7999.00","Smartwatch","Economy","Good","Very Popular"
"Fire-Boltt Phoenix Smart Watch with Bluetooth Calling 1.3"",120+ Sports Modes, 240 * 240 PX High Res with SpO2, Heart Rate ...","4.3","43302","1799.00","9999.00","Smartwatch","Economy","Good","Very Popular"
"JBL C50HI, Wired in Ear Headphones with Mic, One Button Multi-Function Remote, Lightweight & Comfortable fit (Blue)","3.9","95654","399.00","999.00","Headphones","Budget","Average","Very Popular"
"Redmi 9A Sport (Coral Green, 2GB RAM, 32GB Storage) | 2GHz Octa-core Helio G25 Processor | 5000 mAh Battery","4.1","319396","6499.00","7999.00","Mobile Phone","Mid Range","Good","Very Popular"
"Fire-Boltt Ring 3 Smart Watch 1.8 Biggest Display with Advanced Bluetooth Calling Chip, Voice Assistance,118 Sports Modes,...","4.2","24154","1999.00","9999.00","Monitor","Economy","Good","Very Popular"
"SWAPKART Flexible Mobile Tabletop Stand, Metal Built, Heavy Duty Foldable Lazy Bracket Clip Mount Multi Angle Clamp for Al...","3.8","4141","251.00","999.00","Mobile Phone","Budget","Average","Moderate"
"boAt Rockerz 103 Pro Bluetooth in Ear Neckband with Beast Mode(40ms Low Latency), ENx Tech, ASAP Charge(Fast Charge), Upto...","3.7","513","899.00","2490.00","Other","Budget","Average","Low"
"Zebronics Zeb-Companion 107 USB Wireless Keyboard and Mouse Set with Nano Receiver (Black)","3.5","16402","699.00","999.00","Accessories","Budget","Average","Very Popular"
"boAt Rockerz 330 Pro in-Ear Bluetooth Neckband with 60HRS Playtime, ASAP Charge, ENx Tech, Signature Sound, BT v5.2, Dua...","4.1","114951","1599.00","2990.00","Other","Economy","Good","Very Popular"
"Ambrane 10000mAh Slim Power Bank, 20W Fast Charging, Dual Output, Type C PD (Input & Output), Quick Charge, Li-Polymer, Mu...","4.0","8305","999.00","1599.00","Accessories","Budget","Good","Popular"
"Eveready 1015 Carbon Zinc AA Battery - 10 Pieces","4.4","969","149.00","180.00","Other","Budget","Good","Low"
"Redmi 80 cm (32 inches) Android 11 Series HD Ready Smart LED TV | L32M6-RA/L32M7-RA (Black)","4.2","47642","13999.00","24999.00","Mobile Phone","Mid Range","Good","Very Popular"
"Boult Audio BassBuds X1 in-Ear Wired Earphones with 10mm Extra Bass Driver and HD Sound with mic(Blue)","3.9","79328","329.00","999.00","Other","Budget","Average","Very Popular"
"boAt Airdopes 181 in-Ear True Wireless Earbuds with ENx Tech, Beast Mode(Low Latency Upto 60ms) for Gaming, with Mic, AS...","3.7","12877","1399.00","2990.00","Earbuds","Economy","Average","Very Popular"
"TP-Link AC750 Wifi Range Extender | Up to 750Mbps | Dual Band WiFi Extender, Repeater, Wifi Signal Booster, Access Point| ...","4.2","50597","1889.00","5499.00","Networking","Economy","Good","Very Popular"
"ZEBRONICS Zeb-Sound Bomb 1 TWS Earbuds with BT5.0, Up to 12H Playback, Touch Controls, Voice Assistant, Splash Proof with ...","3.6","17880","699.00","2499.00","Earbuds","Budget","Average","Very Popular"
"Zebronics ZEB-90HB USB Hub, 4 Ports, Pocket Sized, Plug & Play, for Laptop & Computers","3.4","10237","179.00","499.00","Laptop","Budget","Average","Very Popular"
"boAt Rockerz 335 Bluetooth in Ear Neckband with Qualcomm aptX & CVC, Upto 30 Hours Playback, ASAP Charge, Signature Sound,...","3.7","46779","1199.00","3990.00","Other","Economy","Average","Very Popular"
"Portronics AUTO 12 in-Car Bluetooth Receiver for Handsfree Calling, Music System, Supports All Smartphones (Black)","4.3","18013","520.00","1499.00","Mobile Phone","Budget","Good","Very Popular"
"Redgear Shadow Spear Gaming Wired On Ear Headphones with Mic, 50Mm Drivers, Over-Ear Design, Omnidirectional and Breathing...","4.0","48","399.00","1899.00","Headphones","Budget","Good","Low"
"boAt Bassheads 102 in Ear Wired Earphones with Mic(Charcoal Black)","4.2","77193","449.00","1290.00","Other","Budget","Good","Very Popular"
"iQOO Neo 7 5G (Frost Blue, 8GB RAM, 128GB Storage) | Dimensity 8200, only 4nm Processor in The Segment | 50% Charge in 10 ...","4.2","667","29999.00","34999.00","Other","Premium","Good","Low"
"Redgear Pro Wireless Gamepad with 2.4GHz Wireless Technology, Integrated Dual Intensity Motor, Illuminated Keys for PC(Com...","4.2","17633","1399.00","3999.00","Other","Economy","Good","Very Popular"
"Samsung Galaxy Buds Live Bluetooth Truly Wireless in Ear Earbuds with Mic, Upto 21 Hours Playtime, Mystic Black","3.9","5458","4999.00","15990.00","Mobile Phone","Economy","Average","Popular"
"realme narzo 50 5G (Hyper Blue, 6GB RAM+128GB Storage) Dimensity 810 5G Processor | 48MP Ultra HD Camera","4.2","3327","15499.00","19999.00","Mobile Phone","Mid Range","Good","Moderate"
"Inefable ( 12 Pcs ) Multicoloured Protection Spiral Cable & Wire Protectors Spring Wire for All Wired Accessories for USB ...","3.8","443","79.00","399.00","Other","Budget","Average","Low"
"OnePlus 10R 5G (Forest Green, 8GB RAM, 128GB Storage, 80W SuperVOOC)","4.3","12400","31999.00","38999.00","Mobile Phone","Premium","Good","Very Popular"
"boAt Newly Launched Wave Call Plus with 1.83"" HD Display, ENx™ Tech(Clear Calls), Advanced Bluetooth Calling,Hindi & Engli...","4.4","232","1999.00","7999.00","Monitor","Economy","Good","Low"
"Seagate Expansion 1TB External HDD - USB 3.0 for Windows and Mac with 3 yr Data Recovery Services, Portable Hard Drive (ST...","4.4","51176","4249.00","4999.00","Other","Economy","Good","Very Popular"
"tizum HDMI to VGA Adapter/ Connector/ Converter Cable 1080P (Male to Female) for Media Players, Xbox, Projector, Computer,...","3.7","11431","259.00","499.00","Accessories","Budget","Average","Very Popular"
"Lenovo 300 Wired Plug & Play USB Mouse, High Resolution 1600 DPI Optical Sensor, 3-Button Design with clickable Scroll Whe...","4.4","26338","284.00","590.00","Accessories","Budget","Good","Very Popular"
"TP-Link USB WiFi Adapter for PC(TL-WN725N), N150 Wireless Network Adapter for Desktop - Nano Size WiFi Dongle Compatible w...","4.2","183124","499.00","999.00","Networking","Budget","Good","Very Popular"
"realme narzo 50A Prime (Flash Black, 4GB RAM+128GB Storage) FHD+ Display | 50MP AI Triple Camera | Charger Included","4.0","8307","10499.00","14499.00","Mobile Phone","Mid Range","Good","Popular"
"TP-Link USB Bluetooth Adapter for PC, 5.0 Bluetooth Dongle Receiver (UB500) Supports Windows 11/10/8.1/7 for Desktop, Lapt...","4.3","99594","599.00","899.00","Accessories","Budget","Good","Very Popular"
"Crucial BX500 240GB 3D NAND SATA 6.35 cm (2.5-inch) SSD (CT240BX500SSD1)","4.5","98615","1321.00","3100.00","Other","Economy","Excellent","Very Popular"
"TP-Link TL-WA850RE Single_Band 300Mbps RJ45 Wireless Range Extender, Broadband/Wi-Fi Extender, Wi-Fi Booster/Hotspot with ...","4.2","161897","1399.00","2499.00","Networking","Economy","Good","Very Popular"
"Omron MC 246 Digital Thermometer With Quick Measurement of Oral & Underarm Temperature in Celsius & Fahrenheit, Water Resi...","4.1","16811","239.00","275.00","Other","Budget","Good","Very Popular"
"SUPER TOY 8.5 Inch LCD Writing Tablet E-Notepad Ruff Pad (Multicolor)","3.8","21416","249.00","799.00","Tablet","Budget","Average","Very Popular"
"Epson 003 65 ml for EcoTank L1110/L3100/L3101/L3110/L3115/L3116/L3150/L3151/L3152/L3156/L5190 Black Ink Bottle","4.4","8901","309.00","404.00","Other","Budget","Good","Popular"
"DIGITEK® (DTR 260 GT) Gorilla Tripod/Mini 33 CM (13 Inch) Tripod for Mobile Phone with Phone Mount & Remote, Flexible Gori...","3.9","22166","399.00","995.00","Mobile Phone","Budget","Average","Very Popular"
"Sounce Shutter Remote Control with Bluetooth Wireless Technology - Create Amazing Photos and Videos Hands-Free - Works wit...","4.4","2758","169.00","999.00","Other","Budget","Good","Moderate"
"JBL C200SI, Premium in Ear Wired Earphones with Mic, Signature Sound, One Button Multi-Function Remote, Angled Earbuds for...","4.1","54381","799.00","1499.00","Earbuds","Budget","Good","Very Popular"
"Samsung Galaxy M13 (Aqua Green, 4GB, 64GB Storage) | 6000mAh Battery | Upto 8GB RAM with RAM Plus","4.1","22813","10999.00","14999.00","Mobile Phone","Mid Range","Good","Very Popular"
"Ambrane 60W / 3A Type C Fast Charging Unbreakable 1.5m L Shaped Braided Cable, PD Technology, 480Mbps Data Transfer for Sm...","4.0","2262","199.00","499.00","Other","Budget","Good","Moderate"
"Boult Audio Z20 True Wireless in Ear Earbuds with Zen ENC Mic, 40H Playtime, Type-C Fast Charging, Made in India, 10mm Ric...","3.8","11403","1399.00","5499.00","Earbuds","Economy","Average","Very Popular"
"TP-Link Archer AC1200 Archer C6 Wi-Fi Speed Up to 867 Mbps/5 GHz + 400Mbps/2.4 GHz, 5 Gigabit Ports, 4 External Antennas, ...","4.4","35681","2599.00","4999.00","Networking","Economy","Good","Very Popular"
"OnePlus Nord Buds True Wireless in Ear Earbuds with Mic, 12.4mm Titanium Drivers, Playback:Up to 30hr case, 4-Mic Design +...","4.2","4496","2799.00","2999.00","Mobile Phone","Economy","Good","Moderate"
"Noise Pulse 2 Max Advanced Bluetooth Calling Smart Watch with 1.85'' Display, 550 NITS Brightness, Smart DND, 10 Days Batt...","4.1","9350","1999.00","5999.00","Monitor","Economy","Good","Popular"
"Acer 80 cm (32 inches) I Series HD Ready Android Smart LED TV AR32AR2841HDFL (Black)","4.4","7944","10999.00","19990.00","Television","Mid Range","Good","Popular"
"boAt Bassheads 100 Wired in Ear Earphones with Mic (Mint Green)","4.1","375110","399.00","999.00","Other","Budget","Good","Very Popular"
"ZEBRONICS Zeb-Dash Plus 2.4GHz High Precision Wireless Mouse with up to 1600 DPI, Power Saving Mode, Nano Receiver and Plu...","3.5","12673","299.00","449.00","Accessories","Budget","Average","Very Popular"
"Xiaomi Wired in-Ear Earphones with Mic, Ultra Deep Bass & Metal Sound Chamber (Black)","4.1","121021","499.00","599.00","Other","Budget","Good","Very Popular"
"Noise ColorFit Pro 4 Advanced Bluetooth Calling Smart Watch with 1.72"" TruView Display, Fully-Functional Digital Crown, 31...","4.1","6062","2999.00","5999.00","Monitor","Economy","Good","Popular"
"PTron Bassbuds Plus True Wireless Bluetooth 5.0 in Ear Earbuds, Deep Bass, IPX4 Water/Sweat Resistant, Passive Noise Cance...","3.6","28336","699.00","2499.00","Earbuds","Budget","Average","Very Popular"
"boAt Wave Lite Smartwatch with 1.69"" HD Display, Sleek Metal Body, HR & SpO2 Level Monitor, 140+ Watch Faces, Activity Tra...","3.9","24035","1299.00","6990.00","Monitor","Economy","Average","Very Popular"
"Fire-Boltt Tank 1.85"" Outdoor Rugged Bluetooth Calling Smart Watch, 123 Sports Mode, 8 UI Interactions, Built in Speaker &...","4.1","2490","1999.00","11999.00","Speakers","Economy","Good","Moderate"
"Boult Audio Z25 True Wireless in Ear Earbuds with 32H Playtime, 45ms Low Latency, Type-C Fast Charging (10=150Mins), Made ...","3.9","918","1299.00","2999.00","Earbuds","Economy","Average","Low"
"boAt Xtend/Xtend RTL Smartwatch with Alexa Built-in, 1.69” HD Display, Multiple Watch Faces, Stress Monitor, Heart & SpO2 ...","4.2","72169","1799.00","7990.00","Monitor","Economy","Good","Very Popular"
"realme Buds Air 3S Bluetooth Truly Wireless in Ear Earbuds, 11mm Triple Titanium Driver, with Mic AI ENC for Calls, Dual D...","4.0","5567","2499.00","4999.00","Mobile Phone","Economy","Good","Popular"
"iQOO Z6 5G by vivo (Chromatic Blue, 4GB RAM, 128GB Storage) | Snapdragon 695-6nm Processor | 120Hz FHD+ Display | 5000mAh ...","4.0","22628","14499.00","19990.00","Mobile Phone","Mid Range","Good","Very Popular"
"Samsung Galaxy S20 FE 5G (Cloud Navy, 8GB RAM, 128GB Storage) with No Cost EMI & Additional Exchange Offers","4.2","29302","29999.00","74999.00","Mobile Phone","Premium","Good","Very Popular"
"Logitech B100 Wired USB Mouse, 3 yr Warranty, 800 DPI Optical Tracking, Ambidextrous PC/Mac/Laptop - Black","4.3","32258","269.00","375.00","Laptop","Budget","Good","Very Popular"
"USB Charger, Oraimo Elite Dual Port 5V/2.4A Wall Charger, USB Wall Charger Adapter for iPhone 11/Xs/XS Max/XR/X/8/7/6/Plu...","4.0","15095","249.00","649.00","Mobile Phone","Budget","Good","Very Popular"
"Zodo 8. 5 inch LCD E-Writer Electronic Writing Pad/Tablet Drawing Board (Paperless Memo Digital Tablet)","3.6","10089","150.00","399.00","Tablet","Budget","Average","Very Popular"
"Juarez JRZ250 One Handed Trigger Guitar Metal Capo Quick Change For Ukulele, Electric And Acoustic Guitars, Black","4.3","13386","130.00","990.00","Other","Budget","Good","Very Popular"
"HP 680 Tri-color Original Ink Advantage Cartridge","4.2","36860","758.00","886.00","Other","Budget","Good","Very Popular"
"boAt Stone 352 Bluetooth Speaker with 10W RMS Stereo Sound, IPX7 Water Resistance, TWS Feature, Up to 12H Total Playtime, ...","4.0","3875","1699.00","3490.00","Earbuds","Economy","Good","Moderate"
"Noise Pulse Go Buzz Smart Watch with Latest Bluetooth Calling tech, 1.69"" Clear Display, 550Nits,150+ Watch face, Comfort ...","4.1","15012","1699.00","4999.00","Monitor","Economy","Good","Very Popular"
"boAt Bassheads 220 Wired in Ear Earphones(Indi Lime)","4.1","276491","399.00","999.00","Other","Budget","Good","Very Popular"
"Portronics Clamp M2 Adjustable Car Mobile Phone Holder Stand, 360° Rotational, Strong Suction Cup, Compatible with 4 to 6 ...","4.1","643","649.00","899.00","Mobile Phone","Budget","Good","Low"
"STRIFF Webcam Cover Slide, Ultra Thin Laptop Camera Cover Slide Blocker for Computer MacBook Pro iMac PC Tablet (Pack of ...","4.2","661","79.00","499.00","Laptop","Budget","Good","Low"
"MYVN WARP/Dash Charging Type c Charging Adapter Cable Compatible for One Plus 8T 8 8pro 7 Pro / 7T / 7T Pro Nord and Dash ...","4.1","3701","329.00","999.00","Accessories","Budget","Good","Moderate"
"Syska 4 Way Power Plug Adapter (White) (1)","4.2","12696","207.00","225.00","Accessories","Budget","Good","Very Popular"
"TP-link N300 WiFi Wireless Router TL-WR845N | 300Mbps Wi-Fi Speed | Three 5dBi high gain Antennas | IPv6 Compatible | AP/R...","4.2","124050","1099.00","1699.00","Networking","Economy","Good","Very Popular"
"Nokia 110 Dual sim Keypad Phone with Wireless FM Radio, Free Earphone, Snake Game, Auto Call Recording, 1 Year Replacement...","3.8","16458","1699.00","2099.00","Other","Economy","Average","Very Popular"
"Redmi Note 12 5G Mystique Blue 6GB RAM 128GB ROM | 1st Phone with 120Hz Super AMOLED and Snapdragon® 4 Gen 1 | 48MP AI Tri...","3.9","2092","19999.00","21999.00","Mobile Phone","Mid Range","Average","Moderate"
"boAt Rockerz 330ANC Bluetooth Neckband in Ear Earphones with mic, Crystal Bionic Sound Powered by Dirac Opteo, ANC, 13mm D...","4.1","114951","1999.00","4999.00","Other","Economy","Good","Very Popular"
"Onsitego 1 year Extended Warranty for Small Appliances up to Rs 2500 (Email Delivery - No Physical Kit)","3.9","5780","123.00","397.00","Other","Budget","Average","Popular"
"Amozo Ultra Hybrid Camera and Drop Protection Back Cover Case for iPhone 13 (TPU + Polycarbonate | Crystal Transparent)","4.2","2945","279.00","1499.00","Mobile Phone","Budget","Good","Moderate"
"Ambrane Unbreakable 60W / 3A Fast Charging 1.5m Braided Type C to Type C Cable for Smartphones, Tablets, Laptops & Other T...","4.0","45984","199.00","299.00","Laptop","Budget","Good","Very Popular"
"Noise Buds VS201 V2 in-Ear Truly Wireless Earbuds with Dual Equalizer | Total 14-Hour Playtime | Full Touch Control | with...","3.7","15983","999.00","2999.00","Earbuds","Budget","Average","Very Popular"
"Pidilite Rangeela Holi Ke Rang - 4 Fluorescent Shades of Holi Colours (Floro Pink, Floro Yellow, Floro Orange, Floro Gree...","4.2","1725","99.00","160.00","Other","Budget","Good","Moderate"
"boAt Xtend Smart Watch with Alexa Built-in, 1.69” HD Display, Multiple Watch Faces, Stress Monitor, HR & SpO2 Monitoring, ...","4.2","72169","1799.00","7990.00","Monitor","Economy","Good","Very Popular"
"Samsung Original EHS64 Wired in Ear Earphones with Mic, Black","4.2","32094","449.00","499.00","Other","Budget","Good","Very Popular"
"Lenovo 300 Wireless Compact Mouse, 1000 DPI Optical sensor, 2.4GHz Wireless Nano USB, 10m range, 3-button(left,right,scrol...","4.4","13443","499.00","1290.00","Accessories","Budget","Good","Very Popular"
"OnePlus Buds Z2 Bluetooth Truly Wireless in Ear Earbuds with mic, Active Noise Cancellation, 10 Minutes Flash Charge & Upt...","4.2","17005","4999.00","5999.00","Mobile Phone","Economy","Good","Very Popular"
"Boult Audio Curve ANC Wireless in Ear Wireless Earphones with 25dB Active Noise Cancellation, ENC Mic, 30H Playtime, 60ms ...","3.8","104356","1499.00","5499.00","Other","Economy","Average","Very Popular"
"Classmate Long Notebook - 140 Pages, Single Line, 297Mm X 210Mm (Pack Of 12)","4.4","3335","549.00","720.00","Laptop","Budget","Good","Moderate"
"Boult Audio ZCharge Wireless in Ear Bluetooth Neckband with ENC Mic, 40H Playtime, Type-C Fast Charging (10Mins=15Hrs Play...","3.8","21249","1199.00","4999.00","Other","Economy","Average","Very Popular"
"Echo Dot (4th Gen, 2020 release)| Smart speaker with Alexa (White)","4.4","53963","3499.00","4499.00","Speakers","Economy","Good","Very Popular"
"boAt Wave Call Smart Watch, Smart Talk with Advanced Dedicated Bluetooth Calling Chip, 1.69 HD Display with 550 NITS & 70%...","3.8","23231","1999.00","7990.00","Monitor","Economy","Average","Very Popular"
"SanDisk Cruzer Blade SDCZ50-016G-135 16 GB USB 2.0 Pen Drive (Red)","4.2","74129","259.00","450.00","Other","Budget","Good","Very Popular"
"Sounce USB 3.0 to Type-C OTG Cable Male-Female Adapter Compatible with All C Type Supported Mobile Smartphone and Other De...","4.0","6070","129.00","499.00","Mobile Phone","Budget","Good","Popular"
"TECHONTO 360° Degree Cell Phone Holder with Adjustable Clamp Phone Tripod Mount Adapter Compatible with Smartphones & All ...","4.3","2241","195.00","699.00","Mobile Phone","Budget","Good","Moderate"
"Mi 33W SonicCharge 2.0 USB Charger|Wall Charger Adapter with USB to Type-C Cable Included|Fast Charging|QC Charging|(Adapt...","4.3","2122","950.00","1999.00","Accessories","Budget","Good","Moderate"
"boAt Dual Port Rapid Car Charger (Qualcomm Certified) with Quick Charge 3.0 + Free Micro USB Cable - (Black)","4.3","38794","449.00","999.00","Accessories","Budget","Good","Very Popular"
"pTron Tangent Duo Bluetooth 5.2 Wireless in Ear Earphones, 13mm Driver, Deep Bass, HD Calls, Fast Charging Type-C Neckban...","4.1","336","499.00","1899.00","Other","Budget","Good","Low"
"OnePlus 10R 5G (Sierra Black, 8GB RAM, 128GB Storage, 80W SuperVOOC)","4.3","12400","31999.00","38999.00","Mobile Phone","Premium","Good","Very Popular"
"realme Buds Wireless 2 Neo Bluetooth in Ear Earphones with Mic, Fast Charging & Up to 17Hrs Playtime (Blue)","4.0","48451","1299.00","2499.00","Mobile Phone","Economy","Good","Very Popular"
"ELV Aluminum Adjustable Mobile Phone Foldable Tabletop Stand Dock Mount for All Smartphones, Tabs, Kindle, iPad (Black)","4.5","29730","269.00","1499.00","Mobile Phone","Budget","Excellent","Very Popular"
"boAt Stone 620 Bluetooth Speaker with 12W RMS Stereo Sound, 10HRS Playtime, TWS Feature, IPX4, Multi-Compatibility Mode(Bl...","4.1","2957","1999.00","3990.00","Earbuds","Economy","Good","Moderate"
"boAt Rockerz 450 Pro Bluetooth On Ear Headphones with Mic with 70 Hours Battery, 40Mm Drivers, Bluetooth V5.0 Padded Ear C...","4.1","111019","1999.00","3990.00","Headphones","Economy","Good","Very Popular"
"Noise Newly Launched Twist Bluetooth Calling Smart Watch with 1.38"" TFT Biggest Display, Up-to 7 Days Battery, 100+ Watch ...","4.1","1492","1999.00","4999.00","Monitor","Economy","Good","Moderate"
"realme narzo 50 5G (Hyper Blue, 4GB RAM+64GB Storage) Dimensity 810 5G Processor | 48MP Ultra HD Camera","4.2","3327","13499.00","17999.00","Mobile Phone","Mid Range","Good","Moderate"
"boAt Airdopes 190 True Wireless in Ear Earbuds with Beast Mode(50ms) for Gaming, 40H Playtime, Breathing LEDs, Signature S...","3.8","3597","1499.00","3499.00","Earbuds","Economy","Average","Moderate"
"SUPER TOY Multicolor LCD Graphic Writing Tablet 8.5Inch E-Note Pad Best Birthday Gift for Kids Boys Girls","4.5","129","225.00","799.00","Tablet","Budget","Excellent","Low"
"Samsung 7 kg Fully-Automatic Top Loading Washing Machine (WA70A4002GS/TL, Imperial Silver, Diamond drum)","4.4","24086","15790.00","21000.00","Other","Mid Range","Good","Very Popular"
"ZEBRONICS Zeb-Evolve BTv5.0, Voice Assistant, Rapid Charge, Dual Pairing, Call Function, Magnetic Earpiece Bluetooth Wirel...","3.6","5269","499.00","1499.00","Other","Budget","Average","Popular"
"Western Digital WD Green SATA 240GB, Up to 545MB/s, 2.5 Inch/7 mm, 3Y Warranty, Internal Solid State Drive (SSD) (WDS240G3...","4.4","6894","1336.00","4000.00","Other","Economy","Good","Popular"
"pTron Pride Lite HBE (High Bass Earphones) in Ear Wired Earphones with Mic, 10mm Powerful Driver for Stereo Audio, Noise C...","3.6","58623","199.00","749.00","Other","Budget","Average","Very Popular"
"Boult Audio FXCharge Wireless in Ear Bluetooth Neckband with ENC Mic, 32H Playtime, Type-C Fast Charging (5Mins=7.5Hrs Pla...","3.8","21249","999.00","4499.00","Other","Budget","Average","Very Popular"
"SanDisk Ultra® microSDXC™ UHS-I Card, 256GB, 150MB/s R, 10 Y Warranty, for Smartphones","4.4","71768","1659.00","3500.00","Mobile Phone","Economy","Good","Very Popular"
"Noise Buds VS104 in-Ear Truly Wireless Earbuds with 30H of Playtime, Instacharge(10 min=150 min), 13mm Driver, Mic, Hyper ...","3.9","13949","1199.00","3499.00","Earbuds","Economy","Average","Very Popular"
"boAt Airdopes 172 True Wireless in Ear Earbuds with Enx Tech, Beast Mode, 35H Playtime, 11mm Drivers, ASAP Charge, IPX4, I...","3.8","48615","1199.00","2990.00","Earbuds","Economy","Average","Very Popular"
"Redmi Note 11 (Horizon Blue, 6GB RAM, 128GB Storage)|90Hz FHD+ AMOLED Display | Qualcomm® Snapdragon™ 680-6nm | 33W Charge...","4.1","53671","14999.00","19999.00","Mobile Phone","Mid Range","Good","Very Popular"
"Cello Signature Carbon Ball Pen | Blue Ball Pen | Pack of 1 | Premium Ball Pens | Best Ball Pen for Smooth Writing | Gifti...","4.3","9720","135.00","200.00","Other","Budget","Good","Popular"
"JBL Tune 215BT, 16 Hrs Playtime with Quick Charge, in Ear Bluetooth Wireless Earphones with Mic, 12.5mm Premium Earbuds wi...","3.7","84439","1499.00","2999.00","Earbuds","Economy","Average","Very Popular"
"HP 678 Black Ink Advantage Cartridge (CZ107AA)","4.1","20941","810.00","850.00","Other","Budget","Good","Very Popular"
"SanDisk Ultra Dual Drive Luxe USB Type C Flash Drive (Silver, 128 GB, 5Y - SDDDC4-128G-I35)","4.3","24098","1249.00","3000.00","Other","Economy","Good","Very Popular"
"Ambrane 20000mAh Power Bank with 20W Fast Charging, Triple Output, Power Delivery, Type C Input, Made in India, Multi-Laye...","4.0","19782","1799.00","2499.00","Accessories","Economy","Good","Very Popular"
"Zebronics Zeb-Power Wired USB Mouse, 3-Button, 1200 DPI Optical Sensor, Plug & Play, for Windows/Mac","4.0","5325","149.00","249.00","Accessories","Budget","Good","Popular"
"pTron Pride Lite HBE (High Bass Earphones) in Ear Wired Earphones with Mic, 10mm Powerful Driver for Stereo Audio, Noise C...","3.6","58623","199.00","899.00","Other","Budget","Average","Very Popular"
"Ambrane Wired in Ear Earphones with in-line Mic for Clear Calling, 14mm Dynamic Drivers for BoostedBass, 3.5mm Jack, Mult...","3.7","122","299.00","449.00","Other","Budget","Average","Low"
"iQOO Neo 6 5G (Dark Nova, 8GB RAM, 128GB Storage) | Only Snapdragon 870 in The Segment | 50% Charge in Just 12 Mins | 90 F...","4.4","22194","28999.00","34999.00","Other","Premium","Good","Very Popular"
"realme narzo 50i Prime (Mint Green 3GB RAM+32GB Storage) Octa-core Processor | 5000 mAh Battery","4.0","2773","7499.00","8999.00","Mobile Phone","Mid Range","Good","Moderate"
"Boult Audio Probass Curve Bluetooth Wireless in Ear Earphones with Mic with Ipx5 Water Resistant, 12H Battery Life & Extra...","3.8","104356","799.00","4499.00","Other","Budget","Average","Very Popular"
"boAt Wave Style with 1.69"" Square HD Display, HR & SpO2 Monitoring, 7 Days Battery Life, Multiple Watch Faces, Crest App H...","3.9","4170","1099.00","5990.00","Monitor","Economy","Average","Moderate"
"boAt Rockerz 550 Bluetooth Wireless Over Ear Headphones with Upto 20 Hours Playback, 50MM Drivers, Soft Padded Ear Cushion...","4.2","33661","1999.00","4999.00","Headphones","Economy","Good","Very Popular"
"Digitek DTR 550 LW (67 Inch) Tripod For DSLR, Camera |Operating Height: 5.57 Feet | Maximum Load Capacity up to 4.5kg | Po...","4.4","15576","1549.00","2495.00","Camera","Economy","Good","Very Popular"
"MemeHo® Smart Standard Multi-Purpose Laptop Table with Dock Stand/Study Table/Bed Table/Foldable and Portable/Ergonomic & ...","4.2","26468","697.00","1499.00","Laptop","Budget","Good","Very Popular"
"Boult Audio Powerbuds True Wireless in Ear Earbuds with 120H Playtime, in-Built Powerbank, Type-C Fast Charging, Made in I...","3.7","29462","1499.00","8999.00","Earbuds","Economy","Average","Very Popular"
"Noise ColorFit Pulse Grand Smart Watch with 1.69"" HD Display, 60 Sports Modes, 150 Watch Faces, Spo2 Monitoring, Call Noti...","4.0","99693","1499.00","3999.00","Monitor","Economy","Good","Very Popular"
"Portronics Toad One Wireless 2.4GHz & Bluetooth Connectivity Optical Mouse with 7 Colors RGB Lights, Rechargeable Battery(...","4.1","128","599.00","1499.00","Accessories","Budget","Good","Low"
"Portronics Adapto 20 Type C 20W Fast PD/Type C Adapter Charger with Fast Charging for iPhone 12/12 Pro/12 Mini/12 Pro Max/...","4.1","9338","529.00","1499.00","Mobile Phone","Budget","Good","Popular"
"Redmi Note 11T 5G (Stardust White, 8GB RAM, 128GB ROM) | Dimensity 810 5G | 33W Pro Fast Charging | Charger Included | Add...","4.1","33330","18499.00","22999.00","Mobile Phone","Mid Range","Good","Very Popular"
"boAt Rockerz 330 in-Ear Bluetooth Neckband with Upto 30 Hours Playtime, ASAP Charge, Signature Sound, Dual Pairing & IPX5...","4.1","114951","1199.00","3990.00","Other","Economy","Good","Very Popular"
"TP-Link Tapo 360° 3MP 2304 Full HD 1296P Video Pan/Tilt Smart Wi-Fi Security Camera | Alexa Enabled | 2-Way Audio| Night V...","4.2","99243","2999.00","3599.00","Camera","Economy","Good","Very Popular"
"truke Buds BTG 1 Bluetooth Truly Wireless Gaming in Ear Earbuds with (ENC) & Quad MEMS Mic for Clear Calls, 13mm Titanium ...","4.0","1699","1099.00","3499.00","Earbuds","Economy","Good","Moderate"
"Samsung Galaxy M04 Dark Blue, 4GB RAM, 128GB Storage | Upto 8GB RAM with RAM Plus | MediaTek Helio P35 | 5000 mAh Battery","4.0","1754","9499.00","13499.00","Mobile Phone","Mid Range","Good","Moderate"
"Ant Esports MP290 Gaming Mouse Pad-L- Large with Stitched Edges, Waterproof Non-Slip Base for Gaming & Office – Black","4.5","183","199.00","999.00","Accessories","Budget","Excellent","Low"
"Onsitego 1 year Extended Warranty for Small Appliances up to Rs 5000 (Email Delivery - No Physical Kit)","3.9","15662","161.00","849.00","Other","Budget","Average","Very Popular"
"SanDisk Extreme microSD UHS I Card 128GB for 4K Video on Smartphones,Action Cams 190MB/s Read,90MB/s Write","4.5","21982","1198.00","2900.00","Mobile Phone","Economy","Excellent","Very Popular"
"realme Buds Wireless 2S in Ear Earphone with mic, Dual Device Switching & Type C Fast Charge & Up to 24Hrs Playtime, Bluet...","4.0","48451","1499.00","2999.00","Mobile Phone","Economy","Good","Very Popular"
"Samsung 108 cm (43 inches) Crystal 4K Neo Series Ultra HD Smart LED TV UA43AUE65AKXXL (Black)","4.3","7879","29990.00","47900.00","Television","Premium","Good","Popular"
"Ambrane Unbreakable 3 in 1 Fast Charging Braided Multipurpose Cable for Speaker with 2.1 A Speed - 1.25 meter, Black","4.0","3042","299.00","399.00","Speakers","Budget","Good","Moderate"
"Beetel M59 Caller Id Corded Landline Phone With 16 Digit Lcd Display & Adjustable Contrast,10 One Touch Memory Buttons,2Wa...","4.0","9732","1248.00","1399.00","Monitor","Economy","Good","Popular"
"Samsung 108 cm (43 inches) Crystal 4K Series Ultra HD Smart LED TV UA43AUE60AKLXL (Black)","4.3","7879","28990.00","52900.00","Television","Premium","Good","Popular"
"Amazon Basics High-Speed HDMI Cable - 10 Feet (Latest Standard) - Supports Ethernet, 3D, 4K video,Black","4.4","437651","379.00","995.00","Other","Budget","Good","Very Popular"
"FEDUS Cat6 Ethernet Cable, 10 Meter High Speed 550MHZ / 10 Gigabit Speed UTP LAN Cable, Network Cable Internet Cable RJ45 ...","4.4","9050","199.00","4499.00","Other","Budget","Good","Popular"
"Redmi 11 Prime 5G (Thunder Black, 4GB RAM, 64GB Storage) | Prime Design | MTK Dimensity 700 | 50 MP Dual Cam | 5000mAh | 7...","3.9","3495","13499.00","15999.00","Mobile Phone","Mid Range","Average","Moderate"
"OPPO A31 (Mystery Black, 6GB RAM, 128GB Storage) with No Cost EMI/Additional Exchange Offers","4.2","59253","12490.00","15990.00","Mobile Phone","Mid Range","Good","Very Popular"
"HP 330 Wireless Black Keyboard and Mouse Set with Numeric Keypad, 2.4GHz Wireless Connection and 1600 DPI, USB Receiver, L...","3.8","618","1199.00","2199.00","Accessories","Economy","Average","Low"
"Mivi Roam 2 Bluetooth 5W Portable Speaker,24 Hours Playtime,Powerful Bass, Wireless Stereo Speaker with Studio Quality Sou...","4.3","36230","1199.00","2999.00","Speakers","Economy","Good","Very Popular"
"FUR JADEN Anti Theft Number Lock Backpack Bag with 15.6 Inch Laptop Compartment, USB Charging Port & Organizer Pocket for ...","3.9","3092","689.00","2000.00","Laptop","Budget","Average","Moderate"
"pTron Tangent Lite Bluetooth 5.0 Earphones with Mic, Hi-Fi Stereo Sound Neckband, 8Hrs Playtime, Lightweight Snug-fit in-E...","3.5","85214","599.00","1800.00","Other","Budget","Average","Very Popular"
"Canon Compatible for Canon GI-790 Ink Bottle (Black)","4.4","5341","499.00","561.00","Other","Budget","Good","Popular"
"RESONATE RouterUPS CRU12V2A | Zero Drop | UPS for WiFi Router | Mini UPS | Up to 4 Hours PowerBackup | Battery Replacement...","4.3","20678","1999.00","2911.00","Networking","Economy","Good","Very Popular"
"Ambrane Mobile Holding Tabletop Stand, 180 Perfect View, Height Adjustment, Wide Compatibility, Multipurpose, Anti-Skid De...","4.2","2651","249.00","499.00","Mobile Phone","Budget","Good","Moderate"
"Tecno Spark 9 (Sky Mirror, 6GB RAM,128GB Storage) | 11GB Expandable RAM | Helio G37 Gaming Processor","3.8","4039","9499.00","13499.00","Other","Mid Range","Average","Moderate"
"iQOO Neo 7 5G (Interstellar Black, 8GB RAM, 128GB Storage) | Dimensity 8200, only 4nm Processor in The Segment| 50% Charge...","4.2","667","29999.00","34999.00","Other","Premium","Good","Low"
"Oppo Enco Air 2 Pro Bluetooth Truly Wireless in Ear Earbuds with Mic, Fast Charging & Up to 28Hrs - Grey","4.2","1804","3499.00","4999.00","Mobile Phone","Economy","Good","Moderate"
"boAt Rockerz 450 Bluetooth On Ear Headphones with Mic, Upto 15 Hours Playback, 40MM Drivers, Padded Ear Cushions, Integrat...","4.1","111019","1499.00","3990.00","Headphones","Economy","Good","Very Popular"
"Gizga Essentials Earphone Carrying Case, Multi-Purpose Pocket Storage Travel Organizer for Earphones, Headset, Pen Drives,...","4.3","15505","119.00","499.00","Headphones","Budget","Good","Very Popular"
"Nokia 105 Plus Single SIM, Keypad Mobile Phone with Wireless FM Radio, Memory Card Slot and MP3 Player | Charcoal","3.9","1887","1359.00","1699.00","Mobile Phone","Economy","Average","Moderate"
"Zebronics ZEB-COUNTY 3W Wireless Bluetooth Portable Speaker With Supporting Carry Handle, USB, SD Card, AUX, FM & Call Fun...","3.9","66450","549.00","999.00","Speakers","Budget","Average","Very Popular"
"JBL Commercial CSLM20B Auxiliary Omnidirectional Lavalier Microphone With Battery For Content Creation, Voiceover/Dubbing,...","3.9","8326","949.00","2000.00","Other","Budget","Average","Popular"
"Canon PG-745s (Small) Ink Cartridge (Black)","3.9","7903","686.00","722.00","Other","Budget","Average","Popular"
"Sounce Case Silicone Cover, Compatible with Keychain for Oneplus Nord Buds Full Protection Shockproof Case Cover Anti Fall...","4.2","680","199.00","999.00","Mobile Phone","Budget","Good","Low"
"Duracell Specialty CR2025 Lithium Coin Battery 3V, Pack of 5 Suitable for use in keyfobs, Scales, wearables and Medical De...","4.4","481","133.00","200.00","Other","Budget","Good","Low"
"Fire-Boltt Ninja 3 1.83"" Display Smartwatch Full Touch with 100+ Sports Modes with IP68, Sp02 Tracking, Over 100 Cloud Bas...","4.2","27438","1299.00","9999.00","Monitor","Economy","Good","Very Popular"
"FACTOR NOTES Notebook: 90 GSM, B6, Ruled, 112 Pages Journal Diary (Little Things in Life)","4.2","6674","98.00","199.00","Laptop","Budget","Good","Popular"
"Spigen Lithium Polymer 10000 mAh 3 in 1 Wireless Charging Power Bank with USB-A | USB-C 20W Fast Charging - Black","3.9","2640","2399.00","3999.00","Accessories","Economy","Average","Moderate"
"Acer EK220Q 21.5 Inch (54.61 Cm) Full HD (1920x1080 Pixels) VA Panel LCD Monitor with LED Back Light I 250 Nits I HDMI, VG...","4.2","2520","6249.00","13750.00","Mobile Phone","Mid Range","Good","Moderate"
"Spigen EZ Fit Tempered Glass Screen Protector Guard for iPhone 14/13/13 Pro - 2 Pack","4.6","28528","1199.00","2899.00","Mobile Phone","Economy","Excellent","Very Popular"
"WeCool B1 Mobile Holder for Bikes or Bike Mobile Holder for Maps and GPS Navigation, one Click Locking, Firm Gripping, Ant...","4.3","1550","699.00","1999.00","Mobile Phone","Budget","Good","Moderate"
"boAt Wave Call Smart Watch, Smart Talk with Advanced Dedicated Bluetooth Calling Chip, 1.69” HD Display with 550 NITS & 7...","3.8","23231","1999.00","7990.00","Monitor","Economy","Average","Very Popular"
"Redmi 9A Sport (Carbon Black, 2GB RAM, 32GB Storage) | 2GHz Octa-core Helio G25 Processor | 5000 mAh Battery","4.1","319396","6499.00","7999.00","Mobile Phone","Mid Range","Good","Very Popular"
"Mi 5V Charger|10W Wall Charger with USB Cable|Compatible for Mobile, Headphones, TWS, Game Console, Power Banks|Fast Charg...","4.2","22257","499.00","599.00","Mobile Phone","Budget","Good","Very Popular"
"boAt Bassheads 220 Wired in Ear Earphones(Indi Blue)","4.1","276491","399.00","999.00","Other","Budget","Good","Very Popular"
"ZEBRONICS Zeb-Thunder Wireless Bluetooth Over The Ear Headphone, FM, mSD, 9 hrs Playback with Mic (Blue)","3.8","62424","549.00","1399.00","Headphones","Budget","Average","Very Popular"
"Tribit XSound Go 16W 5.0 Bluetooth Speaker with Loud Sound & Rich Bass, 24H Playtime, IPX7 Waterproof, Wireless Stereo Pai...","4.4","5487","2699.00","3499.00","Speakers","Economy","Good","Popular"
"GIZGA Essentials Portable Tabletop Tablet Stand Mobile Holder, Desktop Stand, Cradle, Dock for iPad, Smartphone, Kindle, ...","4.1","26037","139.00","499.00","Mobile Phone","Budget","Good","Very Popular"
"Tizum High Speed HDMI Cable with Ethernet | Supports 3D 4K | for All HDMI Devices Laptop Computer Gaming Console TV Set To...","4.2","12457","199.00","699.00","Laptop","Budget","Good","Very Popular"
"Kanget [2 Pack] Type C Female to USB A Male Charger | Charging Cable Adapter Converter compatible for iPhone 14, 13, 12,11...","3.9","1833","149.00","499.00","Mobile Phone","Budget","Average","Moderate"
"Half Moon 35 L Waterproof Laptop College School Office Bag Backpack for Men Women Boys Girls with 15.6 inch Padded Laptop ...","3.9","15218","689.00","1799.00","Laptop","Budget","Average","Very Popular"
"Doubledicestore Tempered Glass Screen Protector Compatible for iPhone XR / 11 with Edge to Edge Coverage and Easy Installa...","4.2","2538","149.00","599.00","Mobile Phone","Budget","Good","Moderate"
"wipro Ns9400 9-Watt B22D Wifi Smart Led Bulb With Music Sync Compatible With Amazon Alexa And Google Assistant ( Warm Whit...","4.1","117200","616.96","2099.00","Networking","Budget","Good","Very Popular"
"LG 80 cm (32 inches) HD Ready Smart LED TV 32LM563BPTC (Dark Iron Gray)","4.3","12510","13990.00","21990.00","Television","Mid Range","Good","Very Popular"
"Quantum QHM6633 4-Port Hi-Speed USB Hub with 480 Mbps Speed (Multicolor)","3.9","19674","179.00","325.00","Other","Budget","Average","Very Popular"
"Samsung Galaxy M33 5G (Emerald Brown, 8GB, 128GB Storage) | 6000mAh Battery | 16GB RAM with RAM Plus | Travel Adapter to b...","4.1","24863","17499.00","25999.00","Mobile Phone","Mid Range","Good","Very Popular"
"Oppo Enco Air 2 Pro Bluetooth Truly Wireless in Ear Earbuds with Mic - White","4.2","1804","3499.00","4999.00","Mobile Phone","Economy","Good","Moderate"
"MAONO AU-400 Lavalier Auxiliary Omnidirectional Microphone (Black)","3.8","20731","489.00","699.00","Other","Budget","Average","Very Popular"
"Portronics Ruffpad 8.5M Multicolor LCD Writing Pad with Screen 21.5cm (8.5-inch) for Drawing, Playing, Handwriting Gifts f...","4.0","3605","348.00","999.00","Other","Budget","Good","Moderate"
"Orpat OT-512GT Calculator (Black)","4.0","10110","245.00","395.00","Other","Budget","Good","Very Popular"
"ZEBRONICS Zeb-Thunder Bluetooth Wireless Over Ear Headphone FM, mSD, 9 hrs Playback with Mic (Black)","3.8","62424","641.00","1399.00","Headphones","Budget","Average","Very Popular"
"TAGG Verve Sense Smartwatch with 1.70'' Large Display, Real SPO2, and Real-Time Heart Rate Tracking, 7 Days Battery Backu...","3.7","2068","999.00","6999.00","Monitor","Budget","Average","Moderate"
"pTron Volta 12W Fast Charging USB Wall Charger with 1m Micro USB Cable, Made in India, BIS Certified Single Port USB Wall ...","4.2","212","199.00","1699.00","Accessories","Budget","Good","Low"
"Zebronics Zeb-Warrior 2.0 Multimedia Speaker With Aux Connectivity,USB Powered And Volume Control","4.1","19440","699.00","1249.00","Speakers","Budget","Good","Very Popular"
"Tukzer Capacitive Stylus Pen for Touch Screens Devices, Fine Point, Lightweight Metal Body with Magnetism Cover Cap for Sm...","3.8","17369","349.00","999.00","Other","Budget","Average","Very Popular"
"AirCase Protective Laptop Bag Sleeve fits Upto 13.3"" Laptop/ MacBook, Wrinkle Free, Padded, Waterproof Light Neoprene case...","4.4","9242","446.00","999.00","Laptop","Budget","Good","Popular"
"Ambrane 20000mAh Power Bank, 20W Fast Charging, Tripe Output, Type C PD (Input & Output), Quick Charge, Li-Polymer, Multi-...","4.0","19782","1799.00","2499.00","Accessories","Economy","Good","Very Popular"
"iPhone Original 20W Charger Type C Adapter for iPhone 14/ 14 Plus/ 14 Pro/ 14 Pro Max, iPhone 13/13 Pro/13 Pro Max/13 Min...","4.6","307","799.00","1599.00","Mobile Phone","Budget","Excellent","Low"
"realme narzo 50i Prime (Mint Green 4GB RAM+64GB Storage) Octa-core Processor |5000 mAh Battery","4.0","2773","8499.00","9999.00","Mobile Phone","Mid Range","Good","Moderate"
"Wesley Milestone 2.0 Casual Waterproof Laptop Backpack/Office Bag/School Bag/College Bag/Business Bag/Travel Backpack (Dim...","4.3","9749","565.00","1199.00","Laptop","Budget","Good","Popular"
"Cello Finegrip Ball Pen | Blue Ball Pens | Jar of 25 Units | Best Ball Pens for Smooth Writing | Ball Point Pen Set  | Pen...","4.2","20080","134.00","175.00","Other","Budget","Good","Very Popular"
"smashtronics - Adjustable Aluminum Laptop Stand - Foldable, Ventilated, Portable Stand for Desk & Tabletop, Compatible wit...","4.3","2273","499.00","1499.00","Laptop","Budget","Good","Moderate"
"Duracell 36W Fast Car Charger Adapter with Dual USB Port. Qualcomm Certified 3.0, Quick Charge. Compatible with iPhone, Al...","4.4","4071","772.00","1599.00","Mobile Phone","Budget","Good","Moderate"
"Tecno POP 7 Pro (Uyuni Blue, 2GB RAM,64GB Storage) | Type C Port | 12MP Dual Camera | Up to 4GB RAM with Memory Fusion","4.4","6","7299.00","7999.00","Camera","Mid Range","Good","Low"
"CROSSVOLT Tough Rugged TPU Cover Case for Airpods Pro (2019) - Matte Black","4.3","1279","284.00","999.00","Earbuds","Budget","Good","Moderate"
"Fire-Boltt Ring 3 Smart Watch 1.8"" Biggest Display Advanced Bluetooth Calling Chip, Voice Assistance,118 Sports Modes, in ...","4.2","24154","1999.00","9999.00","Monitor","Economy","Good","Very Popular"
"Portronics Portable RuffPad E-Writer 21.59Cm (8.5-inch) LCD with App Support, 4 Magnet, Stylus Drawing Handwriting Board, ...","3.9","20410","288.00","899.00","Other","Budget","Average","Very Popular"
"iQOO Z6 44W by vivo (Lumina Blue, 6GB RAM, 128GB Storage) | 6.44"" FHD+ AMOLED Display | 50% Charge in just 27 mins | in-Di...","4.1","22254","15999.00","20999.00","Mobile Phone","Mid Range","Good","Very Popular"
"Hp Wired On Ear Headphones With Mic With 3.5 Mm Drivers, In-Built Noise Cancelling, Foldable And Adjustable For Laptop/Pc/...","3.5","7475","789.00","999.00","Laptop","Budget","Average","Popular"
"Duracell USB Lightning Apple Certified (Mfi) Braided Sync & Charge Cable For Iphone, Ipad And Ipod. Fast Charging Lightnin...","4.4","1406","970.00","1799.00","Mobile Phone","Budget","Good","Moderate"
"Wipro 3 way multiplug with built in Surge Protector","4.3","2307","136.00","300.00","Other","Budget","Good","Moderate"
"boAt Stone 180 5W Bluetooth Speaker with Upto 10 Hours Playback, 1.75"" Driver, IPX7 & TWS Feature(Blue)","4.1","18836","939.00","2490.00","Earbuds","Budget","Good","Very Popular"
"HP v236w 32GB USB 2.0 Pen Drive, Grey","4.2","66790","364.00","750.00","Other","Budget","Good","Very Popular"
"Redgear MP35 Speed-Type Gaming Mousepad (Black/Red)","4.6","34185","219.00","550.00","Accessories","Budget","Excellent","Very Popular"
"boAt A 350 Type C Cable for Personal Computer, 1.5m (Black)","4.3","29153","299.00","799.00","Other","Budget","Good","Very Popular"
"boAt Deuce USB 300 2 in 1 Type-C & Micro USB Stress Resistant, Sturdy Cable with 3A Fast Charging & 480mbps Data Transmiss...","4.2","96230","269.00","699.00","Other","Budget","Good","Very Popular"
"Sony WI-XB400 Wireless Extra Bass in-Ear Headphones with 15 hrs Battery, Quick Charge, Magnetic Earbuds, Tangle Free Cord,...","4.1","47649","2990.00","4990.00","Earbuds","Economy","Good","Very Popular"
"boAt Bassheads 220 Wired in Ear Earphones with Mic(Raging Red)","4.1","276491","399.00","999.00","Other","Budget","Good","Very Popular"
"Noise ColorFit Pulse Grand Smart Watch with 1.69""(42.9cm) HD Display, 60 Sports Modes, 150 Watch Faces, Fast Charge, Spo2,...","4.0","99693","1299.00","3999.00","Monitor","Economy","Good","Very Popular"
"Zinq Five Fan Cooling Pad and Laptop Stand with Dual Height Adjustment and Dual USB Port Extension (Black)","4.2","28085","1099.00","1999.00","Laptop","Economy","Good","Very Popular"
"boAt Rockerz 450 Pro Bluetooth Wireless On Ear Headphones with Mic with 70 Hours Battery, 40Mm Drivers, Bluetooth V5.0 Pad...","4.1","111019","1599.00","3990.00","Headphones","Economy","Good","Very Popular"
"Portronics Key2 Combo Multimedia USB Wireless Keyboard and Mouse Set with 2.4 GHz Wireless Technology, Soft & Silent Butto...","4.1","10863","999.00","1499.00","Accessories","Budget","Good","Very Popular"
"truke Buds F1 Bluetooth Truly Wireless in Ear Earbuds with mic, 48H Playtime, Instant Paring, Exceptional Sound with AAC C...","3.8","2975","899.00","2499.00","Earbuds","Budget","Average","Moderate"
"boAt Newly Launched Wave Call Plus with 1.83"" HD Display, ENx™ Tech(Clear Calls),Advanced Bluetooth Calling,Hindi & Englis...","4.4","232","1999.00","7999.00","Monitor","Economy","Good","Low"
"Duracell Rechargeable AA 1300mAh Batteries, 4Pcs","4.3","12267","479.00","599.00","Other","Budget","Good","Very Popular"
"3M Scotch Scissors | 6"" Multipurpose | Comfort Grip Handle and Stainless Steel Blades | Paper, Photos, Crafts","4.4","3978","174.00","229.00","Other","Budget","Good","Moderate"
"NoiseFit Force Rugged Round Dial Bluetooth Calling Smart Watch with 1.32"" HD Screen, Functional Crown, 550 NITS, 7 Days Ba...","3.9","588","2999.00","5999.00","Smartwatch","Economy","Average","Low"
"Samsung Galaxy M53 5G (Deep Ocean Blue, 8GB, 128GB Storage) | 108MP | sAmoled+ 120Hz | 16GB RAM with RAM Plus | Travel Ada...","3.9","9708","23999.00","34999.00","Mobile Phone","Premium","Average","Popular"
"Noise Buds VS201 V2 in-Ear Truly Wireless Earbuds with Dual Equalizer | with Mic | Total 14-Hour Playtime | Full Touch Con...","3.7","15983","999.00","2999.00","Earbuds","Budget","Average","Very Popular"
"Canon CL57s Ink Cartridge","4.2","9454","756.00","799.00","Other","Budget","Good","Popular"
"Robustrion Tempered Glass Screen Protector for iPad 10.2 inch 9th Gen Generation 2021 8th Gen 2020 7th Gen 2019","4.1","6005","399.00","1499.00","Tablet","Budget","Good","Popular"
"DIGITEK® (DRL-14C) Professional (31cm) Dual Temperature LED Ring Light with Tripod Stand & Mini Tripod for YouTube, Photo-...","4.1","13853","1699.00","3495.00","Other","Economy","Good","Very Popular"
"Fire-Boltt Visionary 1.78"" AMOLED Bluetooth Calling Smartwatch with 368 * 448 Pixel Resolution, Rotating Crown & 60Hz Refr...","4.3","21906","3799.00","17999.00","Mobile Phone","Economy","Good","Very Popular"
"boAt Stone 250 Portable Wireless Speaker with 5W RMS Immersive Audio, RGB LEDs, Up to 8HRS Playtime, IPX7 Water Resistanc...","4.2","3106","999.00","3990.00","Speakers","Budget","Good","Moderate"
"Fire-Boltt India's No 1 Smartwatch Brand Talk 2 Bluetooth Calling Smartwatch with Dual Button, Hands On Voice Assistance, ...","4.2","34718","1799.00","9999.00","Smartwatch","Economy","Good","Very Popular"
"Oppo F21s Pro 5G (Dawnlight Gold, 8GB RAM, 128 Storage) with No Cost EMI/Additional Exchange Offers","3.9","618","25999.00","31999.00","Mobile Phone","Premium","Average","Low"
"iQOO Z6 44W by vivo (Raven Black, 4GB RAM, 128GB Storage) | 6.44"" FHD+ AMOLED Display | 50% Charge in just 27 mins | in-Di...","4.1","22254","14499.00","19999.00","Mobile Phone","Mid Range","Good","Very Popular"
"TP-Link Archer C50 AC1200 Dual Band Wireless Cable Router, Wi-Fi Speed Up to 867 Mbps/5 GHz + 300 Mbps/2.4 GHz, Supports P...","4.3","70135","1999.00","2699.00","Networking","Economy","Good","Very Popular"
"Spigen EZ Fit Tempered Glass Screen Protector for iPhone 14 Pro Max - 2 Pack (Sensor Protection)","4.6","10969","1199.00","2899.00","Mobile Phone","Economy","Excellent","Very Popular"
"APC Back-UPS BX600C-IN 600VA / 360W, 230V, UPS System, an Ideal Power Backup & Protection for Home Office, Desktop PC & Ho...","3.9","16163","3300.00","4475.00","Other","Economy","Average","Very Popular"
"Kingston DataTraveler Exodia DTX/32 GB Pen Drive USB 3.2 Gen 1 (Multicolor)","4.2","23277","279.00","450.00","Other","Budget","Good","Very Popular"
"Boult Audio X30 True Wireless in Ear Earbuds with 40H Playtime, Quad Mic ENC, 45ms Xtreme Low Latency, Made in India, Typ...","3.9","5190","1499.00","4999.00","Earbuds","Economy","Average","Popular"
"iQOO Z6 5G by vivo (Dynamo Black, 4GB RAM, 128GB Storage) | Snapdragon 695-6nm Processor | 120Hz FHD+ Display | 5000mAh Ba...","4.0","22628","14499.00","19990.00","Mobile Phone","Mid Range","Good","Very Popular"
"TP-Link Tapo 360° 2MP 1080p Full HD Pan/Tilt Home Security Wi-Fi Smart Camera| Alexa Enabled| 2-Way Audio| Night Vision| M...","4.2","99243","2599.00","3299.00","Camera","Economy","Good","Very Popular"
"Tygot Gorilla Tripod/Mini 33 CM (13 Inch) Tripod for Mobile Phone with Phone Mount & Remote | Flexible Gorilla Stand for D...","3.9","24830","345.00","1999.00","Mobile Phone","Budget","Average","Very Popular"
"Redmi Note 12 5G Frosted Green 6GB RAM 128GB ROM | 1st Phone with 120Hz Super AMOLED and Snapdragon® 4 Gen 1 | 48MP AI Tri...","3.9","2092","19999.00","21999.00","Mobile Phone","Mid Range","Average","Moderate"
"ELV DIRECT Lightweight Metal Body Fine Point Capacitive Stylus Pen for Touchscreen Devices, , Compatible with All Smartpho...","4.1","3293","349.00","1499.00","Other","Budget","Good","Moderate"
"Oppo Enco Buds Bluetooth True Wireless in Ear Earbuds(TWS) with Mic, 24H Battery Life, Supports Dolby Atmos Noise Cancella...","4.1","20590","1699.00","3999.00","Mobile Phone","Economy","Good","Very Popular"
"Panasonic LR44 Alkaline Coin Battery - Pack of 10","4.4","27401","180.00","200.00","Other","Budget","Good","Very Popular"
"AmazonBasics Type C to Type C Braided 60W Fast Charging Data Cable (Black/Blackish Green - 1.2 Meter)","4.2","9452","299.00","599.00","Other","Budget","Good","Popular"
"Onsitego 1 Year Extended Warranty for Small Household Appliances from Rs. 1001-1500 (Email Delivery - No Physical Kit)","5.0","1","95.00","189.00","Other","Budget","Excellent","Low"
"Tarkan Portable Folding Laptop Desk for Bed, Lapdesk with Handle, Drawer, Cup & Mobile/Tablet Holder for Study, Eating, Wo...","4.3","2138","999.00","2499.00","Laptop","Budget","Good","Moderate"
"USM I8 Pro Max Smart Watch Latest Fitness Smart Watch, Bluetooth Function 50 Sports Mode Smartwatch for Mens & Women, Hear...","4.2","39","599.00","2499.00","Smartwatch","Budget","Good","Low"
"Qubo Car Dash Camera Pro Dash Cam from Hero Group | Made in India Dashcam | Full HD 1080p | Wide Angle View | G-Sensor | W...","4.2","2280","3590.00","5990.00","Camera","Economy","Good","Moderate"
"Spigen EZ Fit Tempered Glass Screen Protector for iPhone 14 Pro - 2 Pack (Sensor Protection)","4.6","8703","1199.00","2899.00","Mobile Phone","Economy","Excellent","Popular"
"Lava Blaze 5G (Glass Blue, 4GB RAM, UFS 2.2 128GB Storage) | 5G Ready | 50MP AI Triple Camera | Upto 7GB Expandable RAM | ...","4.1","1947","10999.00","14999.00","Camera","Mid Range","Good","Moderate"
"LS LAPSTER Quality Assured Universal Silicone 15.6"" Keyboard Protector Skin|| Keyboard Dust Cover|| Keyboard Skin for 15....","3.3","5954","115.00","999.00","Accessories","Budget","Average","Popular"
"OnePlus Nord Watch with 1.78” AMOLED Display, 60 Hz Refresh Rate, 105 Fitness Modes, 10 Days Battery, SPO2, Heart Rate, St...","3.9","1237","4999.00","6999.00","Mobile Phone","Economy","Average","Moderate"
"Portronics C-Konnect, 3-in-1 USB Type C Adapter to Project Screen of Your USB Type-C Enabled Device on a Large Screen of A...","4.1","7409","1199.00","1499.00","Accessories","Economy","Good","Popular"
"pTron Volta 12W USB Charger, Fast Charging, Made in India, BIS Certified Single Port USB Wall Adapter Without Cable for Al...","4.2","212","149.00","800.00","Accessories","Budget","Good","Low"
"pTron Bassbuds Sports V2 Bluetooth 5.3 Wireless Over Ear Headphone with Mic, Earhooks, 48Hrs Playtime, Snug-fit Design, EN...","3.4","1731","999.00","3199.00","Headphones","Budget","Average","Moderate"
"ENVIE® (AA10004PLNi-CD) AA Rechargeable Batteries, Low Self Discharge, AA 1000mAh Ni-CD (Pack of 4)","3.9","14356","250.00","395.00","Other","Budget","Average","Very Popular"
"Vero Forza Glide PRO (4 Piece) Thumb & Finger Sleeve for Mobile Game, Pubg,Cod,Freefire & Fortnite -Pack of 2 Pair- Black","3.9","5370","275.00","800.00","Mobile Phone","Budget","Average","Popular"
"ZEBRONICS Zeb Evolve Wireless Bluetooth in Ear Neckband Earphone, Rapid Charge, Dual Pairing, Magnetic earpiece,Voice Assi...","3.6","5269","549.00","1499.00","Other","Budget","Average","Popular"
"Skypearll Bluetooth Car Adapter, Mini USB Bluetooth 5.0 Transmitter Receiver Wireless 3.5mm Aux Jack Adapter Hands-Free Ca...","3.8","2528","349.00","499.00","Accessories","Budget","Average","Moderate"
"OneAssist 1 Year Extended Warranty Plan for Headphones 500 to 1000 - Email Delivery Within 2 Hours","3.8","629","89.00","199.00","Headphones","Budget","Average","Low"
"Apple iPhone 13 (128GB) - Starlight","4.6","13932","62999.00","79900.00","Mobile Phone","Luxury","Excellent","Very Popular"
"boAt Stone 135 Portable Wireless Speaker with 5W RMS Immersive Sound, IPX4 Water Resistance, True Wireless Feature, Up to ...","4.0","3209","899.00","1990.00","Speakers","Budget","Good","Moderate"
"Samsung Galaxy Tab A8 10.5 inches Display, RAM 3 GB, ROM 32 GB Expandable, Wi-Fi Tablets, Gray, (SM-X200NZAAINU)","4.3","3191","13999.00","21599.00","Mobile Phone","Mid Range","Good","Moderate"
"Gizga Essentials Professional 6-in-1 Cleaning Kit for Cameras & Sensitive Electronics (Includes: Air Blower, Cotton Swabs,...","4.2","25215","299.00","499.00","Camera","Budget","Good","Very Popular"
"Portronics Konnect L 1.2M POR-1401 Fast Charging 3A 8 Pin USB Cable with Charge & Sync Function (White)","4.1","5249","169.00","399.00","Other","Budget","Good","Popular"
"Western Digital WD 2TB My Passport Portable Hard Disk Drive, Compatible with Windows and Mac, External HDD-Black","4.4","74559","5699.00","7350.00","Other","Mid Range","Good","Very Popular"
"Portronics Clamp Y Adjustable Air Vent Mobile Holder for Car with 360° Rotational, One Click Release Button, Compatible wi...","4.0","19267","390.00","699.00","Mobile Phone","Budget","Good","Very Popular"
"TABLE MAGIC Multipurpose Laptop Table Mat Finish Top Work at Home Study Table (TM Regular- Black, Alloy Steel)","4.3","11329","1398.00","2490.00","Laptop","Economy","Good","Very Popular"
"HP F6V97AA#ACJ External USB DVD-RW Drive","4.4","10534","1666.00","2500.00","Other","Economy","Good","Very Popular"
"Nokia 2660 Flip 4G Volte keypad Phone with Dual SIM, Dual Screen, inbuilt MP3 Player & Wireless FM Radio | Black","3.7","933","4499.00","5899.00","Other","Economy","Average","Low"
"Sounce Cleaning Soft Brush Keyboard Cleaner 5-in-1 Multi-Function Computer Cleaning Tools Kit Corner Gap Duster Keycap Pul...","4.6","201","99.00","999.00","Accessories","Budget","Excellent","Low"
"STRIFF Laptop Stand Adjustable Laptop Computer Stand Multi-Angle Stand Phone Stand Portable Foldable Laptop Riser Notebook...","4.2","1145","349.00","1499.00","Laptop","Budget","Good","Moderate"
"iQOO Z6 44W by vivo (Lumina Blue, 4GB RAM, 128GB Storage) | 6.44"" FHD+ AMOLED Display | 50% Charge in just 27 mins | in-Di...","4.1","22254","14499.00","19999.00","Mobile Phone","Mid Range","Good","Very Popular"
"Reliance Smart - E-Gift Card - Flat 1% Off - Redeemable in Stores","4.2","51","500.00","5000.00","Other","Budget","Good","Low"
"ID-116 Smartwatch for Men's Womens Boys Girls, Bluetooth Smart Fitness Band Watch with Heart Rate Activity Tracker Step & ...","4.1","18","399.00","499.00","Smartwatch","Budget","Good","Low"
"Boult Audio Truebuds with 30H Playtime, IPX7 Waterproof, Made in India, Type C Fast Charging (10Min=100Mins), Rich Bass, P...","3.6","40367","1199.00","7999.00","Other","Economy","Average","Very Popular"
"AmazonBasics microSDHC Memory Card with Full Size Adapter, A1, U1, Read Speed up to 98 MB/s, 32GB","4.6","21342","339.00","900.00","Accessories","Budget","Excellent","Very Popular"
"Samsung Galaxy S20 FE 5G (Cloud Mint, 8GB RAM, 128GB Storage)","4.2","29302","29999.00","74999.00","Mobile Phone","Premium","Good","Very Popular"
"Amozo Designed for iPhone 14 Cover | Ultra Hybrid Drop and Camera Protection Back Cover Case for iPhone 14 (TPU + Polycarb...","4.3","256","284.00","1499.00","Mobile Phone","Budget","Good","Low"
"Logitech Pebble Wireless Mouse with Bluetooth or 2.4 GHz Receiver, Silent, Slim Computer Mouse with Quiet Clicks, for Lapt...","4.6","11250","1485.00","2295.00","Accessories","Economy","Excellent","Very Popular"
"Noise Fit Halo with Standard Strap, Bluetooth Calling Round Dial Smart Watch, 1.43"" AMOLED Display, Premium Metallic Buil...","4.1","134","3999.00","7990.00","Monitor","Economy","Good","Low"
"Sounce AirPods Pro Case, Soft Silicone Skin Case Cover Shock-Absorbing Protective Case with Keychain Compatible with AirPo...","3.7","13888","199.00","999.00","Earbuds","Budget","Average","Very Popular"
"Duracell Rechargeable AAA 750mAh Batteries, 2 Pcs","4.3","28032","220.00","275.00","Other","Budget","Good","Very Popular"
"ZEBRONICS ZEB-LPC88A Laser Toner Printer Cartridge for HP Laser Jet P1007/P1008/P1106/P1108, Pro M1136/M1213nf/M1216, Pro ...","4.1","1254","449.00","1199.00","Printer","Budget","Good","Moderate"
"Sounce 65W OnePlus Dash Warp Charge Cable, 6.5A Type-C to USB C PD Data Sync Fast Charging Cable Compatible with One Plus ...","3.9","922","199.00","999.00","Mobile Phone","Budget","Average","Low"
"‎GIZGA essentials â Portable 360 Rotating Tabletop Mobile Holder, Dock for Ipad, Smartphone, Kindle, E-Reader, Fully Folda...","2.5","23","89.00","999.00","Mobile Phone","Budget","Poor","Low"
"Epson 6641 Black Ink Bottle - 70 ml","4.2","4254","299.00","359.00","Other","Budget","Good","Moderate"
"Nokia 105 Single SIM, Keypad Mobile Phone with Wireless FM Radio | Blue","3.8","4022","1299.00","1599.00","Mobile Phone","Economy","Average","Moderate"
"ANCHOR by Panasonic 5219 6A Cherry Flecicord Socket 2 Pin 8M (White)","4.2","5893","323.00","449.00","Other","Budget","Good","Popular"
"Oneplus 10R Type c to 3.5mm Audio Jack, 1-Plus Audio Jack Adapter, car Audio Connector USB Type c, Headphone Converter Cab...","4.3","102","189.00","999.00","Mobile Phone","Budget","Good","Low"
"Logitech C270 Digital HD Webcam with Widescreen HD Video Calling, HD Light Correction, Noise-Reducing Mic, for Skype, Face...","4.3","20713","2195.00","2595.00","Accessories","Economy","Good","Very Popular"
"Mobilife Selfie Stick,Long Selfie Stick with Tripod Stand upto 37.8 inch,4 in 1 Extendable Selfie Stick for Mobile Phone B...","4.4","391","949.00","2999.00","Mobile Phone","Budget","Good","Low"
"HUMBLE Dynamic Lapel Collar Mic Voice Recording Filter Microphone for Singing Youtube SmartPhones, Black","3.3","3076","199.00","499.00","Mobile Phone","Budget","Average","Moderate"
"Verilux® USB C Hub Multiport Adapter- 6 in 1 Portable Aluminum Type C Hub with 4K HDMI Output, USB 2.0/3.0 Ports, SD/Micro...","4.0","2489","1189.00","1929.00","Accessories","Economy","Good","Moderate"
"pTron Bassbuds Fute 5.1 Bluetooth Truly Wireless Featherlite TWS in Ear Earbuds with Mic 25Hrs Playtime, 13Mm Dynamic Driv...","3.5","166395","999.00","3299.00","Earbuds","Budget","Average","Very Popular"
"truke Buds F1 Bluetooth 5.3 Truly Wireless in Ear Earbuds with mic, 48H Playtime, Instant Paring, Exceptional Sound with A...","3.8","2975","899.00","2499.00","Earbuds","Budget","Average","Moderate"
"boAt Bassheads 242 in Ear Wired Earphones with Mic(Neon Green)","4.1","164872","599.00","1490.00","Other","Budget","Good","Very Popular"
"ADISA 15.6 inch Laptop Backpack Office Bag College Travel Back Pack 32 Ltrs (z-Navy Blue)","3.8","547","499.00","1799.00","Laptop","Budget","Average","Low"
"Parker Classic Gold Gold Trim Ball Pen","4.3","5887","489.00","600.00","Other","Budget","Good","Popular"
"realme narzo 50 5G (Hyper Blue, 4GB RAM+128GB Storage) Dimensity 810 5G Processor | 48MP Ultra HD Camera","4.2","3327","14499.00","18999.00","Mobile Phone","Mid Range","Good","Moderate"
"Motorola a10 Dual Sim keypad Mobile with 1750 mAh Battery, Expandable Storage Upto 32GB, Wireless FM with Recording - Dark...","4.0","10328","1399.00","1630.00","Mobile Phone","Economy","Good","Very Popular"
"OpenTech® Tempered Glass Screen Protector Compatible for Samsung Galaxy S21 FE 5G with Edge to Edge Coverage and Easy Inst...","4.0","9927","299.00","999.00","Mobile Phone","Budget","Good","Popular"
"Lapster 3 in 1 Screen Cleaning Kit with Brush and Micro Cloth for PC, laptops, LCD led mobiles and TV (80ML)","4.1","1034","180.00","999.00","Laptop","Budget","Good","Moderate"
"ADDMAX Extension Cord with USB Port – 10A 220V-50/60Hz [6 socket Outlet with 2 USB Port] [Fire flame proof] [USB Charging ...","4.1","8736","590.00","1299.00","Other","Budget","Good","Popular"
"Fastrack Reflex Vox Smartwatch|Alexa Built-In|Bright HD Display|Upto 10 Days Battery|5 ATM Water Resistance|Multiple Sport...","4.0","2151","2695.00","6995.00","Monitor","Economy","Good","Moderate"
"boAt WCDV 20W Wall Charger with Fast Charging for PD Devices, Smart IC Protection, Auto Detection and Corrosion Resistant ...","3.9","27","599.00","1990.00","Accessories","Budget","Average","Low"
"AirCase Rugged Hard Drive Case for 2.5-inch Western Digital, Seagate, Toshiba, Portable Storage Shell for Gadget Hard Disk...","4.5","21520","279.00","499.00","Other","Budget","Excellent","Very Popular"
"Bennett Khadi + Polyester Drax Laptops Bag Sleeve Case Cover Pouch for 15.6 inches 39cm Laptop Apple/Dell/Lenovo/ASUS/Hp/S...","4.1","2425","299.00","1499.00","Laptop","Budget","Good","Moderate"
"SanDisk Extreme SD UHS I 64GB Card for 4K Video for DSLR and Mirrorless Cameras 170MB/s Read & 80MB/s Write","4.5","215311","838.00","1800.00","Camera","Budget","Excellent","Very Popular"
"SanDisk Ultra Dual Drive Go USB Type C Pendrive for Mobile, Navy Blue, 64GB, 5Y Warranty","4.3","55257","689.00","1600.00","Mobile Phone","Budget","Good","Very Popular"
"Portronics Adapto III Dual USB Adapter with 1 AC Power Socket 3.4Amp Total Output (White)","4.0","1778","309.00","599.00","Accessories","Budget","Good","Moderate"
"Samsung Galaxy M13 (Stardust Brown, 6GB, 128GB Storage) | 6000mAh Battery | Upto 12GB RAM with RAM Plus","4.1","22813","12999.00","17999.00","Mobile Phone","Mid Range","Good","Very Popular"
"AmazonBasics 24W Phone Charger for Cellular Phones | Fast Charging, Dual Output | Type C and A Adapter (White)","3.8","2280","649.00","999.00","Accessories","Budget","Average","Moderate"
"CROSSVOLT Tough Rugged Cover for Airpods Pro GEN-2 (2022) Black, Polycarbonate","4.2","638","379.00","999.00","Earbuds","Budget","Good","Low"
"SHREENOVA ID116 Plus Bluetooth Fitness Smart Watch for Men Women and Kids Activity Tracker (Black)","2.8","206","341.00","499.00","Smartwatch","Budget","Poor","Low"
"Lapster USB 3.0 sata Cable for 2.5 inch SSD and HDD , USB 3.0 to SATA III Hard Driver Adapter , sata to USB Cable-(Blue)","3.8","1034","348.00","999.00","Accessories","Budget","Average","Moderate"
"INOVERA World Map Extended Anti Slip Rubber Gaming Stitched Mouse Pad Desk Mat for Computer Laptop (Black, 900L x 400B x 2...","4.3","1381","449.00","999.00","Laptop","Budget","Good","Moderate"
"PHILIPS Audio TAE1136 Wired in Ear Earphones with Built in Mic, 10 mm Driver, Powerful bass and Clear Sound","3.9","32016","229.00","699.00","Other","Budget","Average","Very Popular"
"LAPSTER Accessories Power Cable Cord 2 Pin Laptop Adapter and Tape Recorder 1.5M","3.5","2655","134.00","999.00","Laptop","Budget","Average","Moderate"
"Noise ColorFit Pro 2 Full Touch Control Smart Watch with 35g Weight & Upgraded LCD Display,IP68 Waterproof,Heart Rate Moni...","4.0","93243","1299.00","4999.00","Monitor","Economy","Good","Very Popular"
"AmazonBasics 20W Phone Charger | Type C Adapter, Fast Charging for Cellular Phones (White)","3.5","41","469.00","999.00","Accessories","Budget","Average","Low"
"JBL Commercial CSLM20 Auxiliary Omnidirectional Lavalier Microphone, Earphone For calls, Video Conferences, And Monitorin...","3.9","7284","599.00","2000.00","Monitor","Budget","Average","Popular"
"Tecno Spark 8 Pro (Interstellar Black, 4GB RAM,64GB Storage) | 48MP Triple Camera | 33W Fast Charger","4.1","4871","8399.00","13499.00","Camera","Mid Range","Good","Moderate"
"Lapster 1.5 mtr USB 2.0 Type A Male to USB A Male Cable for computer and laptop","4.0","1535","139.00","999.00","Laptop","Budget","Good","Moderate"
"Duracell Ultra Alkaline AAA Batteries, Pack of 8","4.5","18403","299.00","350.00","Other","Budget","Excellent","Very Popular"
"SD CASS® Hanging Car Rear View Mirror Mobile Phone Holder Mount Stand 360 Degree RotationalCompatible with All Smartphones","5.0","8","499.00","999.00","Mobile Phone","Budget","Excellent","Low"
"Mi Step Out 12 L Mini Backpack (Small Size, Dark Blue, Water Repellant)","4.1","8120","299.00","499.00","Other","Budget","Good","Popular"
"Sony Wh-Ch510 Bluetooth Wireless On Ear Headphones Up-To 35Hrs Playtime Lightweight, Type-C, Play/Pause Control, 30Mm Driv...","4.0","3224","2299.00","4990.00","Headphones","Economy","Good","Moderate"
"POSH Male to Male VGA Cable 1.5 Meter, Support PC/Monitor/LCD/LED, Plasma, Projector, TFT. VGA to VGA Converter Adapter Cable","3.5","2505","88.00","999.00","Monitor","Budget","Average","Moderate"
"GIZGA Club-laptop Neoprene Reversible for 15.6-inches Laptop Sleeve - Black-Red","4.2","23226","209.00","499.00","Laptop","Budget","Good","Very Popular"
"ZEBRONICS Zeb-Buds C2 in Ear Type C Wired Earphones with Mic, Braided 1.2 Metre Cable, Metallic Design, 10mm Drivers, in L...","3.4","3893","399.00","699.00","Other","Budget","Average","Moderate"
"Xiaomi Wired in-Ear Earphones with Mic, Ultra Deep Bass & Metal Sound Chamber (Blue)","4.1","121021","599.00","999.00","Other","Budget","Good","Very Popular"
"AmazonBasics AAA Performance Alkaline Batteries (20-Pack) - Appearance May Vary","4.4","148854","349.00","525.00","Other","Budget","Good","Very Popular"
"Mobilife Long Selfie Stick,Extra-long Selfie Stick with Large Reinforced Tripod Stand Upto 61 inch/156 cm,Super Long Mult...","4.6","985","1699.00","3999.00","Other","Economy","Excellent","Low"
"Redmi 11 Prime 5G (Meadow Green, 6GB RAM, 128GB Storage) | Prime Design | MTK Dimensity 700 | 50 MP Dual Cam | 5000mAh | 7...","3.9","3495","15999.00","17999.00","Mobile Phone","Mid Range","Average","Moderate"
"boAt Bassheads 220 Wired in Ear Earphones(Raging Red Indi)","4.1","276491","399.00","999.00","Other","Budget","Good","Very Popular"
"boAt Rockerz 330ANC Bluetooth in Ear Neckband with mic, Crystal Bionic Sound Powered by Dirac Opteo, Active Noise Cancella...","4.1","114951","1999.00","4990.00","Other","Economy","Good","Very Popular"
"SanDisk Ultra Luxe USB 3.1 Flash Drive 64GB, Upto 150MB/s, All Metal, Metallic Silver","4.3","31693","608.00","1500.00","Other","Budget","Good","Very Popular"
"Fire-Boltt Ninja 3 Smartwatch Full Touch 1.69 "" & 60 Sports Modes with IP68, Sp02 Tracking, Over 100 Cloud based watch fac...","4.2","27438","1299.00","9999.00","Smartwatch","Economy","Good","Very Popular"
"STRIFF Invisible and Foldable Mobile Stand for Phone, Ultra-Light Phone Card Holder, The Thinnest Vertical Phone Wallet(Bl...","3.6","151","399.00","699.00","Mobile Phone","Budget","Average","Low"
"CP PLUS 3 MP Full HD Smart Wi-fi CCTV Camera | 360° Pan & Tilt | View & Talk | Motion Alert | Night Vision | SD Card (Up t...","3.7","95","2495.00","4100.00","Television","Economy","Average","Low"
"Logitech M235 Wireless Mouse, 1000 DPI Optical Tracking, 12 Month Life Battery, Compatible with Windows, Mac, Chromebook/P...","4.5","54920","799.00","995.00","Laptop","Budget","Excellent","Very Popular"
"PTron Force X12N 1.85"" Full Touch HD Display Bluetooth Calling Smartwatch, Functional Crown, 580 NITS Brightness, HR, SpO...","4.1","291","1699.00","4899.00","Monitor","Economy","Good","Low"
"BROTHER TN-B021 Toner Cartridge","4.1","1314","818.00","940.00","Other","Budget","Good","Moderate"
"MI XIAOMI Dual Driver Dynamic Bass in-Ear Wired Earphones with Mic, 10mm& 8mm for Heavy Bass & Crystal Clear Vocals, Passi...","4.1","26280","799.00","999.00","Other","Budget","Good","Very Popular"
"Flix Micro Usb Cable For Smartphone (Black)","4.0","10079","99.00","199.00","Mobile Phone","Budget","Good","Very Popular"
"Redmi 9A Sport (Coral Green, 3GB RAM, 32GB Storage) | 2GHz Octa-core Helio G25 Processor | 5000 mAh Battery","4.1","319396","7499.00","9499.00","Mobile Phone","Mid Range","Good","Very Popular"
"Zebronics Zeb-Alex Wired USB Optical Mouse with 3 Buttons","3.9","6362","139.00","299.00","Accessories","Budget","Average","Popular"
"boAt Newly Launched Wave Style Call with Advanced Dedicated Bluetooth Calling Chip, 600+ Watch Faces, 1.69"" HD Display, He...","3.7","475","1799.00","6499.00","Monitor","Economy","Average","Low"
"KYOSEI Advanced Tempered Glass Compatible with Google Pixel 6a with Military-Grade Anti-Explosion Edge-to-Edge Coverage Sc...","4.4","1143","399.00","1199.00","Mobile Phone","Budget","Good","Moderate"
"OLICOM M1 Smart Watch Id-116 Bluetooth Smartwatch Wireless Fitness Band for Boys, Girls, Men, Women & Kids | Sports Gym Wa...","3.6","3147","449.00","1988.00","Smartwatch","Budget","Average","Moderate"
"COSTAR Mateband Bluetooth Wireless Neckband Earphones - 24H Playtime, Dual Equalizer Bass Boost Drivers, Metal Magnetic Ea...","4.2","954","617.00","2499.00","Other","Budget","Good","Low"
"ZEBRONICS Zeb-Thunder Wireless Bluetooth Over The Ear Headphone FM, mSD, 9 hrs Playback with Mic (Red)","3.8","62424","549.00","1399.00","Headphones","Budget","Average","Very Popular"
"pTron Volta Dual Port 12W Smart USB Charger Adapter, Multi-Layer Protection, Made in India, BIS Certified, Fast Charging P...","4.0","3875","199.00","1099.00","Accessories","Budget","Good","Moderate"
"boAt Aavante Bar Orion Soundbar with 160W RMS Signature Sound, 2.1 CH, BT v5.3, Multi-Compatibility Modes, Wired Subwoofe...","3.9","935","8499.00","21990.00","Speakers","Mid Range","Average","Low"
"STRIFF Foldable Portable Laptop/Tablet Tabletop Stand with 6 Level Height & Angle Adjustment & Air Ventilation, Anti-Slip ...","4.1","2647","499.00","1499.00","Laptop","Budget","Good","Moderate"
"AGARO USB to Type C OTG Cable, On The Go Adapter USB Type C Male to USB Female Compatible with Most Type C Devices","4.3","16085","193.00","799.00","Accessories","Budget","Good","Very Popular"
"boAt Deuce USB 300 2 in 1 Type-C & Micro USB Stress Resistant, Tangle-Free, Sturdy Cable with 3A Fast Charging & 480mbps D...","4.2","96230","329.00","699.00","Other","Budget","Good","Very Popular"
"JBL Tune 130NC True Wireless in Ear Earbuds Active Noise Cancellation (Upto 40dB) Adjust EQ for Extra Bass Massive 40Hrs P...","3.8","18276","4499.00","6999.00","Earbuds","Economy","Average","Very Popular"
"STRIFF Adjustable Laptop Stand Patented Riser Ventilated Portable Foldable Compatible with MacBook Notebook Tablet Tray De...","4.3","26525","399.00","1499.00","Laptop","Budget","Good","Very Popular"
"Panasonic eneloop CC61N Portable with USB Input Charger for AA & AAA Rechargeable Batteries, Input AC100‐240V 50‐60HzWhit...","4.4","26595","646.00","680.00","Accessories","Budget","Good","Very Popular"
"Boult Audio Probass Curve Bluetooth Wireless in Ear Earphones with Mic with Ipx5 Water Resistant, 12H Battery Life & Extra...","3.8","104356","799.00","3499.00","Other","Budget","Average","Very Popular"
"pTron Pride Indie in-Ear Wired Earphones with Mic, Stereo Sound, 10mm Drivers, Snug-fit Design, Passive Noise Cancellatio...","3.7","3567","199.00","699.00","Other","Budget","Average","Moderate"
"20W 20 WATT 7MM HOT MELT Glue Gun with ON Off Switch and LED Indicator (Free 10 Transparent Glue Sticks)","3.7","32796","238.00","999.00","Other","Budget","Average","Very Popular"
"FATMUG Laptop Bag For Men - Convertible Backpack For Office And Travel (Dark Grey,Oxford Fabric)","4.4","1670","1499.00","2999.00","Laptop","Economy","Good","Moderate"
"SanDisk 1TB Extreme Portable SSD 1050MB/s R, 1000MB/s W,Upto 2 Meter Drop Protection with IP55 Water/dust Resistance, HW E...","4.4","45569","9959.00","32000.00","Other","Mid Range","Good","Very Popular"
"GIZGA Essentials Universal Silicone Keyboard Protector Skin for 15.6-Inches Laptop (5 X 6 X 3 Inches)","3.5","15887","85.00","299.00","Laptop","Budget","Average","Very Popular"
"Cablet 2.5 Inch SATA USB 3.0 HDD/SSD Portable External Enclosure for 7mm and 9.5mm, Tool-Free Design, Supports UASP Max 6TB","4.4","256","499.00","775.00","Other","Budget","Good","Low"
"Redmi 11 Prime 5G (Thunder Black, 6GB RAM, 128GB Storage) | Prime Design | MTK Dimensity 700 | 50 MP Dual Cam | 5000mAh | ...","3.9","3495","15999.00","17999.00","Mobile Phone","Mid Range","Average","Moderate"
"Universal Remote Control for All Sony TV for All LCD LED and Bravia TVs Remote","4.3","2795","179.00","499.00","Television","Budget","Good","Moderate"
"D'Addario Bronze Acoustic Guitar Strings_{.010-.050_Extra Light Gauge}_Stainless Steel Material","4.4","4852","408.00","430.00","Other","Budget","Good","Moderate"
"Zebronics Zeb Wonderbar 10 USB Powered 2.0 Computer Speaker with RGB Lights","4.0","7640","838.00","1499.00","Speakers","Budget","Good","Popular"
"boAt AUX 500 Indestructible 3.5mm Male to Male Metallic Aux Audio Cable with Gold Plated Connectors for Smartphone, 1.5 Me...","4.3","33299","299.00","599.00","Mobile Phone","Budget","Good","Very Popular"
"Nokia 8210 4G Volte keypad Phone with Dual SIM, Big Display, inbuilt MP3 Player & Wireless FM Radio | Blue","3.5","2049","3799.00","5299.00","Monitor","Economy","Average","Moderate"
"Portronics Toad Ergo Vertical Advanced Wireless Ergonomic Mouse 2.4Ghz, 6D Button, Wrist Support, Adjustable DPI Upto 120...","4.1","21","599.00","1499.00","Accessories","Budget","Good","Low"
"Redmi LCD Writing Pad with Stylus, 21.59 cm(8.5-inch), Smart Lock, ABS Material, Anti-Blue Light Screen, Handwriting Gifts...","4.0","18","628.20","1999.00","Mobile Phone","Budget","Good","Low"
"SUNMI Bike Phone Mount Anti Shake and Stable Cradle Clamp with 360° Rotation Bicycle Phone Mount/Bike Accessories/Bike Pho...","3.4","7856","249.00","699.00","Other","Budget","Average","Popular"
"Scotch 3M BOPP Packaging Brown Tape (Tan) | 48mm x 50 Meter | Pack of 2 | for Packaging, Decorating and DIY","4.3","2368","229.00","260.00","Other","Budget","Good","Moderate"
"ZEBRONICS Zeb-Thunder Wireless Bluetooth Over The Ear Headphone FM, mSD, 9 hrs Playback with Mic (Brown)","3.8","62424","549.00","1399.00","Headphones","Budget","Average","Very Popular"
"SanDisk Ultra Dual USB Drive 3.1, SDDDC2-256G-I35 256GB, USB 3.1/Type C Reversible Connector, Retractable Design, Type-C O...","4.3","84729","1929.00","5600.00","Other","Economy","Good","Very Popular"
"Western Digital WD 1.5TB Elements Portable Hard Disk Drive, USB 3.0, Compatible with PC, PS4 and Xbox, External HDD (WDBU6...","4.4","25571","4499.00","5734.00","Other","Economy","Good","Very Popular"
"Smart Watch id-116 Men Women Fitness Tracker Blood Pressure Heart Rate Monitor for Girls & Boys with HT1 Wireless Bluetoot...","3.9","138","399.00","1989.00","Monitor","Budget","Average","Low"
"HP GK320 Wired Full Size RGB Backlight Mechanical Gaming Keyboard, 4 LED Indicators, Mechanical Switches, Double Injection...","4.3","566","1369.00","3499.00","Accessories","Economy","Good","Low"
"SanDisk Ultra SDHC UHS-I Card 32GB 120MB/s R for DSLR Cameras, for Full HD Recording, 10Y Warranty","4.4","68198","429.00","800.00","Camera","Budget","Good","Very Popular"
"MI 360 Home Security Wireless Camera 2K Pro with Bluetooth Gateway BLE 4.2 l Dual Band Wi-fi Connection l 3 Million HD 129...","4.3","46362","4390.00","5999.00","Camera","Economy","Good","Very Popular"
"Digitek Wireless Microphone System for DSLR, Camcorder, Smartphone & Tablet DWM 101","3.6","220","4599.00","6995.00","Mobile Phone","Economy","Average","Low"
"HIFFIN® Helmet Chin Strap Mount with Mobile Clip & Screw Compatible with All Smart Phones Go pro Hero (Helmet Mount KIT, H...","3.4","2452","399.00","999.00","Mobile Phone","Budget","Average","Moderate"
"Zinq UPS for Router Mini UPS for 12V WiFi Router, Fiber Routers and Broadband Modem with Upto 4 Hours Power Backup, Upto 2...","4.1","11007","1199.00","2999.00","Networking","Economy","Good","Very Popular"
"MARVIK Soft Silicone Adjustable Band Strap Compatible for Oneplus Smart Band & Oppo Smart Band","3.9","291","249.00","999.00","Mobile Phone","Budget","Average","Low"
"Model-P4 6 Way Swivel Tilt Wall Mount 32-55-inch Full Motion Cantilever for LED,LCD and Plasma TV's","4.3","2572","1328.00","2490.00","Other","Economy","Good","Moderate"
"iQOO Z6 Lite 5G by vivo (Mystic Night, 4GB RAM, 64GB Storage) | World's First Snapdragon 4 Gen 1 | 120Hz Refresh Rate | 50...","4.1","22254","13999.00","15999.00","Mobile Phone","Mid Range","Good","Very Popular"
"Boult Audio Omega True Wireless in Ear Earbuds with 30dB ANC, 32H Playtime, 45ms Xtreme Low Latency Mode, Quad Mic ENC, 3 ...","3.7","2568","1799.00","9999.00","Earbuds","Economy","Average","Moderate"
"Redmi Note 11 (Horizon Blue, 6GB RAM, 64GB Storage)|90Hz FHD+ AMOLED Display | Qualcomm® Snapdragon™ 680-6nm | 33W Charger...","4.1","53671","12999.00","17999.00","Mobile Phone","Mid Range","Good","Very Popular"
"JBL Tune 760NC, Wireless Over Ear Active Noise Cancellation Headphones with Mic, up to 50 Hours Playtime, Pure Bass, Dual ...","3.8","28961","5496.00","7999.00","Headphones","Mid Range","Average","Very Popular"
"Tukzer Gel Mouse Pad Wrist Rest Memory-Foam Ergonomic Mousepad| Cushion Wrist Support & Pain Relief| Suitable for Gaming, ...","4.5","4477","425.00","899.00","Accessories","Budget","Excellent","Moderate"
"OneAssist 1 Year Extended Warranty Plan for Headphones 1001 to 2000 - Email Delivery Within 2 Hours","3.8","1003","129.00","289.00","Headphones","Budget","Average","Moderate"
"OnePlus Type C to 3.5 mm Jack Audio Connector Noise Cancelling Headphones Jack Converter Splitter Audio Adapter for One Pl...","4.2","13","249.00","999.00","Mobile Phone","Budget","Good","Low"
"RPM Euro Games Gaming Mousepad Speed Type Extended Large (Size - 800 mm x 300 mm x 3 mm)","4.5","2736","299.00","990.00","Accessories","Budget","Excellent","Moderate"
"Noise ColorFit Ultra Buzz Bluetooth Calling Smart Watch with 1.75"" HD Display, 320x385 px Resolution, 100 Sports Modes, St...","4.1","9299","1999.00","5999.00","Monitor","Economy","Good","Popular"
"Parker Quink Ink Bottle (Black)","4.4","3236","90.00","100.00","Other","Budget","Good","Moderate"
"Fire-Boltt Eterno 1.99"" Largest Display, Bluetooth Calling Smartwatch with 1184mm Display Area, AI Voice Assistant, 120+ S...","4.3","61","2499.00","18999.00","Monitor","Economy","Good","Low"
"HOLD UP Selfie Stick, Extendable Selfie Stick with Wireless Remote and Tripod Stand, Portable, Lightweight, Compatible wit...","4.0","1231","271.00","999.00","Other","Budget","Good","Moderate"
"Lapster USB 3.0 A to Micro B SuperSpeed for hard disk cable - short cable","4.2","543","155.00","999.00","Other","Budget","Good","Low"
"URBN 20000 mAh lithium_polymer Power Bank with 12 Watt Fast Charging, Camo","3.9","37028","1499.00","3499.00","Accessories","Economy","Average","Very Popular"
"SWAPKART 5-in-1 Cleaning Soft Brush Keyboard Cleaner, Multi-Function Computer Tools Kit Corner Gap Duster Key-Cap Puller f...","4.6","702","149.00","499.00","Accessories","Budget","Excellent","Low"
"Duracell Rechargeable AA 1300mAh Batteries, 2Pcs","4.3","12267","260.00","325.00","Other","Budget","Good","Very Popular"
"Wayona Nylon Braided 3A Lightning to USB A Syncing and Fast Charging Data Cable for iPhone, Ipad (3 FT Pack of 1, Black)","4.2","25351","379.00","1099.00","Mobile Phone","Budget","Good","Very Popular"
"OnePlus 108 cm (43 inches) Y Series 4K Ultra HD Smart Android LED TV 43Y1S Pro (Black)","4.2","8290","29999.00","39999.00","Mobile Phone","Premium","Good","Popular"
"Amazon Basics Capacitive Stylus Pen for iOS and Android Touchscreen Devices, Fine Point Disc Tip, Lightweight Metal Body w...","3.6","903","379.00","1099.00","Other","Budget","Average","Low"
"SanDisk Ultra 128 GB USB Pen Drive (SDDDC2-128G-G46, Black, Silver)","4.3","84729","1118.00","2950.00","Other","Economy","Good","Very Popular"
"SupCares Edge to Edge Tempered Glass for iQOO Neo 7 5G, iQOO 11 5G and iQOO 9T 5G (6.78 Inch) with Easy Self Installation ...","4.2","189","279.00","799.00","Other","Budget","Good","Low"
"OTOROYS Universal Bike Mount Holder Metal Body 360 Degree Rotating Handlebar Metal Body Cradle Stand for Bicycle, Motorcyc...","3.8","85","295.00","399.00","Other","Budget","Average","Low"
"GoTrippin Universal Travel Adapter with Dual USB Charger Ports, International Worldwide Charger Plug for Phone, Mobile,Lap...","4.3","1808","699.00","999.00","Mobile Phone","Budget","Good","Moderate"
"D-Link DAP-1325 N 300 Wi-Fi Range Extender, (White)","3.7","1707","1099.00","3696.00","Networking","Economy","Average","Moderate"
"Mi Power Bank Boost Pro 30000mAh 18W","4.3","135528","3299.00","4999.00","Accessories","Economy","Good","Very Popular"
"Amazon Brand - Solimo TPU Transparent Mobile Soft & Flexible Shockproof Back Cover with Cushioned Edges for iPhone 13- Clear","3.9","594","139.00","499.00","Mobile Phone","Budget","Average","Low"
"HP 805 Tri-Color Original Ink Cartridge","4.0","7559","837.00","838.00","Other","Budget","Good","Popular"
"Samsung 24-inch (60.46cm) 1920 X 1080 Pixels FHD Monitor, IPS, 75 Hz, Bezel Less Design, AMD FreeSync, Flicker Free, HDMI,...","4.3","3174","9799.00","19110.00","Mobile Phone","Mid Range","Good","Moderate"
"truke Buds S2 Lite True Wireless in Ear Earbuds with MEMS Quad-Mic ENC, 48H Playtime, 10mm Real Titanium Speaker, Gaming M...","4.0","1422","999.00","2999.00","Earbuds","Budget","Good","Moderate"
"Tecno POP 7 Pro (Endless Black, 2GB RAM,64GB Storage) | Type C Port | 12MP Dual Camera | Up to 4GB RAM with Memory Fusion","4.4","6","7299.00","7999.00","Camera","Mid Range","Good","Low"
"Tygot 10"" Portable LED Ring Light with 3 Color Modes Dimmable Lighting | for YouTube | Photo-Shoot | Video Shoot | Live St...","3.8","13949","399.00","1999.00","Other","Budget","Average","Very Popular"
"Western Digital WD 2TB Elements Portable Hard Disk Drive, USB 3.0, Compatible with PC, PS4 and Xbox, External HDD (WDBHDW0...","4.4","25571","5599.00","7905.00","Other","Mid Range","Good","Very Popular"
"Lunar's Bingo - 48 L Laptop Office/School/Travel/Business Backpack Water Resistant - Fits Up to 15.6 Inch Laptop Notebook ...","3.9","9024","899.00","1999.00","Laptop","Budget","Average","Popular"
"STRIFF Multi Angle Tablet/Mobile Stand. Holder for iPhone, Android, Samsung, OnePlus, Xiaomi. Portable,Foldable Stand.Perf...","4.1","3062","89.00","499.00","Mobile Phone","Budget","Good","Moderate"
"BROLAVIYA Overhead Video Tabletop Stand Phone Holder, Metal Long Lazy Arm and Bracket for All Mobiles Phone, for Streaming...","4.3","2881","896.00","1999.00","Mobile Phone","Budget","Good","Moderate"
"ProElite Faux Leather Smart Flip Case Cover for Apple iPad 10.2"" 9th Gen (2021) / 8th Gen / 7th Gen with Stylus Pen, Black","4.3","11466","549.00","1499.00","Tablet","Budget","Good","Very Popular"
"TheGiftKart Ultra-Hybrid Clear Back Case Cover for iPhone 12/12 PRO | Shockproof Design | Camera Protection Bump | Hard Ba...","4.3","369","284.00","999.00","Mobile Phone","Budget","Good","Low"
"Infinity (JBL Glide 120, in Ear Wireless Earphones with Mic, Deep Bass, Dual Equalizer, 12mm Drivers, Premium Metal Earbud...","3.9","62506","934.00","2999.00","Earbuds","Budget","Average","Very Popular"
"Samsung 253L 3 Star Inverter Frost Free Double Door Refrigerator (RT28T3743S8/HL, Silver, Elegant Inox, Convertible, 2022 ...","4.3","3072","26490.00","34990.00","Other","Premium","Good","Moderate"
"ZEBRONICS Zeb- Haze 2.4GHz Wireless Mouse with up to 1200 DPI, Power Saving Mode, Nano Receiver and Plug & Play Usage - Grey","5.0","1","299.00","499.00","Accessories","Budget","Excellent","Low"
"OnePlus 80 cm (32 inches) Y Series HD Ready Smart Android LED TV 32 Y1S (Black)","4.2","36800","15999.00","21999.00","Mobile Phone","Mid Range","Good","Very Popular"
"Portronics Clean M Multifunctional 8-in-1 Gadget Cleaning Kit with Mobile Holder for Smartphone, Tablet, Laptop, Earbuds(W...","5.0","7","499.00","833.00","Laptop","Budget","Excellent","Low"
"Amazon Basics USB 2.0 Cable - A-Male to B-Male - for Personal Computer, Printer- 6 Feet (1.8 Meters), Black","4.5","110504","259.00","695.00","Printer","Budget","Excellent","Very Popular"
"TP-Link AC600 600 Mbps WiFi Wireless Network USB Adapter for Desktop PC with 2.4GHz/5GHz High Gain Dual Band 5dBi Antenna ...","4.4","26105","1199.00","2199.00","Networking","Economy","Good","Very Popular"
"Zebronics ZEB-VITA Wireless Bluetooth 10W Portable Bar Speaker With Supporting USB, SD Card, AUX, FM, TWS & Call Function","3.8","11355","799.00","1199.00","Earbuds","Budget","Average","Very Popular"
"AmazonBasics Whiteboard Drywipe Magnetic with Pen Tray and Aluminium Trim,Includes 6 magnets, 1 eraser, and 2 dry-erase ma...","4.3","14542","1369.00","1800.00","Other","Economy","Good","Very Popular"
"Sony HT-S20R Real 5.1ch Dolby Digital Soundbar for TV with subwoofer and Compact Rear Speakers, 5.1ch Home Theatre System...","4.5","9919","15990.00","23990.00","Speakers","Mid Range","Excellent","Popular"
"URBN 10000 mAh lithium_polymer Power Bank with 22.5 Watt Super Fast Charging, Blue","4.0","8908","1299.00","2999.00","Accessories","Economy","Good","Popular"
"AmazonBasics Whiteboard Drywipe Magnetic with Pen Tray and Aluminium Trim,Includes 6 magnets, 1 eraser, and 2 dry-erase ma...","4.3","11217","1999.00","2800.00","Other","Economy","Good","Very Popular"
"POPIO Bluetooth Remote Controller Shutter Button for Selfie Stick Widely Compatible with All Devices","4.3","2967","251.00","599.00","Other","Budget","Good","Moderate"
"Palazzo Foldable Wooden Laptop Bed Tray Table, Multifunction Lap Tablet Desk with Cup Holder, Perfect for Eating Breakfas...","4.3","92","399.00","799.00","Laptop","Budget","Good","Low"
"boAt Bassheads 105 Wired in Ear Earphones with Mic (White)","4.0","27854","449.00","999.00","Other","Budget","Good","Very Popular"
"Dyazo 6 Angle Foldable & Portable Laptop Riser Stand Made with Aluminum Alloy |Compatible for Dell, Mac Book Air/Pro, Leno...","4.3","5371","599.00","1999.00","Laptop","Budget","Good","Popular"
"Zoul USB C 60W Fast Charging 3A 6ft/2M Long Type C Nylon Braided Data Cable Quick Charger Cable QC 3.0 for Samsung Galaxy ...","4.3","1192","389.00","1099.00","Mobile Phone","Budget","Good","Moderate"
"Seagate One Touch 2TB External HDD with Password Protection – Light Blue, for Windows and Mac, with 3 yr Data Recovery Ser...","4.5","28685","5799.00","7999.00","Other","Mid Range","Excellent","Very Popular"
"gaiatop Small Table Fan, 6.5 Inch Ultra-quiet, 90° Adjustment for Better Cooling, 3 Speeds Portable Mini Powerful Desktop ...","4.3","2179","809.00","1899.00","Other","Budget","Good","Moderate"
"CASE PLUS 3.5 mm Headphone Jack Lightning Adapter Connector Only Supported Music Control Audio Adapter for iPhone-New - 20...","3.8","1243","275.00","1999.00","Mobile Phone","Budget","Average","Moderate"
"Wacom One by CTL-472/K0-CX Digital Drawing Graphics Pen Tablet (Red & Black) Small (6-inch x 3.5-inch)(15x8cm) | Battery F...","4.4","13812","3499.00","4699.00","Tablet","Economy","Good","Very Popular"
"MAGBOT Q9 Smart Watch for Men & Women Latest Bluetooth 1.3"" LED with Daily Activity Tracker, Heart Rate Sensor, BP Monito...","3.7","231","499.00","2999.00","Smartwatch","Budget","Average","Low"
"ZEBRONICS Zeb-Bang Wireless Bluetooth Over The Ear Headphone with Mic and and Playback time 16 hrs (Blue)","3.7","8115","599.00","1399.00","Headphones","Budget","Average","Popular"
"ProElite Smart Case for iPad 10.2 inch 2021 9th/8th/7th Gen [Auto Sleep/Wake Cover] [Pencil Holder] [Soft Flexible Case] R...","4.3","674","543.00","1999.00","Tablet","Budget","Good","Low"
"Navneet Youva | Spiral Long Book For Students And Executives | Spiral Bound With Safety Lock | A4 Size - 21 X 29.7 Cm | Si...","4.4","2082","179.10","190.00","Other","Budget","Good","Moderate"
"RPM Euro Games Laptop/PC Controller Wired for Windows - 7, 8, 8.1, 10 and XP, Ps3(Upgraded with XYAB Buttons)","4.0","5951","699.00","1490.00","Laptop","Budget","Good","Popular"
"Inefable® Earphone Headphone Case Pouch Cover Carrying Case for Earphones , Headset , Pen Drives , SD Cards , All Mobile A...","4.1","196","99.00","399.00","Mobile Phone","Budget","Good","Low"
"boAt Airdopes 121 PRO True Wireless in Ear Earbuds Signature Sound, Quad Mic ENx, Beast Mode for Gaming, 40H Playtime, IW...","3.8","188031","1499.00","2990.00","Earbuds","Economy","Average","Very Popular"
"boAt Wave Lite Smartwatch with 1.69"" HD Display, Heart Rate & SpO2 Level Monitor, Multiple Watch Faces, Activity Tracker, ...","3.9","24035","1299.00","6990.00","Monitor","Economy","Average","Very Popular"
"boAt Bassheads 242 in Ear Wired Earphones with Mic(Blue)","4.1","164872","599.00","1490.00","Other","Budget","Good","Very Popular"
"Samsung 6.0 Kg Inverter 5 Star Fully-Automatic Front Loading Washing Machine (WW60R20GLMA/TL, White, Hygiene Steam)","4.4","6743","22990.00","26900.00","Other","Premium","Good","Popular"
"HP Deskjet 2331 Colour Printer, Scanner and Copier for Home/Small Office, Compact Size, Reliable, Easy Set-Up Through HP S...","3.5","22081","4198.00","4971.00","Printer","Economy","Average","Very Popular"
"AirCase Protective Laptop Bag Sleeve fits Upto 14.1"" Laptop/ MacBook, Wrinkle Free, Padded, Waterproof Light Neoprene case...","4.4","8495","449.00","999.00","Laptop","Budget","Good","Popular"
"Sony MDR-ZX110AP Wired On-Ear Headphones with tangle free cable, 3.5mm Jack, Headset with Mic for phone calls and 1 Year W...","4.0","10021","999.00","1490.00","Headphones","Budget","Good","Very Popular"
"Firebolt 360 SpO2 Smart Watch Charger 2 Pin USB Fast Charger Magnetic Charging Cable Adapter (Smart Watch Charger 2 pin)","3.9","60","249.00","999.00","Smartwatch","Budget","Average","Low"
"Zerfa 5 in 1 Soft Brush Multi-Function Cleaning Tools Kit for Keyboard & Earphone Cleaner Soft High-Density Brush Set with...","4.2","947","199.00","799.00","Accessories","Budget","Good","Low"
"boAt LTG 650 Type C to Lightning Apple MFi Certified Cable with Spaceship Grade Aluminum Housing,3A Power Delivery Fast Ch...","4.1","546","849.00","1990.00","Other","Budget","Good","Low"
"Cosmic Byte ARES Wireless Controller for PC (Black)","4.1","1651","1799.00","2199.00","Other","Economy","Good","Moderate"
"Portronics Adapto ONE POR-1104 3A Fast Charging Adapter with 1M Type C Cable (White)","3.9","2208","290.00","699.00","Accessories","Budget","Average","Moderate"
"Nokia 2660 Flip 4G Volte keypad Phone with Dual SIM, Dual Screen, inbuilt MP3 Player & Wireless FM Radio | Blue","3.7","933","4499.00","5899.00","Other","Economy","Average","Low"
"Portronics Modesk 101 Wall Hanging Mobile Holder Wall Mount with Adhesive Strips, Charging Holder Compatible with iPhone, ...","4.3","3893","106.00","299.00","Mobile Phone","Budget","Good","Moderate"
"boAt A400 USB Type-C to USB-A 2.0 Male Data Cable, 2 Meter (Black)","4.3","21136","299.00","999.00","Other","Budget","Good","Very Popular"
"Crucial BX500 1TB 3D NAND SATA 6.35 cm (2.5-Inch) Internal SSD - CT1000BX500SSD1","4.5","98615","4892.00","8200.00","Other","Economy","Excellent","Very Popular"
"Samsung Guru Music 2 315 (GT-B315, White) (SM-B315EZWDINS)","4.1","70118","2069.00","2499.00","Other","Economy","Good","Very Popular"
"Amazon Basics Laptop Stand, Height-Adjustable, Foldable, Portable, Ventilated, Fits Up to 15.6-Inch Laptops (Aluminium All...","4.1","10282","479.00","999.00","Laptop","Budget","Good","Very Popular"
"OneAssist 1 Year Extended Warranty for Smartwatch 3001 to 5000 - Email Delivery Within 2 Hours, No Physical Kit","4.1","278","79.00","218.00","Smartwatch","Budget","Good","Low"
"Lenovo 600 Bluetooth 5.0 Silent Mouse: Compact, Portable, Dongle-Free Multi-Device connectivity with Microsoft Swift Pair...","4.5","4334","1599.00","2890.00","Accessories","Economy","Excellent","Moderate"
"Samsung Galaxy S21 FE 5G (Graphite, 8GB, 128GB Storage)","4.1","970","34950.00","74999.00","Mobile Phone","Premium","Good","Low"
"Nokia 105 Single SIM (Pink)","4.1","9806","1299.00","1599.00","Other","Economy","Good","Popular"
"Radhe Flutes | Right Handed C Natural With Velvet Cover | Tuned With Tanpura A=440Hz | PVC Fiber","4.2","3806","399.00","799.00","Other","Budget","Good","Moderate"
"Infinity (JBL Glide 120, in Ear Wireless Earphones with Mic, Deep Bass, Dual Equalizer, 12mm Drivers, Premium Metal Earbud...","3.9","62506","1099.00","2999.00","Earbuds","Economy","Average","Very Popular"
"ZEBRONICS Sound Feast 50, 14 W Portable Speaker Supporting Bluetooth, Pendrive Slot, mSD Card, FM, Call Function (Black)","3.9","4524","1299.00","2499.00","Speakers","Economy","Average","Moderate"
"Onelap GO - Wireless GPS Tracker with Voice Listen for School Kids, Car, Scooty, Truck or Anything with 1 Year sim Card +...","4.3","8313","5310.00","13990.00","Other","Mid Range","Good","Popular"
"Lenovo 400 Wireless Mouse, 1200DPI Optical Sensor, 2.4GHz Wireless Nano USB, 3-Button (Left,Right,Scroll) Upto 8M Left/Rig...","4.4","6637","854.00","1390.00","Accessories","Budget","Good","Popular"
"ZEBRONICS Zeb-Jaguar Wireless Mouse, 2.4GHz with USB Nano Receiver, High Precision Optical Tracking, 4 Buttons, Plug & Pla...","4.1","3420","399.00","1190.00","Accessories","Budget","Good","Moderate"
"JGD PRODUCTS HDTV2AV, HDMI2AV Up Scaler 1080P HDMI to AV Composite Video Audio Converter Adapter Media Streaming Device","3.7","2976","339.00","999.00","Accessories","Budget","Average","Moderate"
"Noise ColorFit Pulse Smartwatch with 3.56 cm (1.4"") Full Touch HD Display, SpO2, Heart Rate, Sleep Monitors & 10-Day Batte...","4.0","99693","1699.00","4999.00","Monitor","Economy","Good","Very Popular"
"Boult Audio Airbass Fx1 Bluetooth Truly Wireless in Ear Earbuds with Mic with 32H Total Playtime, Type-C Fast Charging, To...","3.6","23052","1099.00","4999.00","Earbuds","Economy","Average","Very Popular"
"MI Outdoor Bluetooth Speaker (5W) Up to 20 Hours Battery Life, Dynamic Sound Effect, Bluetooth 5.0, IPX5 Splash Proof, Com...","4.1","5583","999.00","1999.00","Speakers","Budget","Good","Popular"
"Redmi Smart Band Pro SportsWatch- 3.73 cm (1.47) Large AMOLED Display, Always On Display, Continuous Sleep, HR, Stress and...","4.0","2995","2799.00","5999.00","Mobile Phone","Economy","Good","Moderate"
"Sounce 3.5 mm Headphone Jack Adapter Connector Only Supported Music Control Audio Adapter for iPhone 13Mini/13/13 Pro/13 P...","3.3","4058","299.00","999.00","Mobile Phone","Budget","Average","Moderate"
"Cello Colour Bombs Coloured Ink Gel Pens | Pack of 10 | 10 Vivid Ink Colours | Coloured Gel Pens | Gel Pen for Students| I...","4.1","2723","79.00","100.00","Other","Budget","Good","Moderate"
"boAt Stone 620 Bluetooth Speaker with 12W RMS Stereo Sound, 10HRS Playtime, TWS Feature, IPX4, Multi-Compatibility Mode(Blue)","4.1","2957","1999.00","3990.00","Earbuds","Economy","Good","Moderate"
"DIGITEK® (DTR-200MT) (18 CM) Portable & Flexible Mini Tripod with Mobile Holder & 360 Degree Ball Head, For Smart Phones, ...","4.1","7895","399.00","995.00","Mobile Phone","Budget","Good","Popular"
"Nokia G21 Android Smartphone, Dual SIM, 3-Day Battery Life, 6GB RAM + 128GB Storage, 50MP Triple AI Camera | Nordic Blue","4.0","3521","13399.00","16999.00","Mobile Phone","Mid Range","Good","Moderate"
"AmazonBasics Compact Portable Digital Tyre Inflator with Carrying Case","4.3","12919","2529.00","4900.00","Other","Economy","Good","Very Popular"
"ZEBRONICS Zeb-U725 600VA UPS for Desktop/PC/Computers (not for Routers) with Automatic Voltage Regulation, Black","3.8","7642","2449.00","3299.00","Networking","Economy","Average","Popular"
"SanDisk Ultra 64 GB USB Pen Drives (SDDDC2-064G-I35, Black, Silver)","4.3","84729","738.00","1650.00","Other","Budget","Good","Very Popular"
"COSTAR Mateband Bluetooth Wireless Neckband Earphones - Adjust EQ for Bombastic Bass, 24 Hours Playtime, Magnetic Instant ...","4.1","1682","685.00","1999.00","Other","Budget","Good","Moderate"
"Fire-Boltt Ninja Call Pro Smart Watch Dual Chip Bluetooth Calling, AI Voice Assistance with HD Display, 100 Sports Modes, ...","4.2","16608","1799.00","17999.00","Monitor","Economy","Good","Very Popular"
"Panasonic Eneloop CC55N Smart and Quick Charger for AA & AAA Rechargeable Batteries,Input AC100V‐240V 50‐60HZ,Charging Out...","4.4","26595","1425.00","1500.00","Accessories","Economy","Good","Very Popular"
"Humble Stainless Steel 19mm Chain Strap with Magnetic Buckle Compatible with Noise Colorfit Pro 2 , Boat Storm Smart Watch...","3.9","730","349.00","799.00","Smartwatch","Budget","Average","Low"
"D-Link DWA-131 300 Mbps Wireless Nano USB Adapter (Black)","4.0","8302","579.00","1208.00","Accessories","Budget","Good","Popular"
"Logitech MK235 Wireless Keyboard and Mouse Set for Windows, 2.4 GHz Wireless Unifying USB Receiver, 15 FN Keys, Long Batte...","3.8","2907","1495.00","2095.00","Accessories","Economy","Average","Moderate"
"Noise Flair Bluetooth Wireless in Ear Earphones with Mic Dual Smart with Touch Controls, 35 Hour Playtime, Environmental C...","3.7","23273","1499.00","3999.00","Other","Economy","Average","Very Popular"
"Bestor Portable LCD Writing Tablet 10 inches Paperless Memo Digital Tablet Pad for Writing/Drawing/Scribble Board/Erasable...","3.8","693","499.00","999.00","Tablet","Budget","Average","Low"
"Qubo Smart Cam 360 from Hero Group | Made in India | 2MP 1080p Full HD | CCTV Wi-Fi Camera | 360 Degree Coverage| Two Way ...","4.1","3657","2490.00","3990.00","Television","Economy","Good","Moderate"
"Wayona USB Type C 65W Fast Charging 2M/6Ft Long Flash Charge Cable 3A QC 3.0 Data Cable Compatible with Samsung Galaxy S21...","4.3","2821","289.00","999.00","Mobile Phone","Budget","Good","Moderate"
"pTron Bassbuds Rush Bluetooth True Wireless In Ear Earbuds with Mic, Gaming 40ms Low Latency, 35Hrs Playtime, Deep Bass, E...","3.6","962","999.00","3199.00","Earbuds","Budget","Average","Low"
"Samsung 324 L 3 Star Inverter Frost Free Double Door Refrigerator (RT34T4513S8/HL, Convertible 5In 1, Elegant Inox)","4.3","2253","34490.00","41900.00","Other","Premium","Good","Moderate"
"Offbeat RIPJAW 2.4Ghz Rechargeable Wireless Gaming Mouse, Silent Click Buttons Mouse - 7D Buttons, DPI : 1600,2400,3200, M...","4.3","7303","899.00","1099.00","Accessories","Budget","Good","Popular"
"ELV Aluminium Adjustable Mobile Phone Foldable Holder Tabletop Stand Dock Mount for All Smartphones, Tabs, Kindle, iPad (M...","4.5","29730","314.00","1499.00","Mobile Phone","Budget","Excellent","Very Popular"
"TCL 100 cm (40 inches) Full HD Certified Android Smart LED TV 40S6505 (Black)","4.2","1308","16990.00","40990.00","Television","Mid Range","Good","Moderate"
"Syvo S -1000 PRO 67 Inch (170CM) Tripod for DSLR, Camera | Operating Height: 5.57 Feet| Maximum Load Capacity up to 5kg | ...","4.3","28644","1399.00","5999.00","Camera","Economy","Good","Very Popular"
"Samsung Galaxy M13 (Stardust Brown, 4GB, 64GB Storage) | 6000mAh Battery | Upto 8GB RAM with RAM Plus","4.1","22813","10999.00","14999.00","Mobile Phone","Mid Range","Good","Very Popular"
"EESOME M10 TWS Bluetooth 5.1 Earphone Charging Box Wireless Earbuds Stereo Sports Waterproof with Microphone Bluetooth Hea...","2.8","97","465.00","1999.00","Earbuds","Budget","Poor","Low"
"boAt Rockerz 261 in Ear Wireless Earphones with mic(Raging Red)","3.9","25142","899.00","4990.00","Other","Budget","Average","Very Popular"
"boAt Newly Launched Rockerz 378 Bluetooth in Ear Neckband with Spatial Bionic Sound Tuned by THX, Beast™ Mode, ASAP™ Charg...","4.2","181","1299.00","5990.00","Other","Economy","Good","Low"
"Amazon Basics Capacitive Stylus Pen for iOS and Android Touchscreen Devices, Fine Point Disc Tip, Lightweight Metal Body w...","3.6","903","359.00","1099.00","Other","Budget","Average","Low"
"TP-Link | AC1200 WiFi Range Extender | Up to 1200Mbps Speed | Dual Band Wireless Extender, Repeater, Signal Booster, Acces...","4.1","5036","2499.00","6499.00","Networking","Economy","Good","Popular"
"POPIO Tempered Glass Screen Protector Compatible for Samsung Galaxy F41 ; M31 ; M21 : M21s with Full Screen Coverage (exce...","3.9","24262","150.00","599.00","Mobile Phone","Budget","Average","Very Popular"
"Redgear Cosmo 7,1 USB Gaming Wired Over Ear Headphones with Mic with Virtual Surround Sound,50Mm Driver, RGB LEDs & Remote...","4.3","14688","1499.00","2999.00","Headphones","Economy","Good","Very Popular"
"Boult Audio X1 Buds True Wireless in Ear Earbuds with 24H Playtime, Quad Mic ENC, Made in India, Type-C Fast Charging, Env...","3.9","79328","1799.00","6999.00","Earbuds","Economy","Average","Very Popular"
"Portronics Konnect L 1.2Mtr, Fast Charging 3A Micro USB Cable with Charge & Sync Function (Grey)","4.3","7352","149.00","349.00","Other","Budget","Good","Popular"
"PTron Solero T241 2.4A Type-C Data & Charging USB Cable, Made in India, 480Mbps Data Sync, Durable 1-Meter Long USB Cable ...","3.9","26311","99.00","800.00","Other","Budget","Average","Very Popular"
"Gizga Essentials 3-in-1 Phone Cleaner, Laptop Screen Cleaner, Fingerprint-Proof Screen Cleaner Kit, Reusable, Phones, TV S...","4.1","558","299.00","999.00","Laptop","Budget","Good","Low"
"Amazon Brand - Solimo Back Cover for Apple iPhone 11 (Silicone_Transparent)","3.8","396","139.00","499.00","Mobile Phone","Budget","Average","Low"
"ZEBRONICS Aluminium Alloy Laptop Stand, Compatible with 9-15.6 inch Laptops, 7 Angles Adjustable Tabletop, Anti Slip Silic...","4.4","1886","899.00","1999.00","Laptop","Budget","Good","Moderate"
"Lava Blaze 5G (Glass Green, 4GB RAM, UFS 2.2 128GB Storage) | 5G Ready | 50MP AI Triple Camera | Upto 7GB Expandable RAM |...","4.1","1947","10999.00","14999.00","Camera","Mid Range","Good","Moderate"
"boAt A 350 Type C Cable for Smartphone, Charging Adapter (1.5m, Carbon Black)","4.3","29153","299.00","799.00","Mobile Phone","Budget","Good","Very Popular"
"Sounce 8 in 1 Soft Brush Cleaning Tools Kit for Keyboard, Earphone, Laptop, Camera & Lens, LED LCD Screen Display Cleaner ...","4.6","201","249.00","999.00","Laptop","Budget","Excellent","Low"
"Airtel DigitalTV AMF-311WW 150Mbps Single_Band Data Card (Black), 4g Hotspot Support with 2300 Mah Battery","3.8","11493","2334.00","3250.00","Television","Economy","Average","Very Popular"
"Alice Bronze Acoustic Guitar Strings GS-01_Phosphor Bronze_(Pack of 1)","4.2","7531","200.00","300.00","Other","Budget","Good","Popular"
"Redmi Watch 2 Lite - Multi-System Standalone GPS, 3.94 cm Large HD Edge Display, Continuous SpO2, Stress & Sleep Monitorin...","3.9","574","1999.00","7999.00","Mobile Phone","Economy","Average","Low"
"Lenovo Casual Laptop Backpack B210 15.6-inch(39.6cm) Water Repellent Black","4.2","54595","799.00","1790.00","Laptop","Budget","Good","Very Popular"
"Logitech K380 Wireless Multi-Device Keyboard For Windows, Apple Ios, Apple Tv Android Or Chrome, Bluetooth, Compact Space-...","4.5","16899","2495.00","3195.00","Television","Economy","Excellent","Very Popular"
"Qubo Car Dash Camera Pro (with GPS) Dash Cam from Hero Group | Made in India Dashcam | Full HD 1080p | Wide Angle View | ...","4.2","2280","4390.00","6690.00","Camera","Economy","Good","Moderate"
"Tukzer Gizga 2-in-1 Professional Screen Cleaning Kit (500ML) for Camera, Lens, Binocular, Laptop, TV, Monitor, Smartphone,...","4.5","190","569.00","699.00","Laptop","Budget","Excellent","Low"
"Lenovo 130 Wireless Compact Mouse, 1K DPI Optical sensor, 2.4GHz Wireless NanoUSB, 10m range, 3button(left,right,scroll) u...","4.4","3673","621.00","1090.00","Accessories","Budget","Good","Moderate"
"AmazonBasics 50-Inch Lightweight Tripod with Bag","4.3","90833","779.00","1815.00","Other","Budget","Good","Very Popular"
"realme narzo 50i (Carbon Black, 4GB RAM+64GB Storage) Octa Core Processor | 6.5"" inch Large Display","4.0","32618","8999.00","9999.00","Mobile Phone","Mid Range","Good","Very Popular"
"Robustrion [Anti-Scratch] & [Smudge Proof] [Bubble Free] Premium Tempered Glass Screen Protector Guard for Samsung Galaxy ...","4.1","823","399.00","1499.00","Mobile Phone","Budget","Good","Low"
"Nokia 5310 Dual SIM Keypad Phone with MP3 Player, Wireless FM Radio and Rear Camera with Flash | Black/Red","4.0","26185","3449.00","4299.00","Camera","Economy","Good","Very Popular"
"i8 Pro Max Touch Screen Bluetooth Smartwatch with Activity Tracker Compatible with All 3G/4G/5G Android & iOS Smartphones...","2.9","63","639.00","2999.00","Mobile Phone","Budget","Poor","Low"
"Noise Buds VS304 Truly Wireless in Ear Earbuds with 35H of Playtime, Instacharge(10 min=120 min), 13 mm Driver and BT v5.3...","3.6","406","1299.00","2999.00","Earbuds","Economy","Average","Low"
"Wecool Mr.Bass Snug Fit Metallic C Type Earphones with Mic and Volume Controller, High Bass Headphoens for Mobile, Wired E...","3.4","13493","499.00","1499.00","Mobile Phone","Budget","Average","Very Popular"
"Wayona Usb Nylon Braided Data Sync And Charging Cable For Iphone, Ipad Tablet (Red, Black)","4.2","25351","379.00","1099.00","Mobile Phone","Budget","Good","Very Popular"
"STRIFF Spiral Cable Protector Cord Saver for Mac Charger, iPhone Charger, Wire Protector, Lightweight Durable Flexible Wir...","4.2","2590","79.00","499.00","Mobile Phone","Budget","Good","Moderate"
"truke Newly Launched Buds A1 True Wireless Earbuds with 30dB Hybrid ANC, 48H Playtime, Quad-Mics with ENC, 3+1 EQ Modes, F...","4.3","185","1499.00","3999.00","Earbuds","Economy","Good","Low"
"boAt Type C A750 Stress Resistant, Tangle-free, Sturdy Flat Cable with 6.5A Fast Charging & 480Mbps Data Transmission, 100...","4.1","2084","399.00","999.00","Other","Budget","Good","Moderate"
"LG 108 cm (43 inches) 4K Ultra HD Smart LED TV 43UQ7500PSF (Ceramic Black)","4.3","1658","30490.00","49990.00","Television","Premium","Good","Moderate"
"Apple Lightning to USB Camera Adapter, USB 3.0 OTG Cable for iPhone/iPad to Connect Card Reader, USB Flash Drive, U Disk, ...","3.8","934","380.00","1599.00","Mobile Phone","Budget","Average","Low"
"Amazon Basics High-Speed HDMI Cable, 6 Feet - Supports Ethernet, 3D, 4K video,Black","4.4","437651","269.00","475.00","Other","Budget","Good","Very Popular"
"Ambrane Wired in Ear Earphones with in-line Mic for Clear Calling, 14mm Dynamic Drivers for BoostedBass™, 3.5mm Jack, Mult...","3.7","122","299.00","449.00","Other","Budget","Average","Low"
"Sounce WARP/Dash Charging Cable, Type C Cable 3FT 5V 4A Fast Charge Data Cable for OnePlus 8/8T, OnePlus 7, OnePlus 6T/ 6,...","3.7","4359","249.00","999.00","Mobile Phone","Budget","Average","Moderate"
"Faber-Castell 48 Triangular Colour Pencils","4.3","3820","435.00","480.00","Other","Budget","Good","Moderate"
"Redgear A-17 Gaming Mouse with Upto 6400 DPI, RGB Lighting and Braided Cable(Black)","4.2","1769","349.00","1299.00","Accessories","Budget","Good","Moderate"
"Navneet Youva | Primed Canvas Board for Acrylic and Oil Colour Painting | 10x12 inch | Pack of 3","4.4","3480","233.00","270.00","Other","Budget","Good","Moderate"
"Wesley Unisex Milestone Casual Waterproof Laptop Office School College Business Travel Backpack 25 L (Dimensions: 12.5x18 ...","4.3","12315","448.00","1199.00","Laptop","Budget","Good","Very Popular"
"TOUGH LEE 5 in 1 Cleaning Pen for Airpods Pro 1 2 3, Gadget Cleaner & Cleaning Kit Brush Set || Suitable for Earbuds, Mobi...","4.1","443","227.00","999.00","Earbuds","Budget","Good","Low"
"3M Scotch BOPP Packaging Clear Tape (Transparent) | 48mm x 50 Meter | Pack of 2 | for Packaging, Decorating and DIY","4.3","3881","229.00","260.00","Other","Budget","Good","Moderate"
"EGOTUDE Soft Slim Flexible Silicone Back Cover Case for iPhone 13 (Navy Blue, TPU)","3.9","2314","259.00","999.00","Mobile Phone","Budget","Average","Moderate"
"AmazonBasics 20W Phone Charger for Cellular Phones | Type C Adapter, Fast Charging (Black)","3.8","2280","469.00","999.00","Accessories","Budget","Average","Moderate"
"Netgear WiFi Range Extender EX6110 - Extend your Internet Wi-Fi up to 1200 sq ft & 20 Devices with AC1200 Dual Band Wirele...","4.2","2739","1999.00","3999.00","Networking","Economy","Good","Moderate"
"MI Braided Type C 100cm Cable Red|Supports Upto 22.5 Fast Charging|Tangle Free Sturdy Built with Kevlar Protection|Support...","4.4","12930","349.00","399.00","Other","Budget","Good","Very Popular"
"Brand Conquer 6 in 1 with OTG, SD Card Reader, USB Type C, USB 3.0 and Micro USB, for Memory Card | Portable Card Reader |...","4.3","8311","549.00","999.00","Other","Budget","Good","Popular"
"20W Charger Compatible with Apple iPhone 13 Charger, iPhone 12 Charger, iPhone 11 Charger, iPhone X Series | 20 Watt Charg...","3.5","16","1099.00","2999.00","Mobile Phone","Economy","Average","Low"
"truke Buds BTG3 Bluetooth Truly Wireless in Ear Earbuds with mic, AI-Powered Noise Cancellation, Auto Play/Pause, 55ms Low...","3.6","4598","999.00","2999.00","Earbuds","Budget","Average","Moderate"
"Cello Gripper Ball Pen | Jar of 25 | Blue Ball Pens | Smooth writing Ball Pens | Exam Pens with Grip | Ball pens set for S...","4.3","5303","170.00","250.00","Other","Budget","Good","Popular"
"Classmate Octane Colour Burst-Multicolour Gel Pens (Pack of 10) | Gold & Silver Glitter Sparkle Pens|10 colour ink shades ...","4.4","10972","97.00","100.00","Other","Budget","Good","Very Popular"
"ZEBRONICS Zeb-HAA3020 (3 Meter/9 feet) HDMI Cable Supports 3D, ARC & CEC Extension, Compatible with HDMI-Enabled TV, Blu-r...","4.3","4217","399.00","899.00","Other","Budget","Good","Moderate"
"Prolet 20MM Silicone Strap Compatible with Amazfit GTS 2 Mini, Amazfit Bip/Bip U/Pro/Lite, Bip S, Amazfit GTS/ 2/2e, Amazf...","4.0","2041","296.00","369.00","Other","Budget","Good","Moderate"
"CONA Standy Multiplug 3 in 1 - (White) - Multiplug with Stand, 125 Volt","4.0","866","195.00","399.00","Other","Budget","Good","Low"
"DIGITEK® (DRL 12C) Professional (12 inch) LED Ring Light with Tripod Stand for Mobile Phones & Camera, 3 Temperature Mode ...","4.1","13853","1599.00","2995.00","Mobile Phone","Economy","Good","Very Popular"
"Amazonbasics Nylon Braided Usb-C To Lightning Cable, Fast Charging Mfi Certified Smartphone, Iphone Charger (3-Foot, Dark ...","4.3","14140","999.00","1700.00","Mobile Phone","Budget","Good","Very Popular"
"Marklif Premium Metal Folding Portable Laptop Stand Non-Slip Base Bracket, Tabletop Risers for 10-17 Inch Laptop & Keyboar...","4.6","194","349.00","999.00","Laptop","Budget","Excellent","Low"
"PTron Bassbuds Plus in Ear True Wireless Stereo Earbuds with Mic, Deep Bass, Voice Assistance, IPX4 Sweat & Water Resistan...","3.6","28336","699.00","2200.00","Earbuds","Budget","Average","Very Popular"
"Fire-Boltt India's No 1 Smartwatch Brand Ring Bluetooth Calling with SpO2 & 1.7” Metal Body with Blood Oxygen Monitoring, ...","4.1","44638","2299.00","9999.00","Monitor","Economy","Good","Very Popular"
"JBL C50HI, Wired in Ear Headphones with Mic, One Button Multi-Function Remote, Lightweight & Comfortable fit (Red)","3.9","95654","499.00","999.00","Headphones","Budget","Average","Very Popular"
"Duracell CHHOTA Power Alkaline AAA Batteries - 20 Pcs","4.4","3806","342.00","400.00","Other","Budget","Good","Moderate"
"Blaupunkt SBA20 16W Bluetooth Soundbar for TV with Bluetooth/SD Card/Aux, Mini Sound/Audio System for TV Speakers, Mobile,...","3.9","11455","1499.00","3499.00","Mobile Phone","Economy","Average","Very Popular"
"American Tourister VALEX BLACK LAPTOP BACKPACK 28 Ltrs,Volume, LAPTOP COMPARTMENT, BOTTLE POCKET, FRONT ORGANIZER","3.6","5","1299.00","2500.00","Laptop","Economy","Average","Low"
"D-Link DIR-825/IIN/J1 MU-MIMO Gigabit Wireless Router, Dual Band, 1200 Mbps Wi-Fi Speed, 5 Gigabit Port, 4 External Antenn...","4.2","7649","2099.00","4000.00","Networking","Economy","Good","Popular"
"URBN 10000 mAh Lithium_Polymer 22.5W Super Fast Charging Ultra Compact Power Bank with Quick Charge & Power Delivery, Type...","4.0","8908","1299.00","2999.00","Accessories","Economy","Good","Popular"
"ZEBRONICS Zeb-Buds 30 3.5Mm Stereo Wired in Ear Earphones with Mic for Calling, Volume Control, Multifunction Button, 14Mm...","3.6","3166","199.00","499.00","Other","Budget","Average","Moderate"
"POLICE Backpack for Men Casual Laptop Bag Office/Travel/College 30 Ltr Hedge Polyester - Black","4.1","5286","1399.00","6999.00","Laptop","Economy","Good","Popular"
"Cosmic Byte C1070T Interstellar Wired Gamepad","4.1","11997","1099.00","1449.00","Other","Economy","Good","Very Popular"
"Acer 80 cm (32 inches) S Series HD Ready Android Smart LED TV AR32AR2841HDSB (Black)","4.4","2687","11999.00","22990.00","Television","Mid Range","Good","Moderate"
"JBL Cinema SB271, Dolby Digital Soundbar with Wireless Subwoofer for Extra Deep Bass, 2.1 Channel Home Theatre with Remot...","4.0","2001","12999.00","16999.00","Speakers","Mid Range","Good","Moderate"
"boAt Bassheads 220 in Ear Wired Earphones(Fiery Orange Indi)","4.1","276491","399.00","999.00","Other","Budget","Good","Very Popular"
"Sony MDR-ZX110A Wired On Ear Headphone without Mic (White)","4.0","50106","649.00","1390.00","Headphones","Budget","Good","Very Popular"
"7SEVEN® Compatible for Tata Sky Remote Original Set Top HD Box and Suitable for SD Tata Play setup Box Remote Control","4.1","62","299.00","799.00","Other","Budget","Good","Low"
"Amazon Basics Multipurpose Foldable Laptop Table with Mac Holder/Tab Holder | Table Holder Study Table, Breakfast Table, F...","3.7","2456","569.00","2999.00","Laptop","Budget","Average","Moderate"
"DIGITEK® (DLS-9FT) Lightweight & Portable Aluminum Alloy Light Stand for Ring Light, Reflector, Flash Units, Diffuser, Por...","4.3","6445","799.00","1295.00","Other","Budget","Good","Popular"
"Pagaria 2 in 1 Bluetooth 5.0 Transmitter Receiver 3.5mm Stereo Audio Adapter with Mic, Easy Slide Switch Mode, Model: KN330","3.8","13059","449.00","999.00","Accessories","Budget","Average","Very Popular"
"Artis PS-600VA 600VA Line Interactive UPS for Personal Computers , Desktop PCs, Laptops, Routers, Networking Devices and G...","3.9","10231","2499.00","3499.00","Laptop","Economy","Average","Very Popular"
"AmazonBasics Wireless Mouse, 2.4 GHz with USB Nano Receiver, Optical Tracking, for PC/Mac/Laptop/Tablet (Black)","3.6","41689","349.00","1199.00","Laptop","Budget","Average","Very Popular"
"Noise ColorFit Ultra Smart Watch with 1.75"" HD Display, Aluminium Alloy Body, 60 Sports Modes, Spo2, Lightweight, Stock Ma...","4.1","39693","1999.00","5999.00","Monitor","Economy","Good","Very Popular"
"Action Pro™ Helmet Chin Mount Strap Set Compatible with All Smartphones GoPro Hero 11 10 9 8 7 6 5 4 SJCAM DJI Osmo and Al...","3.8","4690","499.00","699.00","Mobile Phone","Budget","Average","Moderate"
"Parker Quink Flow Ballpoint Refill Fine Blue","4.2","1698","78.00","80.00","Other","Budget","Good","Moderate"
"Amazon Basics RJ45 Cat-5e Network Ethernet Patch/LAN Cable for Router - 50 Feet (15.2 Meters, White)","4.4","7156","379.00","1125.00","Networking","Budget","Good","Popular"
"Hola ! TF-500 Basic Corded Landline Phone for intercom and EPABX Desk & Wall Mountable, Mute/Pause/Flash/Redial Function (...","3.9","1873","499.00","799.00","Other","Budget","Average","Moderate"
"iQOO Neo 6 5G (Cyber Rage, 8GB RAM, 128GB Storage) | Only Snapdragon 870 in The Segment | 50% Charge in Just 12 Mins | 90 ...","4.4","22194","28999.00","34999.00","Other","Premium","Good","Very Popular"
"Ambrane Fast 100W Output Cable with Type-C to Type-C for Mobile, Laptop, Macbook & Table Charging, 480mbps Data Sync Spee...","4.2","1034","499.00","899.00","Laptop","Budget","Good","Moderate"
"Portronics Adapto 45 20W Mobile Charger Adapter with Dual Port (USB A + PD Type C), Fast Charging, Short Circuit Protectio...","4.1","9338","549.00","999.00","Mobile Phone","Budget","Good","Popular"
"realme Buds Wireless in Ear Bluetooth Earphones with mic, 11.2mm Bass Boost Driver, Magnetic Fast Pair, Fast Charging and ...","4.1","73092","1599.00","1999.00","Mobile Phone","Economy","Good","Very Popular"
"iFFALCON 80 cm (32 inches) HD Ready Smart LED TV 32F53 (Black)","4.2","1498","8999.00","27990.00","Other","Mid Range","Good","Moderate"
"Samsung Level U2 Original in Ear Wireless Stereo Headset with Mic (Blue)","3.7","4701","2199.00","2999.00","Headphones","Economy","Average","Moderate"
"Ambrane 27000mAh Power Bank, 20W Fast Charging, Triple Output, Type C PD (Input & Output), Quick Charge, Li-Polymer, Mult...","4.1","3638","2499.00","2999.00","Accessories","Economy","Good","Moderate"
"Gizga Essentials 2-in-1 Professional Cleaning Kit (XL -170ML) for Camera, Lens, Binocular, Laptop, TV, Monitor,Smartphone,...","4.2","25215","349.00","599.00","Laptop","Budget","Good","Very Popular"
"Sony MDR-XB55AP Premium in-Ear Extra Bass Wired Headphones with Mic (Black)","4.3","16584","2099.00","2490.00","Headphones","Economy","Good","Very Popular"
"ZEBRONICS Zeb-Sound Bomb N1 True Wireless in Ear Earbuds with Mic ENC, Gaming Mode (up to 50ms), up to 18H Playback, BT V...","3.5","2347","899.00","4199.00","Earbuds","Budget","Average","Moderate"
"DR VAKU® 20W iPhone Charger Type C Adapter for iPhone 14/ 14 Plus/ 14 Pro/ 14 Pro Max, iPhone 13/13 Pro/13 Pro Max/13 Min...","4.4","11273","899.00","1599.00","Mobile Phone","Budget","Good","Very Popular"
"Safari Quill Laptop Backpack 26 Ltrs Water Resistant Fabric - Black, L (QUILL19CBBLK)","3.9","710","799.00","2899.00","Laptop","Budget","Average","Low"
"Amozo Designed for iPhone 14 Pro Cover | Ultra Hybrid Drop and Camera Protection Back Cover Case for iPhone 14 PRO (TPU + ...","4.2","218","284.00","1499.00","Mobile Phone","Budget","Good","Low"
"Redmi Note 11 (Horizon Blue, 4GB RAM, 64GB Storage) | 90Hz FHD+ AMOLED Display | Qualcomm® Snapdragon™ 680-6nm | 33W Charg...","4.1","53671","11999.00","17999.00","Mobile Phone","Mid Range","Good","Very Popular"
"Nokia 215 4G Dual SIM 4G Phone with Long Battery Life, Multiplayer Games, Wireless FM Radio and Durable Ergonomic Design |...","3.5","6467","3249.00","3799.00","Other","Economy","Average","Popular"
"boAt Stone 1000 14W Bluetooth Speaker with 8 Hours Playback, Bluetooth v5.0 & IPX5(Black)","4.3","40917","2999.00","6990.00","Speakers","Economy","Good","Very Popular"
"Syga Two-Finger Silicone Pencil Grips for Kids Handwriting Pencil Holder for Children Preschoolers Writing Training Grip -...","3.6","4070","179.00","650.00","Other","Budget","Average","Moderate"
"Ohuhu Double Tipped Alcohol Markers, Art Marker Set for Kids, Adults Coloring Illustration, Great Value Pack for Students'...","4.3","2852","999.00","2399.00","Other","Budget","Good","Moderate"
"Sounce 3 Pack 20mm Watch Straps Compatible for Amazfit GTS 2 Mini, Amazfit Bip/ Bip U/ Bip U Pro/ Bip Lite, Bip S, Amazfit...","3.9","4643","299.00","999.00","Other","Budget","Average","Moderate"
"Beetel B17 Corded Landline Phone, Ringer Volume Control, LED for Ring Indication, Wall/Desk Mountable, Elegant Design,Clea...","3.9","32568","549.00","629.00","Other","Budget","Average","Very Popular"
"Redgear A-15 Wired Gaming Mouse with RGB, Semi-Honeycomb Design and Upto 6400 dpi for Windows PC Gamers(White)","4.3","1768","499.00","799.00","Accessories","Budget","Good","Moderate"
"Bennett Nylon Drax Laptops, Tablets Laptop Bag Sleeve Case Cover Pouch for 14 inches Laptop Apple/Dell/Lenovo/ASUS/Hp/Sams...","4.1","2425","299.00","999.00","Laptop","Budget","Good","Moderate"
"Sony Premium MDR-XB55AP in-Ear Extra Bass Wired Headphones with Mic (Blue)","4.3","16584","2099.00","2490.00","Headphones","Economy","Good","Very Popular"
"SanDisk 64GB Ultra Dual Drive Luxe Type USB C Flash Drive (5Y - SDDDC4-064G-I35, Silver)","4.3","24098","868.00","1900.00","Other","Budget","Good","Very Popular"
"WeCool Moonwalk M1 ENC True Wireless in Ear Earbuds with Mic, Titanium Drivers for Rich Bass Experience, 40+ Hours Play Ti...","4.1","2770","799.00","1999.00","Earbuds","Budget","Good","Moderate"
"pTron Volta FC17 25W Type-C to Type-C PD Superfast Charger for Samsung S21/S21+/S21 Ultra/S20/S20+/S20 Ultra/Note 20/Note ...","3.7","13","599.00","1799.00","Accessories","Budget","Average","Low"
"pTron Studio Pixel Over-Ear Wireless Gaming Headphones with 30ms Low Latency, 40Hrs Playtime, 40mm Drivers, Punchy Bass, B...","3.8","648","999.00","3999.00","Mobile Phone","Budget","Average","Low"
"Anthems Study Table/Bed Table/Foldable and Portable Wooden/Writing Desk for Office/Home/School (Black MAXX)","4.0","399","399.00","799.00","Other","Budget","Good","Low"
"SupCares Aluminium 7 Height Adjustable, Ventilated, Foldable, Portable Laptop Stand for Desk & Table Mount Upto 15.6 inch ...","4.5","719","499.00","1299.00","Laptop","Budget","Excellent","Low"
"POPIO Tempered Glass Compatible for iPhone 13 / iPhone 13 Pro/iPhone 14 (Transparent) Edge to Edge Full Screen Coverage wi...","4.2","939","150.00","599.00","Mobile Phone","Budget","Good","Low"
"CP PLUS 2MP Full HD Smart Wi-fi CCTV Home Security Camera | 360° with Pan Tilt | 2Way Talk | Cloud Monitor | Motion Detect...","3.8","2584","1899.00","4700.00","Television","Economy","Average","Moderate"
"VIHM 7 in 1 Electronic Cleaner kit, Cleaning Kit for Monitor Keyboard Airpods MacBook iPad iPhone iPod, Screen Dust Brush ...","4.2","419","399.00","899.00","Laptop","Budget","Good","Low"
"Onsitego 1 Year Extended Warranty for Small Appliances (Rs.5001-10000) (Email Delivery - No Physical Kit)","3.9","4755","227.00","979.00","Other","Budget","Average","Moderate"
"realme C35 (Glowing Green, 6GB RAM, 128GB Storage)","3.8","95","13539.00","16999.00","Mobile Phone","Mid Range","Average","Low"
"FEDUS Cat6 Ethernet Cable, 30 Meter High Speed 550MHZ / 10 Gigabit Speed UTP LAN Cable, Network Cable Internet Cable RJ45 ...","4.4","9050","199.00","4499.00","Other","Budget","Good","Popular"
"Amazon Basics 128GB microSDXC Memory Card with Full Size Adapter, 100MB/s, U3","4.6","21342","949.00","2500.00","Accessories","Budget","Excellent","Very Popular"
"Oytra 20 Piece Stamps for Kids Emoji and Motivation Reward Art Teachers Students Birthday Gift Craft Scrapbooking","4.0","1011","359.00","1000.00","Other","Budget","Good","Moderate"
"SHREENOVA® ID116 Plus Bluetooth Fitness Smart Watch for Men Women and Kids Activity Tracker (Black)","3.4","20","399.00","999.00","Smartwatch","Budget","Average","Low"
"HP 65W AC Laptops Charger Adapter 4.5mm for HP Pavilion Black (Without Power Cable)","4.3","2420","975.00","1547.00","Laptop","Budget","Good","Moderate"
"Infinity (JBL Fuze 100, Wireless Portable Bluetooth Speaker with Mic, Deep Bass, Dual Equalizer, IPX7 Waterproof, Rugged F...","4.1","25576","1499.00","2999.00","Speakers","Economy","Good","Very Popular"
"boAt Airdopes 191G True Wireless In Ear Earbuds with ENx Tech Equipped Quad Mics, Beast Mode(Low Latency- 65ms) for Gamin...","3.6","1081","1599.00","3490.00","Earbuds","Economy","Average","Moderate"
"Lenovo Legion M200 RGB Gaming Wired USB Mouse, Ambidextrous, 5-Buttons, Upto 2400 DPI with 4 Levels DPI Switch, 7-Colour R...","4.4","4427","799.00","2114.00","Accessories","Budget","Good","Moderate"
"Logitech M90 Wired USB Mouse, 3 yr Warranty, 1000 DPI Optical Tracking, Ambidextrous PC/Mac/Laptop - Black","4.4","26477","295.00","395.00","Laptop","Budget","Good","Very Popular"
"TP-Link UE300C USB Type-C to RJ45 Gigabit Ethernet Network Adapter/RJ45 LAN Wired Adapter for Ultrabook, Chromebook, Lapto...","4.5","23584","1199.00","1999.00","Laptop","Economy","Excellent","Very Popular"
"boAt Immortal IM1000D Dual Channel Gaming Wired Over Ear Headphones with mic, 7.1 Channel Surround Audio, Dolby Atmos, 50m...","4.1","3585","1899.00","5900.00","Headphones","Economy","Good","Moderate"
"3M Scotch Magic Tape Roll (2N) with Refillable Dispenser | 1.9cm x 25.4 Meter | Invisible, writable and Hand tearable | fo...","4.5","3157","219.00","250.00","Other","Budget","Excellent","Moderate"
"VMT Stock Xundd Back Cover Case Compatible with OnePlus 11R 5G (Armor | Clear PC and TPU)","3.9","20","259.00","999.00","Mobile Phone","Budget","Average","Low"
"Inefable® (10 Pcs with Black Pouch) Pubg Anti-Slip Thumb Sleeve, Slip-Proof Sweat-Proof Professional Touch Screen Thumbs F...","3.6","240","149.00","599.00","Other","Budget","Average","Low"
"boAt Stone 260 4W Bluetooth Speaker with Upto 9 Hours Playback, IPX5 and Carabiner(Prism)","4.2","14871","1499.00","2490.00","Speakers","Economy","Good","Very Popular"
"PTron Bullet 3.1A Fast Charging Car Charger, 3 USB Port, Fire Resistant, Lightweight, & Compact Car Charger for All Mobile...","4.0","7243","249.00","799.00","Mobile Phone","Budget","Good","Popular"
"Inefable® Pubg Anti-Slip Thumb Sleeve, Increase Your Gaming Score Slip-Proof Sweat-Proof Professional Touch Screen Thumbs ...","3.5","452","88.00","599.00","Other","Budget","Average","Low"
"Ambrane 20W Type C Charger/Adapter, PD Technology Fast Charging for iPhone 8 or Above, Android & Other Type C Enabled Devi...","4.0","1634","499.00","999.00","Mobile Phone","Budget","Good","Moderate"
"Alboss Wall Mounted Storage Box Remote Storage Organizer Case for TV Mobile Phone Plug Air Conditioner Holder Stand Rack, ...","3.9","752","299.00","899.00","Mobile Phone","Budget","Average","Low"
"OFIXO 100 Pieces Colour Sheets Copy Printing Papers/Art and Craft Paper A4 Sheets Double Sided Coloured Origami Folding DI...","4.3","21489","219.00","999.00","Other","Budget","Good","Very Popular"
"Sony SA-D40 4.1 Channel Multimedia Speaker System with Bluetooth (Black)","4.3","10851","9490.00","9990.00","Speakers","Mid Range","Good","Very Popular"
"Xiaomi Pad 5| Qualcomm Snapdragon 860| 120Hz Refresh Rate| 6GB, 256GB| 2.5K+ Display (10.95-inch/27.81cm)|1 Billion Colour...","4.5","3300","28999.00","39999.00","Monitor","Premium","Excellent","Moderate"
"PC SQUARE Laptop Tabletop Stand/ Computer Tablet Stand 6 Angles Adjustable Aluminum Ergonomic Foldable Portable Desktop Ho...","4.2","2921","485.00","1299.00","Laptop","Budget","Good","Moderate"
"Acer 127 cm (50 inches) I Series 4K Ultra HD Android Smart LED TV AR50AR2851UDFL (Black)","4.4","7944","26999.00","40990.00","Television","Premium","Good","Popular"
"pTron Tangent Duo Made in India Bluetooth 5.2 Wireless in-Ear Earphones with Mic, 24Hrs Playback, 13mm Drivers, Punchy Bas...","3.2","4644","499.00","1899.00","Other","Budget","Average","Moderate"
"Sounce Silicone Adjustable Watch Band Strap For Xiaomi Mi Band 3/ Mi Band 4 (Not Compatible For Mi Band 1/2)","4.0","28571","149.00","299.00","Other","Budget","Good","Very Popular"
"pTron Solero M241 2.4A Micro USB Data & Charging Cable, Made in India, 480Mbps Data Sync, Durable 1-Meter Long USB Cable f...","3.9","1524","89.00","800.00","Other","Budget","Average","Moderate"
"Smart Watch for Men Women ID116 Plus Smart Bracelet Fitness Tracker Color Screen Smartwatch Heart Rate Blood Pressure Pedo...","4.7","69","449.00","1599.00","Smartwatch","Budget","Excellent","Low"
"Ambrane Type-C to Micro USB OTG Adapter for 3A Fast Charging and Data Sync- Compatible with All Type-C Enabled Devices Blue","3.8","274","149.00","399.00","Accessories","Budget","Average","Low"
"Noise ColorFit Pulse Grand Smart Watch with 1.69""(4.2cm) HD Display, 60 Sports Modes, 150 Watch Faces, Fast Charge, Spo2, ...","4.0","99693","1499.00","3999.00","Monitor","Economy","Good","Very Popular"
"truke BTG Beta True Wireless in Ear Earbuds with 13mm Big Speaker Drivers, 38H Playtime, Fast Charging, True Gaming Mode, ...","3.9","543","899.00","2499.00","Earbuds","Budget","Average","Low"
"Sounce AirPods Pro Case Cover Portable Silicone Skin Cover with Keychain Carabiner (Supports Wireless Charging) Compatible...","3.7","13888","199.00","499.00","Earbuds","Budget","Average","Very Popular"
"XPG ADATA GAMMIX D30 DDR4 8GB (1x8GB) 3200MHz U-DIMM Desktop Memory - AX4U32008G16A-SR30","4.5","2284","2006.00","6299.00","Other","Economy","Excellent","Moderate"
"boAt Airdopes 113 TWS Wireless in Ear Earbuds with ENx Tech, Beast Mode, ASAP Charge, 24H Playtime, Immersive Audio, IPX4,...","4.3","134","1299.00","2990.00","Earbuds","Economy","Good","Low"
"Mivi Duopods A25 Bluetooth Truly Wireless in Ear Earbuds with Mic with 40Hours Battery, 13Mm Bass Drivers & Made in India....","3.6","35627","1099.00","2999.00","Earbuds","Economy","Average","Very Popular"
"Gizga Essentials Set of 10 Cable Organiser, Cable Protector & Wire Organizer Clips for Cables, Reusable Cable Organizer fo...","4.2","1940","249.00","799.00","Other","Budget","Good","Moderate"
"F Gear Luxur Brown 25 liter Laptop Backpack (2404)","4.4","16448","1032.00","2580.00","Laptop","Economy","Good","Very Popular"
"LOHAYA Remote Compatible for Mi Smart LED TV 4A Remote Control (32""/43"") [ Compatible for Mi Tv Remote Control ] [ Compati...","3.8","1160","236.55","799.00","Television","Budget","Average","Moderate"
"Fire-Boltt Dagger 1.43"" AMOLED Display Smartwatch, 96% Screen to Body Ratio with Single BT Bluetooth Calling, IP68, Dual B...","4.4","742","3799.00","18999.00","Monitor","Economy","Good","Low"
"AEIDESS Screen Guard Compatible for Ola S1 / S1 Pro EV Scooter (Transparent)","4.0","493","251.00","1299.00","Other","Budget","Good","Low"
"ZEISS Lens Wipes - Pre-Moistened Lens Cleaning Wipes | Multi Purpose, Easy To Carry, On-The-Go and Individually Packed Wip...","4.2","1191","220.00","249.00","Other","Budget","Good","Moderate"
"JEBISON Smart Multipurpose Foldable Laptop Table with Cup Holder, Study Table, Bed Table, Breakfast Table, Foldable and Po...","4.3","9","229.00","699.00","Laptop","Budget","Good","Low"
"Tarkan Universal Bike Mount Silicone Mobile Holder, 360° Rotating Handlebar Stand for Bicycle, Motorcycle, Scooty Fits All...","3.8","5248","199.00","999.00","Mobile Phone","Budget","Average","Popular"
"Maono AU-B01 Microphone Suspension Boom Scissor Arm Stand (Black)","4.1","1513","459.00","999.00","Other","Budget","Good","Moderate"
"ZEBRONICS Sound Bomb 7 Bluetooth TWS in Ear Earbuds with 40H Playtime, ENC Mic, Rapid Charge, Upto 50ms Gaming Mode, Flash...","3.7","884","899.00","4299.00","Earbuds","Budget","Average","Low"
"Ambrane Stringz 38 Wired Earphones with Mic, Powerful HD Sound with High Bass, Tangle Free Cable, Comfort in-Ear Fit, 3.5m...","3.8","22260","229.00","449.00","Other","Budget","Average","Very Popular"
"Tecno POP 6 Pro (Peaceful Blue, 2GB RAM,32GB Storage) | Front Flash | 8MP Dual Camera","4.1","531","6799.00","7999.00","Camera","Mid Range","Good","Low"
"SONATA GOLD Series 1080p HD Bulb Light Wireless IP Camera,Fish Eye 360 Degree Panoramic Mini Lamp IR CCTV Home Security Ca...","4.4","1018","1899.00","4999.00","Television","Economy","Good","Moderate"
"MYVN Compatible with OnePlus 11/11R/10/10pro/10r/8T/9/9pro/9r/nord 2 Fast Charging Cable 6.5A Warp Charge USB C to USB C C...","4.1","895","349.00","999.00","Mobile Phone","Budget","Good","Low"
"Sounce Adjustable Xiaomi Mi Band 5 & Mi Band 6 Watch Strap Silicone Adjustable - Set of 5","4.1","3959","299.00","300.00","Other","Budget","Good","Moderate"
"BenQ GW2780 27 inch (68 cm) 1920 x 1080 Pixels IPS Full HD Ultra-Slim Bezel Monitor- Eye Care, Anti-Glare, Brightness Inte...","4.4","18748","12899.00","16990.00","Mobile Phone","Mid Range","Good","Very Popular"
"7SEVEN® Bluetooth Voice Command Remote for Xiaomi Redmi Mi Smart TV with Netflix & Prime Video Hot Keys XMRM-00A","3.3","631","699.00","1999.00","Mobile Phone","Budget","Average","Low"
"Verilux® USB C Hub, 6 in 1 Aluminum Multiport Adapter with 4K@30Hz HDMI, PD 87W&USB C Data Transfer, USB 3.0/2.0 Port, SD/...","4.0","2489","1189.00","1754.00","Accessories","Economy","Good","Moderate"
"SupCares Edge to Edge Tempered Glass for iQOO Neo 6 5G / iQOO Neo 6 SE 5G / iQOO 9 SE 5G / iQOO 7 5G / iQOO 7 Legend 5G (...","4.2","1031","279.00","799.00","Other","Budget","Good","Moderate"
"Western Digital WD Green SATA 480GB, Up to 545MB/s, 2.5 Inch/7 mm, 3Y Warranty, Internal Solid State Drive (SSD) (WDS480G3...","4.4","6894","2348.00","7200.00","Other","Economy","Good","Popular"
"iPhone Fast Charger Original 20W Charger Compatible with Apple iPhone for 13/13 Mini/13Pro/13 Pro Max I-Phone 12/12 Pro/12...","4.2","23","899.00","1499.00","Mobile Phone","Budget","Good","Low"
"KINGONE Wireless Charging Pencil (2nd Generation) for iPad with Magnetic and Tilt Sensitive, Palm Rejection, Compatible wi...","4.4","2302","2599.00","6999.00","Tablet","Economy","Good","Moderate"
"AYL Waterproof D-20 Touch Screen Smart Watch Bluetooth Smartwatch with Blood Pressure Tracking, Heart Rate Sensor and Basi...","3.3","95","470.00","1499.00","Smartwatch","Budget","Average","Low"
"Fastrack Reflex Play|1.3” AMOLED Display Smart Watch with AOD|Premium Metallic Body|Animated Watchfaces|in-Built Games|BP...","3.6","3010","3495.00","7995.00","Monitor","Economy","Average","Moderate"
"EGOTUDE Soft Slim Flexible Silicone Back Cover Case for iPhone 13 (Matte Black, TPU)","3.9","2314","259.00","999.00","Mobile Phone","Budget","Average","Moderate"
"TheGiftKart Ultra-Hybrid Crystal Clear Back Case Cover for Samsung Galaxy S23 Ultra 5G | Shockproof Design | Camera Protec...","4.8","64","379.00","999.00","Mobile Phone","Budget","Excellent","Low"
"Amazon Basics Magic Slate 15-inch LCD Writing Tablet with Stylus Pen, for Drawing, Playing, Noting by Kids & Adults, Black","4.0","804","1039.00","2999.00","Tablet","Economy","Good","Low"
"HP 805XL Black Original Ink Cartridge","4.0","7559","1292.00","1293.00","Other","Economy","Good","Popular"
"rts (2 pack) Type C USB 3.1 Female to USB Male Adapter USB Type C to USB A Charger Cable Adapter,Compatible for All Smartp...","4.3","5216","294.00","4999.00","Accessories","Budget","Good","Popular"
"Gizga Essentials Laptop Bag Sleeve Case Cover Pouch with Handle for 15.6 Inch Laptop for Men & Women, Padded Laptop Compar...","4.2","2055","269.00","1099.00","Laptop","Budget","Good","Moderate"
"SanDisk Extreme microSD UHS I Card 64GB for 4K Video on Smartphones,Action Cams 170MB/s Read,80MB/s Write","4.4","288","649.00","1600.00","Mobile Phone","Budget","Good","Low"
"TP-Link UE300 USB 3.0 to RJ45 Gigabit Ethernet Network Adapter - Plug and Play","4.5","23584","1099.00","1899.00","Accessories","Economy","Excellent","Very Popular"
"Epaal® Spiral Triple Color (2 Pcs) 1.4 Meters Each-Full Size Cable Cord Charger Protector Saver Winder for iPhone & Androi...","4.3","2278","189.00","399.00","Mobile Phone","Budget","Good","Moderate"
"Redmi SonicBass Wireless In Ear Earphones with Mic Noise Cancellation, IPX4 Splash & Sweat Proof, Multi-Point Dual Pairin...","3.8","8004","1299.00","1599.00","Mobile Phone","Economy","Average","Popular"
"STRIFF UPH2W Multi Angle Tablet/Mobile Stand. Holder for iPhone, Android, Samsung, OnePlus, Xiaomi. Portable,Foldable Stan...","4.1","3062","89.00","499.00","Mobile Phone","Budget","Good","Moderate"
"REDMI Wired High Definition in-Ear Earphones with in-Built HD Mic, Hi-Res Audio Certified, 10 mm Driver, Metal Sound Chamb...","4.1","24959","449.00","599.00","Mobile Phone","Budget","Good","Very Popular"
"HP w200 HD 720P 30 FPS Digital Webcam with Built-in Mic, Plug and Play Setup, Wide-Angle View for Video Calling on Skype, ...","4.0","2525","1099.00","2999.00","Accessories","Economy","Good","Moderate"
"Lava Flip, Blue - Dual Sim Keypad GSM Mobile with Unique Design, Notification LED and Number Talker","4.0","7386","1790.00","2129.00","Mobile Phone","Economy","Good","Popular"
"FLiX (Beetel USB to Type C PVC Data Sync & 2A Smartphone Fast Charging Cable, Made in India, 480Mbps Data Sync, Tough Cabl...","4.0","10079","149.00","249.00","Mobile Phone","Budget","Good","Very Popular"
"Safari Quill Laptop Backpack 26 Ltrs Water Resistant Fabric - Blue, L (QUILL19CBBLU)","4.1","492","799.00","2899.00","Laptop","Budget","Good","Low"
"APC Back-UPS BX1100C-IN 1100VA / 660W, 230V, UPS System, An ideal Power Backup & Protection for Home Office, Desktop PC & ...","3.9","5861","7939.00","9990.00","Other","Mid Range","Average","Popular"
"Duracell CHHOTA Power Alkaline AA Batteries - 20 Pcs","4.4","3397","342.00","400.00","Other","Budget","Good","Moderate"
"MYVN Soft Silicone Case Compatible with Samsung Galaxy Buds 2 Case (2021) / Galaxy Buds Pro Case (2021) / Galaxy Buds Live...","3.6","779","299.00","999.00","Mobile Phone","Budget","Average","Low"
"boAt Airdopes 181 in-Ear True Wireless Earbuds with ENx Tech, Beast Mode(Low Latency Upto 60ms) for Gaming, with Mic, AS...","3.7","12877","1599.00","2990.00","Earbuds","Economy","Average","Very Popular"
"Redmi Pad | MediaTek Helio G99 | 26.95cm (10.61 inch) 2K Resolution & 90Hz Refresh Rate Display | 4GB RAM & 128GB Storage,...","4.3","190","17999.00","28999.00","Mobile Phone","Mid Range","Good","Low"
"WOW IMAGINE Shock Proof Clear Back Cover Case Mobile Cover for Samsung Galaxy M33 5G (Hard | Hybrid PC + TPU | Full Armour...","4.2","1483","251.00","999.00","Mobile Phone","Budget","Good","Moderate"
"Tough Lee Tempered Glass Screen Guard for Poco C50 / Mi Redmi 11 Prime / A1 / 10A / 9A Sport / 9 Activ / 9A / 9 / 9i, Oppo...","4.0","3288","142.00","999.00","Mobile Phone","Budget","Good","Moderate"
"FLiX (Beetel USB to Micro USB PVC Data Sync & 2A Fast Charging Cable, Made in India, 480Mbps Data Sync, Solid Cable, 1 Met...","4.0","10079","99.00","199.00","Other","Budget","Good","Very Popular"
"KRISONS Cylender 4” Double Woofer 30W Multi-Media Bluetooth Party Speaker with Wired Mic for Karaoke, RGB Lights, USB, SD ...","3.6","350","1599.00","4999.00","Speakers","Economy","Average","Low"
"Gizga Essentials Laptop Bag Sleeve Case Cover Pouch with Handle for 14.1 Inch Laptop for Men & Women, Padded Laptop Compar...","4.1","1339","269.00","1099.00","Laptop","Budget","Good","Moderate"
"Samsung Galaxy A14 5G (Dark Red, 6GB, 128GB Storage) | Triple Rear Camera (50 MP Main) | Upto 12 GB RAM with RAM Plus | Tr...","3.5","106","18999.00","20999.00","Mobile Phone","Mid Range","Average","Low"
"AEIDESS Tempered Glass Screen Protector Compatible For Oneplus Nord 2 5G with Edge to Edge Coverage and Easy Installation Kit","4.1","2990","149.00","599.00","Mobile Phone","Budget","Good","Moderate"
"Orico 2.5""(6.3cm) USB 3.0 HDD Enclosure Case Cover for SATA SSD HDD | SATA SSD HDD Enclosure High Speed USB 3.0 | Tool Fre...","4.3","14190","658.00","860.00","Other","Budget","Good","Very Popular"
"TheGiftKart Tough Armor Bumper Back Case Cover for OnePlus 11R 5G | Ring Holder & Kickstand in-Built | 360 Degree Protecti...","4.0","1","329.00","999.00","Mobile Phone","Budget","Good","Low"
"Artis AR-45W-MG2 45 Watts MG2 Laptop Adapter/Charger Compatible with MB Air 13” & MB Air 11” (14.5 V, 3.1 A) Connector: MG...","3.6","7884","1699.00","3499.00","Laptop","Economy","Average","Popular"
"JBL Flip 5 Wireless Portable Bluetooth Speaker, Signature Sound with Powerful Bass Radiator, Vibrant Colors with Rugged De...","4.4","14287","7998.00","10999.00","Speakers","Mid Range","Good","Very Popular"
"Belkin Fast Charging,Universally Compatible Dual USB-C 40W Pd Wall Charger-Power Delivery 3.0 Certified,Each Port Delivers...","4.5","1362","1999.00","2999.00","Accessories","Economy","Excellent","Moderate"
"Tecno Spark 8 Pro (Turquoise Cyan, 4GB RAM,64GB Storage) | 48MP Triple Camera | 33W Fast Charger","4.1","4871","8699.00","13499.00","Camera","Mid Range","Good","Moderate"
"DURACELL 36 Watts Fast Wall Charger Adapter, Type C Power Delivery & QC 3.0 USB Charger Fast Charging Compatible with iPho...","4.4","4071","1599.00","2799.00","Accessories","Economy","Good","Moderate"
"Sounce Anti-Slip Silicone Ear Buds 2-Pair 4-Pcs Silicone Earphone & Bluetooth Ear Hook Medium Size Ear Hooks Plugs for in-...","4.0","380","115.00","999.00","Other","Budget","Good","Low"
"MI Power Bank Hypersonic 20000mAh 50W Lithium Polymer Supports Laptop Charging 50W Mobile Charging | Power Delivery 3.0 Fa...","4.1","1415","3999.00","4999.00","Laptop","Economy","Good","Moderate"
"Amazon Basics Capacitive Stylus Pen for iOS and Android Touchscreen Devices, Fine Point Disc Tip, Lightweight Metal Body w...","3.6","903","369.00","1099.00","Other","Budget","Average","Low"
"Tokdis MX-1 Pro Bluetooth Calling Smartwatch - 1.69” LCD Display, Multiple Watch Faces, Sleep Monitor, Heart & SpO2 Monito...","3.1","588","799.00","3499.00","Monitor","Budget","Average","Low"
"GreatDio® Transparent Envelope Folder | Poly-Plastic A4 Documents File Storage Bag with Snap Button | Document Folder for ...","4.1","2293","399.00","568.00","Other","Budget","Good","Moderate"
"TP-Link Tapo 2MP 1080p Full HD Home Security Wi-Fi Smart Camera| Alexa Enabled| 2-Way Audio| Night Vision| Motion Detectio...","4.2","99243","2087.00","2899.00","Camera","Economy","Good","Very Popular"
"EGOTUDE Shockproof Transparent Hard Back Scratch Resistant Cover Case for iPhone 14 / iPhone 13 (Clear)","4.1","110","279.00","1499.00","Mobile Phone","Budget","Good","Low"
"Wayona Type C To Type C Long Fast Charging Cable Type C Charger Cord Compatible With Samsung S22 S20 S20 Fe 2022 S22 Ultra...","4.3","3214","329.00","1999.00","Accessories","Budget","Good","Moderate"
"RPM Euro Games USB Wireless Gaming Mouse Rechargeable 500 mAh Battery DPI Upto 3200 6 Color RGB Lights Rubber Coated Mice,...","4.0","534","649.00","1490.00","Accessories","Budget","Good","Low"
"Portronics My Buddy D Wood Multipurpose Movable & Adjustable Table for Computer & Laptop(Brown)","4.0","346","1598.00","2999.00","Laptop","Economy","Good","Low"
"Verilux® Flash Drive 64GB 4 in 1 Pendrive with Light-ning, Micro USB, USB A, Type-C Interface Mini Hangable Pen Drive for ...","4.1","80","1424.00","2245.00","Other","Economy","Good","Low"
"Offbeat® - DASH 2.4GHz Wireless + Bluetooth 5.1 Mouse, Multi-Device Dual Mode Slim Rechargeable Silent Click Buttons Wirel...","4.2","2541","1099.00","1499.00","Accessories","Economy","Good","Moderate"
"Sony WI-XB400 Wireless Extra Bass in-Ear Headphones with 15 hrs Battery, Quick Charge, Magnetic Earbuds, Tangle Free Cord,...","4.1","47649","3240.00","4990.00","Earbuds","Economy","Good","Very Popular"
"Anchor by Panasonic Spike Guard 4-Way Socket with Single Switch (White), 240 V, 1440 Watt","4.2","7469","426.00","589.00","Other","Budget","Good","Popular"
"7SEVEN® Compatible for Samsung Smart 4K Ultra HD TV Monitor Remote Control Replacement of Original Samsung TV Remote for L...","3.7","572","369.00","999.00","Television","Budget","Average","Low"
"Fire-Boltt 360 SpO2 Full Touch Large Display Round Smart Watch with in-Built Games, 8 Days Battery Life, IP67 Water Resist...","4.0","15651","1799.00","8999.00","Monitor","Economy","Good","Very Popular"
"HP v222w 64GB USB 2.0 Pen Drive (Silver)","4.2","5260","449.00","1300.00","Other","Budget","Good","Popular"
"Blaupunkt SBA10 10W Bluetooth Soundbar Speaker for TV with Bluetooth, AUX, USB, TWS Mini Soundbar for TV/PC/Projectors/Tab...","3.9","11455","999.00","2499.00","Earbuds","Budget","Average","Very Popular"
"TheGiftKart Tough Armor Bumper Back Case Cover for OnePlus 11 5G | Ring Holder & Kickstand in-Built | 360 Degree Protectio...","4.8","17","329.00","999.00","Mobile Phone","Budget","Excellent","Low"
"ZEBRONICS Zeb- Haze 2.4GHz Wireless Mouse with up to 1200 DPI, Power Saving Mode, Nano Receiver and Plug & Play Usage - Black","5.0","1","299.00","499.00","Accessories","Budget","Excellent","Low"
"Fire-Boltt Ninja 3 Smartwatch Full Touch 1.69 "" & 60 Sports Modes with IP68, Sp02 Tracking, Over 100 Cloud based watch fac...","4.2","27438","1299.00","7999.00","Smartwatch","Economy","Good","Very Popular"
"tizum Foldable Tablet/Mobile Phone Tabletop Stand Holder, Adjustable Angle, Anti-Slip Pads, Cradle, Dock Compatible for Ip...","4.3","4220","89.00","799.00","Mobile Phone","Budget","Good","Moderate"
"Panasonic eneloop pro Ni‐MH AA Rechargeable Battery, low self discharge for multi use up to 2550 mAh capacity, storage lif...","4.4","26595","1260.00","1400.00","Other","Economy","Good","Very Popular"
"URBN 20000 mAh Lithium_Polymer 22.5W Super Fast Charging Ultra Compact Power Bank with Quick Charge & Power Delivery, Type...","4.0","8908","1999.00","3999.00","Accessories","Economy","Good","Popular"
"Samsung Galaxy M13 5G (Midnight Blue, 4GB, 64GB Storage) | 5000mAh Battery | Upto 8GB RAM with RAM Plus","4.1","22813","12999.00","16999.00","Mobile Phone","Mid Range","Good","Very Popular"
"Amozo Ultra Hybrid Camera and Drop Protection Back Cover Case for iPhone 13 (Polycarbonate| Back Transparent - Sides Black)","4.3","1742","474.00","1799.00","Mobile Phone","Budget","Good","Moderate"
"Beetel B11 Corded Landline Phone, Ringer Volume Control, LED for Ring Indication, Wall/Desk Mountable, Classic Design, Cle...","3.9","32568","549.00","599.00","Other","Budget","Average","Very Popular"
"Belkin Apple Certified Lightning To Type C Cable, Fast Charging For Iphone, Ipad, Air Pods, 3.3 Feet (1 Meters)  White","4.4","4432","999.00","2499.00","Mobile Phone","Budget","Good","Moderate"
"Qubo Mini UPS Plus from Hero Group | Uninterrupted Power Backup for WiFi Routers | Upto 4 Hours Power Backup | Voltage Reg...","4.2","1311","999.00","2990.00","Networking","Budget","Good","Moderate"
"XP-Pen StarG640 Ultra-Thin Graphic Drawing Tablet (6"" x 4"", 8192 Levels of Pressure Sensitivity, Battery-Free Stylus, Black)","4.2","4479","3199.00","4499.00","Tablet","Economy","Good","Moderate"
"STRIFF Foldable Tablet Mobile Tabletop Stand Holder - Angle & Height Adjustable Desk Cell Phone Holder Anti-Slip Compatibl...","4.0","703","199.00","999.00","Mobile Phone","Budget","Good","Low"
"boAt Rockerz 335 Bluetooth Wireless in Ear Earphones with Qualcomm Aptx & CVC, Upto 30 Hours Playback, ASAP Charge, Signat...","3.7","46779","1437.00","3990.00","Other","Economy","Average","Very Popular"
"ENVIE® (ECR11MC + 2800 4PL) SprintX Ultra Fast Rechargeable Batteries Charger for AA & AAA Ni-MH with 4xAA2800mah Recharge...","3.8","15284","999.00","1595.00","Accessories","Budget","Average","Very Popular"
"Astroghar Mini Hand Tally Counter Finger Ring Digital Electronic Head Count,Japa Counter Mini Hand Tally Counter Finger Ri...","4.1","1429","75.00","250.00","Other","Budget","Good","Moderate"
"MME 80MMx50Mtr.(3Inch) Cash Register Machine Thermal Paper Roll Set of 10 Rolls","4.1","652","649.00","1099.00","Other","Budget","Good","Low"
"ZEBRONICS Zeb Evolve Wireless Bluetooth in Ear Neckband Earphone, Rapid Charge, Dual Pairing, Magnetic earpiece,Voice Assi...","3.6","5269","499.00","1499.00","Other","Budget","Average","Popular"
"UNIGEN 20W Type-C PD 3X Fast Charger [with 1M Type C to Lightening Cable] for Quick Charging Data Sync for iPhone 14 13 12...","3.9","1775","999.00","2999.00","Mobile Phone","Budget","Average","Moderate"
"Belkin Apple Certified Lightning to USB Charge and Sync Cable for iPhone, iPad, Air Pods, 3.3 feet (1 meters) – White","4.3","973","949.00","1699.00","Mobile Phone","Budget","Good","Low"
"Beetel B11 Corded Landline Phone, Ringer Volume Control, LED for Ring Indication, Wall/Desk Mountable, Classic Design,Clea...","3.9","32568","549.00","679.00","Other","Budget","Average","Very Popular"
"MYVN 6A 33W 55W 67W 120W Turbo and Hyper Superfast Cable Quick Charging Type C USB Cable For Mi 9 10 11 Pro 9Se CC9 Pro No...","3.4","249","299.00","999.00","Other","Budget","Average","Low"
"EGate i9 Pro-Max 1080p Native Full HD Projector 4k Support | 4500 L (420 ANSI) | 210"" (533 cm) Large Screen | VGA, AV, HDM...","3.9","10766","8990.00","15990.00","Other","Mid Range","Average","Very Popular"
"Noise Fit Halo with Leather Strap, Bluetooth Calling Round Dial Smart Watch, 1.43"" AMOLED Display, Premium Metallic Build,...","4.1","134","4499.00","7999.00","Monitor","Economy","Good","Low"
"POPIO Screen Guard for Samsung Galaxy S22 Ultra 5G / Samsung Galaxy S23 Ultra 5G (Transparent) Edge to Edge Full Screen Co...","3.8","581","299.00","599.00","Mobile Phone","Budget","Average","Low"
"Tukzer Fully Foldable Tabletop Desktop Tablet Mobile Stand Holder - Angle & Height Adjustable for Desk, Cradle, Dock, Comp...","4.0","5330","279.00","1299.00","Mobile Phone","Budget","Good","Popular"
"Amazon Basics 20000mAh Lithium Polymer 18W Fast Charging Power Bank | Triple Output (Type C, 2 USB) and Dual Input (Type ...","3.8","1206","1599.00","1999.00","Accessories","Economy","Average","Moderate"
"Lapster Universal Silicone 14.0"" Keyboard Protector Skin||Keyboard Dust Cover| Keyboard Skin for 14.0"" Laptop |14.0"" Keygu...","3.3","1476","123.00","999.00","Laptop","Budget","Average","Moderate"
"OpenTech® Tempered Glass Screen Protector Compatible for iPhone 12/12 Pro with Edge to Edge Coverage and Easy Installation...","4.3","9560","299.00","999.00","Mobile Phone","Budget","Good","Popular"
"Gear Vintage2 28L Faux Leather Water Resistant Anti Theft Laptop Bag/Backpack for Men/Women-Brown","4.4","3790","1075.00","2199.00","Laptop","Economy","Good","Moderate"
"URBN 20000 mAh Li-Polymer Ultra Compact Power Bank | 12W Fast Charge | Dual USB Output | Type C & Micro Input (Blue)","3.9","37028","1499.00","3499.00","Accessories","Economy","Average","Very Popular"
"Sounce Realme 65W Super Vooc Charge, Data Sync Fast Charging Type-C Cable Compatible for Realme XT, Realme XT 730G, Realme...","3.6","1039","199.00","999.00","Mobile Phone","Budget","Average","Moderate"
"OnePlus SUPERVOOC 80W Power Adapter for Cellular Phones - White","4.0","5","1990.00","2499.00","Mobile Phone","Economy","Good","Low"
"Texas Instruments BA II Plus Financial Calculator | Prompt 10-Digit Display | with Cash Flow Analysis & Advanced List Base...","4.5","16465","3230.00","3800.00","Monitor","Economy","Excellent","Very Popular"
"OnePlus 11 5G (Titan Black, 8GB RAM, 128GB Storage)","4.2","820","56999.00","61999.00","Mobile Phone","Luxury","Good","Low"
"Robustrion Anti-Scratch & Smudge Proof Tempered Glass Screen Protector Guard for iPad 10th Generation 10.9 inch","4.3","33","295.00","1499.00","Tablet","Budget","Good","Low"
"Gizga Essentials Laptop Bag Sleeve Case Cover Pouch for 15.6 Inch Laptop for Men & Women, Padded Laptop Compartment, Free ...","4.3","815","349.00","1049.00","Laptop","Budget","Good","Low"
"Sennheiser CX 80S in-Ear Wired Headphones with in-line One-Button Smart Remote with Microphone Black","4.1","98747","1590.00","1990.00","Headphones","Economy","Good","Very Popular"
"Half Moon Large 37L Laptop Bag Backpack for menं Women Boys and Girls Luggage Travel Bags with 17.3 inches Laptop Compartm...","3.9","2327","849.00","2899.00","Laptop","Budget","Average","Moderate"
"MI 100 cm (40 inches) 5A Series Full HD Smart Android LED TV L40M7-EAIN (Black)","4.2","34286","21999.00","29999.00","Television","Premium","Good","Very Popular"
"Amazfit GTS2 Mini (New Version) Smart Watch with Always-on AMOLED Display, Alexa Built-in, SpO2, 14 Days' Battery Life, 68...","4.2","31355","5999.00","7999.00","Monitor","Mid Range","Good","Very Popular"
"Portronics Power Plate 9 with 3 USB Ports + 8 Power Sockets Power Converter, 2500W Power Output, 2.1A USB Charging Port, 3...","4.2","301","808.00","1999.00","Other","Budget","Good","Low"
"Logitech M221 Wireless Mouse, Silent Buttons, 2.4 GHz with USB Mini Receiver, 1000 DPI Optical Tracking, 18-Month Battery ...","4.4","35806","799.00","1295.00","Accessories","Budget","Good","Very Popular"
"realme Pad WiFi+4G Tablet | 4GB RAM 64GB ROM (Expandable) | 26.4cm (10.4 inch) WUXGA+ Display | 7100 mAh Battery | Dolby A...","4.2","1250","17999.00","29999.00","Mobile Phone","Mid Range","Good","Moderate"
"Robustrion Pack of 2 Tempered Glass Screen Protector for iPad Air 5 / iPad Air 4 10.9 inch/iPad Pro 11 inch 2018 and and 2021","4.3","2011","549.00","1999.00","Tablet","Budget","Good","Moderate"
"Wesley Spartan Unisex Travel Hiking Laptop Bag fits Upto 17.3 inch with Raincover and Internal Organiser Backpack Rucksack...","4.1","1031","790.00","798.00","Laptop","Budget","Good","Moderate"
"Mobwill Charging Cable for Fire-Boltt Ninja/Ninja Pro/Ninja Pro Max/Ninja Call 2 / Beam Smartwatches","4.1","19","249.00","999.00","Smartwatch","Budget","Good","Low"
"Turron Index Flash Cards Tray - 200 GSM, 150 Cards, 3x5 inch, Blank White - with Free Binder Rings for Short Notes, cue Ca...","4.4","2124","299.00","375.00","Other","Budget","Good","Moderate"
"W WADRO - Built with Passion 40W Trigger Feed Leak Proof Gun (Random Gun Color, 28 Sticks)","3.6","2409","299.00","1299.00","Other","Budget","Average","Moderate"
"ZEBRONICS Zeb-Yoga 90 Pro Wireless Bluetooth in Ear Neckband Earphone with Rapid Charge,Dual Pairing,Magnetic earpiece,Spl...","3.6","1281","599.00","2999.00","Other","Budget","Average","Moderate"
"Samsung Galaxy S23 Ultra 5G (Green, 12GB, 256GB Storage)","4.4","91","124999.00","149999.00","Mobile Phone","Luxury","Good","Low"
"Mi 2-in-1 USB Cable 100cm Black|Multipurpose Cable which Supports Both Type C & Type B/Micro USB Devices|480Mbps Speed|Com...","4.2","16309","269.00","399.00","Other","Budget","Good","Very Popular"
"Noise Newly Launched Buds X Truly Wireless in-Ear Earbuds with ANC(Upto 25dB), 35H Playtime, Quad Mic with ENC, Instacharg...","3.9","88","2499.00","5499.00","Earbuds","Economy","Average","Low"
"Tukzer Tabletop Fully Foldable Desktop Tablet Mobile Stand Holder with Angle & Height Adjustable for Desk, Cradle, Dock, C...","4.0","5330","279.00","1299.00","Mobile Phone","Budget","Good","Popular"
"HP 64GB Class 10 MicroSD Memory Card (HP-MSDCWAU1-64GB)","4.0","33705","579.00","2900.00","Other","Budget","Good","Very Popular"
"Blackstar Nano MAG Car Mobile Holder - Car Mount - Magnetic Mobile Holder for Car ( Smallest Magnetic Mobile Holder with S...","4.2","1839","399.00","899.00","Mobile Phone","Budget","Good","Moderate"
"Scarters Mouse Pad, Deskmat Extended for Work from Home/Office | Gaming Mouse Pad | Vegan PU Leather | Anti-Skid, Anti-Sli...","4.5","7547","999.00","1995.00","Accessories","Budget","Excellent","Popular"
"ZEBRONICS AC32FHD LED Curved 75Hz 80Cm (32"") (81.28 Cm) 1920x1080 Pixels FHD Resolution Monitor with HDMI + VGA Dual Inpu...","3.8","343","12999.00","29999.00","Mobile Phone","Mid Range","Average","Low"
"Cello Power Line Highlighter - Pack of 10 (Multicolor)","4.1","1155","134.00","150.00","Other","Budget","Good","Moderate"
"Samsung Galaxy A23 Blue, 8GB RAM, 128GB Storage with No Cost EMI/Additional Exchange Offers","4.0","775","18999.00","25490.00","Mobile Phone","Mid Range","Good","Low"
"Boya BY-M1 Pro Omnidirectional Lavalier Condenser Microphone with Gain control, Headphone-out, Noise cancellation for iPho...","4.0","70316","1699.00","2995.00","Headphones","Economy","Good","Very Popular"
"Crucial P3 1TB PCIe 3.0 3D NAND NVMe M.2 SSD, up to 3500MB/s - CT1000P3SSD8","4.1","6229","5262.00","8600.00","Other","Mid Range","Good","Popular"
"OneAssist 2 Years Extended Warranty Plan for Headphones 500 to 1000 - Email Delivery Within 2 Hours","3.7","334","149.00","339.00","Headphones","Budget","Average","Low"
"Post-it Super Sticky Notes, 2X Sticking Power, 3 in x 3 in, 5 Pads/Pack, 90 Sheets/Pad (neon Colour)","4.6","641","298.00","375.00","Other","Budget","Excellent","Low"
"Wesley Milestone 2.0 Casual Waterproof Laptop Backpack/Office Bag/School Bag/College Bag/Business Bag/Travel Backpack (Dim...","4.3","9749","568.00","1199.00","Laptop","Budget","Good","Popular"
"Cello Signature Moonlit Ball Pen | Blue Ball Pen | Pack of 1 | Best Ball Pens for Smooth Writing | Gifting Pens | Premium ...","4.2","2679","133.20","175.00","Other","Budget","Good","Moderate"
"Duracell - 2032 3V Lithium Coin Battery - Long Lasting Battery - 2 Count","4.1","714","190.00","200.00","Other","Budget","Good","Low"
"HP Deskjet 1212 Printer for Home for Dependable Printing, Simple Setup for Everyday Usage, Ideal for Home.","3.5","3450","2699.00","3112.00","Printer","Economy","Average","Moderate"
"Redmi K50i 5G (Stealth Black, 6GB RAM, 128GB Storage) | Flagship Mediatek Dimensity 8100 Processor | 144Hz Liquid FFS Disp...","4.0","7756","23999.00","31999.00","Mobile Phone","Premium","Good","Popular"
"Fire-Boltt Ninja Fit Smartwatch Full Touch 1.69 & 120+ Sports Modes with IP68, Multi UI Screen, Over 100 Cloud Based Watch...","4.2","27438","1299.00","7999.00","Smartwatch","Economy","Good","Very Popular"
"Portronics My Buddy Hexa 22 Adjustable Tabletop Laptop Stand with Mobile Holder Ventilated Portable Foldable Compatible fo...","4.2","4702","399.00","1299.00","Laptop","Budget","Good","Moderate"
"Western Digital WD 1TB My Passport Portable Hard Disk Drive, USB 3.0 with  Automatic Backup, 256 Bit AES Hardware Encrypti...","4.4","74559","4449.00","8120.00","Other","Economy","Good","Very Popular"
"ProElite Slim Trifold Flip case Cover for Redmi Pad 10.6"" Tablet, Black","4.4","254","499.00","1999.00","Mobile Phone","Budget","Good","Low"
"SupCares Edge to Edge Tempered Glass for Samsung Galaxy S20 FE 5G (6.5 Inch) with Easy Self Installation Kit | Black","4.3","339","289.00","799.00","Mobile Phone","Budget","Good","Low"
"DJI OSMO Mobile 6 Smartphone Gimbal Stabilizer, 3-Axis Phone Gimbal, Built-In Extension Rod, Portable and Foldable, Androi...","4.2","3006","14990.00","17999.00","Mobile Phone","Mid Range","Good","Moderate"
"RAEGR Arc One 15W Type-C PD |Made in India |Qi-Certified Wireless Charger with Fireproof ABS for iPhone 14/13/12/11/X/8 Se...","3.8","5806","699.00","2499.00","Mobile Phone","Budget","Average","Popular"
"boAt Airdopes 191G True Wireless in Ear Earbuds with ENx Tech Equipped Quad Mics, Beast Mode(Low Latency- 65ms) for Gamin...","3.6","1081","1499.00","3490.00","Earbuds","Economy","Average","Moderate"
"Samsung Level U2 (Black)- Original Bluetooth in Ear Wireless Stereo Headset with Mic","3.7","4701","2199.00","2999.00","Headphones","Economy","Average","Moderate"
"Amazon Basics USB Type C to USB A 2.0 Male Fast Charging Cable for Laptop - 3 feet (0.9 Meters), White","4.3","45624","159.00","845.00","Laptop","Budget","Good","Very Popular"
"Hoteon Extension Board with 5 Meters Heavy Duty Long Wire Cord, Single Outlet Socket 2500W 10A Expandable Electric Extensi...","4.7","69","1234.00","2999.00","Other","Economy","Excellent","Low"
"boAt Rockerz 550 Sunburn Edition with 50MM Drivers, 20 Hours Playback, Physical Noise Isolation and Soft Padded Earcups Ov...","4.2","33661","1999.00","4999.00","Other","Economy","Good","Very Popular"
"Reynolds 045 25CT JAR BLUE Ball Pen I Lightweight Ball Pen With Comfortable Grip for Extra Smooth Writing I School and Off...","4.3","1674","169.00","199.00","Other","Budget","Good","Moderate"
"SupCares Edge to Edge Tempered Glass for Nothing Phone 1 (6.55 Inch) with Easy Self Installation Kit | Black","4.2","301","289.00","799.00","Other","Budget","Good","Low"
"ZEBRONICS 24 Inch (60.4 Cm) Widescreen 1920 X 1080 Pixels LED Monitor, IPS, Ultra Slim, FHD 1920x1080, HDMI, VGA, 250nits,...","3.7","273","7498.00","24999.00","Mobile Phone","Mid Range","Average","Low"
"Canon Compatible for Canon Pixma Ink Bottle (Cyan)","4.4","5341","485.00","561.00","Other","Budget","Good","Popular"
"TP-Link Nano USB WiFi Dongle 150Mbps High Gain Wireless Network Wi-Fi Adapter for PC Desktop and Laptops, Supports Windows...","4.2","183124","699.00","1339.00","Laptop","Budget","Good","Very Popular"
"Tizum Mouse Pad/ Computer Mouse Mat with Anti-Slip Rubber Base | Smooth Mouse Control | Spill-Resistant Surface for Lapto...","4.4","3496","129.00","399.00","Accessories","Budget","Good","Moderate"
"One Plus USB Type C to 3.5mm Adapter for OnePlus 7T 8T 9 Pro Headphone Jack Adapter - USB Type C to 3.5mm Aux Audio Earpho...","4.3","72","249.00","999.00","Mobile Phone","Budget","Good","Low"
"SanDisk Extreme Pro microSD UHS I Card 128GB for 4K Video on Smartphones,Action Cams,Drones 200MB/s Read, 90MB/s Write","4.5","21982","1618.00","3900.00","Mobile Phone","Economy","Excellent","Very Popular"
"DR VAKU® 20W iPhone Charger Type C Adapter for Phone 14/ 14 Plus/ 14 Pro/ 14 Pro Max, iPhone 13/13 Pro/13 Pro Max/13 Mini,...","4.4","11273","899.00","1599.00","Mobile Phone","Budget","Good","Very Popular"
"Amazon Brand - Solimo Back Cover for OnePlus Nord (Silicone | Transparent)","3.9","696","139.00","399.00","Mobile Phone","Budget","Average","Low"
"Zapcase Thermoplastic Polyurethane Back Case Cover for iPhone 11 | Compatible for iPhone 11 Back Case Cover | Scratch-Resi...","4.2","59","499.00","899.00","Mobile Phone","Budget","Good","Low"
"Amazfit Band 7 Activity Fitness Tracker, Always-on AMOLED Display, Alexa Built-in, Up to 18-Day Battery Life, 24H Heart Ra...","4.3","556","3499.00","4999.00","Monitor","Economy","Good","Low"
"Quantum Wireless Mouse with Upto 12 Months Battery Life(Cell Included), Silent Keys, 800/1200/1600 DPI, USB Nano Receiver,...","4.2","1473","399.00","999.00","Accessories","Budget","Good","Moderate"
"Logitech G102 USB Light Sync Gaming Mouse with Customizable RGB Lighting, 6 Programmable Buttons, Gaming Grade Sensor, 8K ...","4.5","10828","2095.00","2295.00","Accessories","Economy","Excellent","Very Popular"
"One94Store Mini Portable USB Hand Fan Built-in Rechargeable Battery Operated Summer Cooling Table Fan with Standing Holder...","3.1","3185","349.00","999.00","Other","Budget","Average","Moderate"
"Wayona Usb Type C 65W 6Ft/2M Long Fast Charging Cable Compatible For Samsung S22 S20 Fe S21 Ultra A33 A53 A01 A73 A70 A51 ...","4.3","3214","329.00","1999.00","Other","Budget","Good","Moderate"
"BlueRigger High Speed HDMI Cable with Ethernet - Supports 3D, 4K 60Hz, Audio Return - Latest Version (6.6 Feet / 2 Meters)","4.4","44647","399.00","18899.00","Other","Budget","Good","Very Popular"
"Amkette Ergo View Laptop Stand with 7 Adjustment Levels for laptops up to 15.6 inches (12 inch /13 inch /14.1 inch /15.6 i...","4.4","5780","709.00","799.00","Laptop","Budget","Good","Popular"
"GIZGA essentials iStuff365 Istuff365 2-in-1 Laptop, Mobile Tabletop Stand, 12"" To15.6 Laptops, Ergonomic Design, 8-Adjusta...","4.2","2946","339.00","1399.00","Laptop","Budget","Good","Moderate"
"Noise Newly Launched Bravo Bluetooth in Ear Neckband with Upto 35 Hours of Playtime, Instacharge (10-min Charge=10-hrs Pla...","3.6","226","899.00","2799.00","Other","Budget","Average","Low"
"URBN 10000 mAh Li-Polymer Ultra Compact Power Bank | 12W Fast Charge | Dual USB Output | Type C & Micro Input | Pocket Siz...","3.9","37028","999.00","2499.00","Accessories","Budget","Average","Very Popular"
"Electvision Television TV Remote Control Compatible with Mi Smart LED TV 4A (Please Verify Before Placing Order) (Without ...","3.6","1803","199.00","999.00","Television","Budget","Average","Moderate"
"Digiway 4 Universal Socket 3 Switch Multiplug Sockets Extension Board/Extension Cord","4.4","4","189.00","599.00","Other","Budget","Good","Low"
"POPIO Tempered Glass Screen Protector Compatible for iPhone 12 / iPhone 12 Pro with Case Friendly Edge to Edge Coverage an...","4.3","4992","219.00","599.00","Mobile Phone","Budget","Good","Moderate"
"GOVO GOKIXX 952 Bluetooth Neckband, 106 Hours Battery, ENC Technology, Fast Charge, Gaming Mode, 10mm Drivers, Type C Char...","4.4","354","1699.00","4999.00","Other","Economy","Good","Low"
"TVARA LCD Writing Tablet 8.5 Inch E-Note Pad LCD Writing Tablet, Kids Drawing Pad 8.5 Inch Doodle Board, Toddler Boy and G...","4.0","1339","279.00","600.00","Tablet","Budget","Good","Moderate"
"Fevicol MR 1 kg Craft Glue Ultimate Adhesive for Student’s Project Work - Craft Glue & Office Glue Refill Pack","4.5","3215","278.00","325.00","Other","Budget","Excellent","Moderate"
"Pilot V7 Roller Ball Pen Pack of 5 (4 Blue , 1 Black )","4.5","879","280.00","350.00","Other","Budget","Excellent","Low"
"Western Digital WD 1TB Elements Portable Hard Disk Drive, USB 3.0, Compatible with PC, PS4 and Xbox, External HDD (WDBHHG0...","4.4","25571","4199.00","5400.00","Other","Economy","Good","Very Popular"
"WILDHORN 31L Laptop Backpack for Men / Women I Fits upto 15.6"" Laptop I Waterproof I Travel / Business / College Bookbags","4.1","929","599.00","2999.00","Laptop","Budget","Good","Low"
"Sounce Silicone Protective Case Cover for Boat Airdopes 121v2 / Boat Airdopes 121, Anti Fall Anti Dust, with Hook Earphone...","3.5","811","199.00","999.00","Earbuds","Budget","Average","Low"
"Amazon Basics Micro Usb Fast Charging Cable For Android Smartphone,Personal Computer,Printer With Gold Plated Connectors (...","4.2","94863","239.00","395.00","Mobile Phone","Budget","Good","Very Popular"
"SanDisk Ultra Dual Drive Go USB3.0 Type C Pendrive for Mobile (Black, 32 GB, 5Y - SDDDC3-032G-I35)","4.3","55257","579.00","1050.00","Mobile Phone","Budget","Good","Very Popular"
"EGOTUDE Ultra Hybrid Camera Lens Protection [Never Yellowing] Back Cover Case for iPhone 14 (Sierra Blue)","3.9","150","379.00","1999.00","Mobile Phone","Budget","Average","Low"
"OnePlus 108 cm (43 inches) Y Series Full HD Smart Android LED TV 43 Y1S (Black)","4.2","36800","23679.00","31999.00","Mobile Phone","Premium","Good","Very Popular"
"Sony Bravia 164 cm (65 inches) 4K Ultra HD Smart LED Google TV KD-65X74K (Black)","4.7","8000","69990.00","139900.00","Television","Luxury","Excellent","Popular"
"New Fastrack Reflex Beat+ 1.69” UltraVU Display|500 Nits Brightness|60 Sports Modes|24*7 Heart Rate Monitor|SpO2 Monitor|S...","4.0","587","1695.00","3495.00","Monitor","Economy","Good","Low"
"IFITech IFIADPTCAM 1080p USB Charger Type Hidden Camera | Home security spy camera | Support Maximum 256 Gb Memory Cards |...","3.3","4810","1390.00","4500.00","Camera","Economy","Average","Moderate"
"Cosmic Byte CB-EP-05 Wired Gaming in Ear Earphone with Microphone Detachable for PC, PS4, Mobiles, Tablets (Black)","3.5","962","425.00","599.00","Mobile Phone","Budget","Average","Low"
"Osaka­® 10"" (25.4 cm) Professional LED Ring Light with Tripod Stand for Mobile Phones & Camera, 3 Color Temperature Mode D...","4.3","7102","1699.00","7500.00","Mobile Phone","Economy","Good","Popular"
"Sakura 57454 Gelly Roll Classic Ass't (05/08/10) 3pk Pen, White","4.3","33106","191.00","195.00","Other","Budget","Good","Very Popular"
"CROSSVOLT Tough Rugged Cover Case Compatible with Airpods 1/2 - Black","4.2","585","284.00","999.00","Earbuds","Budget","Good","Low"
"realme narzo 50 (Speed Blue, 4GB RAM+64GB Storage) 120Hz Full HD+ Display | 50MP AI Triple Camera | Helio G96 Powerful Gam...","4.2","14876","12999.00","15999.00","Mobile Phone","Mid Range","Good","Very Popular"
"boAt Xtend Talk with Advanced Dedicated Bluetooth Calling Chip, Built-in Alexa, 1.69"" HD Display, Premium Design, 60+ Spor...","3.8","7098","2999.00","6990.00","Monitor","Economy","Average","Popular"
"Cleaner Kit for Airpods Pro and 1/2 Multifunction Cleaning Pen with Soft Brush for Bluetooth Earphones Case(White Color)","3.9","1084","105.00","300.00","Earbuds","Budget","Average","Moderate"
"HP USB 3.1 Flash Drive 128GB 796L","4.2","7181","1199.00","6000.00","Other","Economy","Good","Popular"
"GIZGA essentials Webcam Cover, Privacy Protector Webcam Cover Slide, Compatible with Laptop, Desktop, PC, Smartphone, Prot...","4.3","405","129.00","699.00","Laptop","Budget","Good","Low"
"Softly Print 88A CC388A Laserjet Toner Cartridge for HP Laserjet Printer M1136, MFP, P1007, P1106, P1108, P1008, M1213nf, ...","4.1","2620","599.00","2199.00","Printer","Budget","Good","Moderate"
"SupCares Tempered Glass Screen Protector for Samsung Galaxy Watch 4 Classic (46 mm) with Easy Self Installation Kit | Pack...","4.7","18","289.00","799.00","Mobile Phone","Budget","Excellent","Low"
"AmazonBasics 24W Phone Charger for Cellular Phones | Fast Charging, Dual Output | Type C and A Adapter (Black)","3.8","2280","649.00","1099.00","Accessories","Budget","Average","Moderate"
"SUKHAD Audio Interface AMP iRig from for iPod Touch, iPhone, and iPad, 7 X 2 X 2 cm, Black and White","4.2","2690","599.00","1199.00","Mobile Phone","Budget","Good","Moderate"
"Remote Control Compatible for Amazon Fire Tv Stick Remote Control [ 3rd Gen ](Not Compatible for Fire TV Edition Smart TV)...","4.0","120","1399.00","3999.00","Television","Economy","Good","Low"
"Redclip Ultimate Cable Protector | Spiral Triple Colour 1.5 Meter / 150 cm | Plastic Cord Wire Charger Winder for iPhone a...","4.2","1177","99.00","399.00","Mobile Phone","Budget","Good","Moderate"
"boAt Wave Electra with 1.81"" HD Display, Smart Calling with Ultra-Seamless BT Calling Chip,20 Built-in Watch Faces,100 + S...","3.5","1037","1899.00","7990.00","Monitor","Economy","Average","Moderate"
"Gizga Essentials Earphone Earpod Cleaning Pen for AirPod, Earbuds, Headphones, Wireless Earphones, 5-in-1 Multifunctional ...","3.9","457","199.00","999.00","Earbuds","Budget","Average","Low"
"Digitek (DWM-001 Wireless Microphone & Receiver with Type C, Compatible for Noise Cancellation Mic Suitable for Vlog You T...","3.2","266","999.00","1995.00","Other","Budget","Average","Low"
"Duracell Ultra Alkaline 9V Battery, 1 Pc","4.4","3109","269.00","300.00","Other","Budget","Good","Moderate"
"Ambrane Mobile Holding Tabletop Stand, 180 Degree View, Premium Metal Body, Wide Compatibility, Multipurpose, Anti-Skid De...","4.3","706","99.00","449.00","Mobile Phone","Budget","Good","Low"
"boAt Airdopes 413ANC True Wireless in Ear Earbuds with Active Noise Cancellation, 2 Mics ENx Tech, Signature Sound, Touch ...","3.9","2825","1999.00","4990.00","Earbuds","Economy","Average","Moderate"
"Noise ColorFit Pulse Grand Smart Watch with 1.69""(4.29cm) HD Display, 60 Sports Modes, 150 Watch Faces, Fast Charge, Spo2,...","4.0","99693","1499.00","3999.00","Monitor","Economy","Good","Very Popular"
"Redragon K617 Fizz 60% Wired RGB Gaming Keyboard, 61 Keys Compact Mechanical Keyboard w/White and Grey Color Keycaps, Line...","4.5","2204","2899.00","3499.00","Accessories","Economy","Excellent","Moderate"
"Samsung Guru Music 2 315 (GT-B315, Blue) (SM-B315EZBDINS)","4.1","70118","2069.00","2499.00","Other","Economy","Good","Very Popular"
"Spigen TPU Liquid Air Case Cover Designed for Samsung Galaxy Watch 5 / 4 - 44mm, 2022 / 2021 - (Matte Black) (Watch not In...","4.3","8553","999.00","1599.00","Mobile Phone","Budget","Good","Popular"
"TRONI Foldable Bed Study Table Portable Wood Multifunction Laptop-Table Lapdesk for Children Bed Foldabe Table Work Office...","3.8","819","219.00","699.00","Laptop","Budget","Average","Low"
"HIKVISION DS-U02 1080p Webcam, Wide Angle Without Distortion, Noise Reduction, Plug, Play, Digital, Zoom/WebEx/Skype/Team...","4.1","295","932.00","2999.00","Accessories","Budget","Good","Low"
"realme Pad WiFi+4G Tablet | 6GB RAM 128GB ROM (Expandable) | 26.4cm (10.4 inch) WUXGA+ Display | 7100 mAh Battery | Dolby ...","4.2","1250","19999.00","32999.00","Mobile Phone","Mid Range","Good","Moderate"
"Philips Radio RL118/94 with MW/SW/FM Bands, 200mW RMS soundoutput,3-1 Power Source External Battery:2xR6 (3V DC), Mains: 2...","3.7","4213","1799.00","1899.00","Other","Economy","Average","Moderate"
"AmazonBasics 8-Sheet Strip Cut Paper With CD and Credit Card Shredder With 12 Liter Waste Basket Capacity","4.4","1733","3619.00","6000.00","Other","Economy","Good","Moderate"
"OpenTech® Hard Silicone Protection Case Cover with Attached Screen Protector Compatible for Samsung Galaxy Watch 4 (44mm) ...","4.4","396","399.00","999.00","Mobile Phone","Budget","Good","Low"
"RAEGR MagFix Arc M1400 | 3 in 1| 15W Mag-Safe Compatible Wireless Charging Station |Made in India| |with 2 Type-C PD Cable...","3.0","7","2884.00","4999.00","Other","Economy","Average","Low"
"USM ID116 Smart Watch Smart Bracelet Fitness Tracker Color Screen Smartwatch Heart Rate Blood Pressure Pedometer Sleep Mon...","4.8","7","329.00","1299.00","Smartwatch","Budget","Excellent","Low"
"GLUN 11 mm Transparent HOT MELT 14 Glue Sticks for DIY and Craft Work","3.9","8746","193.00","499.00","Other","Budget","Average","Popular"
"FUR JADEN 15.6 Anti Theft Laptop Backpack with USB Charging Port Unisex Bag for College Office Suitable for Men Women","4.0","5795","789.00","4000.00","Laptop","Budget","Good","Popular"
"boAt Bassheads 220 Wired in Ear Earphones with Inline Mic(Blue)","4.1","276491","499.00","999.00","Other","Budget","Good","Very Popular"
"Samsung 23 L Solo Microwave Oven (MS23J5133AG/TL, Healthy Cook, Black)","4.3","4449","6990.00","10500.00","Other","Mid Range","Good","Moderate"
"Reynolds JETTER CLASSIC, 4 CT, BLUE| Smooth Ball Pens | Long-lasting ball pens | Professional Ball pens with superior writ...","4.1","472","98.00","110.00","Other","Budget","Good","Low"
"KABEER ART Heavy Duty 18 mm Cutter Knife Set With 10 Replacement Blades","4.2","2196","199.00","250.00","Other","Budget","Good","Moderate"
"HP K500F Backlit Membrane Wired Gaming Keyboard with Mixed Color Lighting, Metal Panel with Logo Lighting, 26 Anti-Ghostin...","4.2","5000","1149.00","1799.00","Accessories","Economy","Good","Popular"
"Zebronics Companion 200 Wireless Combo with Silent Operation Mouse, Full Size Keyboard, 1600 DPI, Integrated Multimedia, O...","4.5","34","999.00","1899.00","Accessories","Budget","Excellent","Low"
"70mai Pro Plus+ A500S Dual Channel Car Dash Cam, 3K, ADAS, Built-in GPS Logger, Route Recorder, App Playback & Share, Opti...","4.4","1257","11149.00","14999.00","Other","Mid Range","Good","Moderate"
"Dealfreez Case Compatible with Fire TV Stick 3rd Gen 2021 Full Wrap Silicone Remote Cover Anti-Lost with Loop (D-Black)","4.3","5094","349.00","1499.00","Television","Budget","Good","Popular"
"OPPO A15s (Fancy White, 4GB, 128GB Storage) AI Triple Camera | 6.52"" HD+ Screen | 2.3GHz Mediatek Helio P35 Octa Core Proc...","4.2","10479","11490.00","14990.00","Mobile Phone","Mid Range","Good","Very Popular"
"TheGiftKart Sleek Back Cover Case for iPhone 11 | Slim Fit Protective Design | Ultra Matte Finish | Camera Protection Bump...","4.1","62","259.00","999.00","Mobile Phone","Budget","Good","Low"
"SanDisk Ultra Dual Drive Luxe USB 3.0, USB 2.0 Type-C 256GB, Metal Pendrive for Mobile, Silver","4.3","24098","2128.00","5700.00","Mobile Phone","Economy","Good","Very Popular"
"HP USB Wireless Spill Resistance Keyboard and Mouse Set with 10m Working Range 2.4G Wireless Technology / 3 Years Warranty...","4.0","7496","1399.00","2197.00","Accessories","Economy","Good","Popular"
"Strauss Bicycle Bottle Holder (Black)","3.7","2507","173.90","399.00","Other","Budget","Average","Moderate"
"Bouncefit Fitness Band Smart Watch- Y68 D20 Water Proof Smart Watches SpO2 Full Touch Smartwatch with Workout Modes, Heart...","4.0","12","479.00","2999.00","Smartwatch","Budget","Good","Low"
"Fevicryl Pidilite Acrylic Colour, Black Acrylic Paint, 500 ml, Art and Craft Paint, DIY Paint, Rich Pigment, Non-Craking P...","4.5","6245","240.00","310.00","Other","Budget","Excellent","Popular"
"Amozo Ultra Hybrid Camera and Drop Protection Back Case Cover for iPhone 11 (Poly Carbonate|Back Transparent-Sides Black)","4.3","6727","474.00","999.00","Mobile Phone","Budget","Good","Popular"
"Palap Piano Stickers Labels for 37, 49, 54, 61, 88 Keys Keyboard, Piano Removal Stickers","4.3","3083","298.00","599.00","Accessories","Budget","Good","Moderate"
"Mi Step Out 12 L Mini Backpack (Small Size, Black, Water Repellant)","4.1","8120","398.00","499.00","Other","Budget","Good","Popular"
"Airtel DigitalTV DTH Television, Setup Box Remote Compatible for SD and HD Recording (Black)","3.7","2282","170.00","325.00","Television","Budget","Average","Moderate"
"Apple AirPods (3rd Generation) with Lightning Charging Case ​​​​​​​","4.2","1588","19100.00","19900.00","Earbuds","Mid Range","Good","Moderate"
"Reynolds TRIMAX BLUE - 5 COUNTI Lightweight Roller Pen With Comfortable Grip for Extra Smooth Writing I School and Office ...","4.3","409","229.00","325.00","Other","Budget","Good","Low"
"JBL Tune 510BT, On Ear Wireless Headphones with Mic, up to 40 Hours Playtime, Pure Bass, Quick Charging, Dual Pairing, Blu...","3.8","28961","2896.00","4499.00","Headphones","Economy","Average","Very Popular"
"Oppo Enco Air 2 Bluetooth Truly Wireless in Ear Earbuds with Mic, Fast Charging & Up to 24Hrs Battery - Blue","4.0","1464","2299.00","3999.00","Mobile Phone","Economy","Good","Moderate"
"Isoelite Remote Compatible for Samsung LED/LCD Remote Control Works with All Samsung LED/LCD TV Model No :- BN59-607A (Ple...","4.0","1648","284.05","899.00","Television","Budget","Good","Moderate"
"Xiaomi Mi Smart Router 4C, 300 Mbps with 4 high-Performance Antenna & App Control, Single_Band, Wi-Fi, White","4.0","11501","999.00","1199.00","Networking","Budget","Good","Very Popular"
"Great Choice High HD Focus Spy Magnet Camera Full HD Mini Spy WiFi Magnetic Live Stream Night Vision IP Wireless 1080P Aud...","2.9","322","769.00","2999.00","Camera","Budget","Poor","Low"
"m-fit 7 Feet Mobile Tripod Stand s-25 Portable and Foldable Camera & Mobile - Mobile Tripod Stand with Mobile Clip Holder ...","4.4","46","449.00","1199.00","Mobile Phone","Budget","Good","Low"
"pTron Volta 12W Fast Charging USB Wall Charger with 1m Micro USB Cable, Made in India, BIS Certified Single Port USB Wall ...","4.2","212","199.00","1600.00","Accessories","Budget","Good","Low"
"URBN 10000 mAh Lithium_ion Premium Black Edition Nano Power Bank | 20W Fast Charging | Smallest Power Bank | Type C PD (In...","4.2","791","1499.00","2999.00","Accessories","Economy","Good","Low"
"Sony Bravia 108 cm (43 inches) 4K Ultra HD Smart LED Google TV KD-43X74K (Black)","4.7","8000","41999.00","69900.00","Television","Premium","Excellent","Popular"
"Consistent 17' inch LED Monitor 1804","3.2","132","2800.00","8500.00","Monitor","Economy","Average","Low"
"Sony WF-1000XM4 Industry Leading Active Noise Cancellation Multipoint Connection BT 5.2 TWS Truly Wireless in Ear Earbuds ...","4.2","17795","16039.00","24990.00","Earbuds","Mid Range","Good","Very Popular"
"Wecool 4-in 1 USB Hub (Type C to 4 USB-A Ports) with Fast Data Transfer, USB C Hub with USB 2.0 and 3.0 Ports, Compatible ...","4.8","185","499.00","1999.00","Other","Budget","Excellent","Low"
"OREI Worldwide Universal Travel Adapter with Dual USB Ports (2.1A Smart Plug Charging) - All-in-One, 100V-250V Plug - Inte...","4.3","7836","1186.00","1999.00","Accessories","Economy","Good","Popular"
"AmazonBasics Car Charger with 36W Fast Charging for Cellular Phones | Dual Port -Type C and USB Output | Micro USB Cable I...","4.3","385","539.00","1000.00","Accessories","Budget","Good","Low"
"AmazonBasics Extended Gaming Mouse Pad,Black","4.5","12354","459.00","1400.00","Accessories","Budget","Excellent","Very Popular"
"Lapster rj45 connector Coupler Cat7/Cat6/Cat5e Ethernet Network lan connector","4.2","357","106.00","999.00","Other","Budget","Good","Low"
"AmazonBasics 3 Feet High Speed HDMI Male to Female 2.0 Extension Cable","4.3","13082","229.00","595.00","Other","Budget","Good","Very Popular"
"CELLUTION Back Camera Lens Protector Tempered Glass For Oneplus 11R (5G) Case Friendly with Edge to Edge Coverage and Easy...","4.0","15","225.00","999.00","Mobile Phone","Budget","Good","Low"
"iQOO Neo 6 5G (Dark Nova, 12GB RAM, 256GB Storage) | Only Snapdragon 870 in The Segment | 50% Charge in Just 12 Mins | 90 ...","4.4","22194","32999.00","39999.00","Other","Premium","Good","Very Popular"
"Samsung 138 cm (55 inches) Crystal 4K Neo Series Ultra HD Smart LED TV UA55AUE65AKXXL (Black)","4.3","7879","45990.00","70900.00","Television","Premium","Good","Popular"
"Oraimo 22.5W USB C Wall Charger 2 Port Fast Charger with 18W USB-C Power Adapter Foldable Plug Compatible for iPhone 13/13...","4.0","15095","889.00","1499.00","Mobile Phone","Budget","Good","Very Popular"
"Lava Gem (Blue Gold), Speaker with Amplifier, PMMA 2.5D Glass, Military Grade Certified,1.3 MP Camera, Keypad Mobile","4.0","6433","1635.00","2019.00","Mobile Phone","Economy","Good","Popular"
"ZEBRONICS Zeb-Companion 500 2.4GHz Wireless Keyboard and Mouse Set, USB Nano Receiver, Chiclet Keys, Ultra Silent, Power O...","4.0","1750","1299.00","2699.00","Accessories","Economy","Good","Moderate"
"LIDBOX Foldable Wooden Mini Laptop Table for Bed, Study Table with Drawer, Tablet/Mobile Holder for Kids & Adults (DOREMON)","4.5","5","479.00","799.00","Laptop","Budget","Excellent","Low"
"PROLITE Background Support Kit (9ft x 9ft) for Backdrop Photography & Videography with Carry Bag (Portable & Foldable)","4.2","3910","1999.00","3500.00","Other","Economy","Good","Moderate"
"Lapster Anti-Slip Silicone Ear Buds 4Pieces Silicone Earphone Ear Hooks Plugs for in-Ear Neckband 9MM-13MM Black","4.0","1331","118.00","999.00","Other","Budget","Good","Moderate"
"DR VAKU® 30W Original USB Type C Charger PD Technology Fast Mobile Wall Charging Adapter with 3.0 Power Delivery, BIS Cert...","4.4","11273","999.00","1999.00","Mobile Phone","Budget","Good","Very Popular"
"Artis Mini 2.0 USB Multimedia Speakers (Blue)","4.1","5539","449.00","699.00","Speakers","Budget","Good","Popular"
"SanDisk 2TB Extreme Portable SSD 1050MB/s R, 1000MB/s W,Upto 2 Meter Drop Protection with IP55 Water/dust Resistance, HW E...","4.4","45569","20499.00","55000.00","Other","Premium","Good","Very Popular"
"GOVO GOSURROUND 900 | 200W Soundbar, 2.1 Channel Home Theatre, 6.5” Wired Subwoofer, HDMI, AUX, Opt, USB & Bluetooth, 4 Eq...","4.4","827","6599.00","17999.00","Speakers","Mid Range","Good","Low"
"Yogi MART Foldable Wooden Laptop Bed Tray Table, Multifunction Lap Tablet Desk with Cup Holder, Perfect for Eating Breakfa...","4.7","13","399.00","799.00","Laptop","Budget","Excellent","Low"
"oraimo 65W Type C to C Fast Charging Cable USB C to USB C Cable High Speed Syncing, Nylon Braided 1M length with LED Indic...","4.5","256","349.00","899.00","Other","Budget","Excellent","Low"
"OpenTech® Tempered Glass Screen Protector Compatible for OnePlus Nord CE 5G (2021) / OnePlus Nord 2 5G (2021) with Edge to...","4.0","11472","299.00","999.00","Mobile Phone","Budget","Good","Very Popular"
"M.G.R.J® Tempered Glass Screen Protector Compatible with iPad 10.2 9th Gen (2021) / 8th Gen (2020) / 7th Gen (2019) (with ...","4.0","1637","299.00","1999.00","Tablet","Budget","Good","Moderate"
"SanDisk® Ultra Curve USB 3.2 32GB 100MB/s R Green","4.2","2321","349.00","650.00","Other","Budget","Good","Moderate"
"INSTAPLAY INSTABUDS in-Ear Bluetooth 5.0 Wireless Headphones with Extra Bass Stereo Sound, 12Hrs Playtime, Lightweight Nec...","3.1","566","335.00","2990.00","Headphones","Budget","Average","Low"
"Cello Aspro Mavro Ball Pen | Black Ball Pen | Pack of 50 | Lightweight and Stylish Ball Pens | Ball Pen Set | Ideal for St...","4.0","4905","499.00","500.00","Other","Budget","Good","Moderate"
"SeTrack GPS Tracker Device with Android and iOS Mobile App with Engine Lock and Anti Theft Alarm for Car, Bike, Truck and Bus","4.3","806","1599.00","3999.00","Mobile Phone","Economy","Good","Low"
"SanDisk Ultra microSD UHS-I Card 128GB, 120MB/s R","4.4","71768","1065.00","1800.00","Other","Economy","Good","Very Popular"
"TP-Link WiFi 6 AX1500 Mbps Archer AX10,Smart WiFi,Triple-Core CPU, Gigabit, Dual-Band OFDMA, MU-MIMO, Compatible with Alex...","4.4","8670","3999.00","8999.00","Networking","Economy","Good","Popular"
"Ceptics UK Adapter for Indian Pins, India to UAE, Hong Kong, Dubai, UK Adapter Plug - Type G Adapter - Perfect for Laptop,...","4.3","16719","721.00","1499.00","Laptop","Budget","Good","Very Popular"
"ZEBRONICS Zeb-Warrior II 10 watts 2.0 Multimedia Speaker with RGB Lights, USB Powered, AUX Input, Volume Control Pod for P...","4.1","5382","649.00","1399.00","Speakers","Budget","Good","Popular"
"DIGITEK (DTR-320 FT) Flexible Gorillapod Tripod for All Cameras and Mobile Phones with 360° Ball Head and Phone Holder, Ma...","3.5","37","579.00","1295.00","Mobile Phone","Budget","Average","Low"
"Sounce Earphone Case Cover Compatible with Realme 3s Buds, Soft Silicone Skin Case Cover Shock-Absorbing Protective Case w...","4.6","94","199.00","999.00","Mobile Phone","Budget","Excellent","Low"
"DIGITEK® (DSG 007F) 3 Axis Handheld Steady Gimbal PTZ Camera Mount for All Smart Phones with Face & Object Tracking Motio...","3.5","2350","5999.00","8995.00","Camera","Mid Range","Average","Moderate"
"MYVN 65W Super Vooc Charge, Data Sync Fast Charging Type-C Cable Compatible for Realme XT, Realme XT 730G, Realme X2, Real...","4.1","890","249.00","429.00","Mobile Phone","Budget","Good","Low"
"MX Universal Conversion Multiplug with Individual Switch - 3 PIN 3 Way Plug for Home, Office and Industrial Uses ( Any Col...","4.3","1952","369.00","676.00","Other","Budget","Good","Moderate"
"GPS Colour Your Dreams 88A for HP CC388A Toner Cartridge for HP Laserjet P1007, P1008,M1213nf, M1136MFP, M126nw MFP, M1218...","4.1","1508","441.00","1199.00","Other","Budget","Good","Moderate"
"Gizga Essentials Earphone Earpod Cleaning Pen for AirPod, Earbuds, Headphones, Wireless Earphones, 2-in-1 Multifunctional ...","3.9","457","179.00","599.00","Earbuds","Budget","Average","Low"
"iPhone Original 20W PD2.0 Charger with 6 Months Warranty Fast Certified Type-C Charger Adapter Compatible for Apple iPhone...","4.5","196","475.00","1999.00","Mobile Phone","Budget","Excellent","Low"
"ProElite Smart Deer Flip case Cover for Samsung Galaxy Tab A8 10.5 inch {SM-X200/ SM-X205/ SM-X207}, Wine Red","4.4","897","499.00","1999.00","Mobile Phone","Budget","Good","Low"
"Mi QC 3.0 Charger|18W Wall Charger|Fast Lightning Charging|Certified Qualcomm Quick Charge 3.0 + BIS Certified|Compatible ...","4.1","10163","499.00","599.00","Accessories","Budget","Good","Very Popular"
"Portronics Toad 27 Wireless Mouse, Silent Buttons, 2.4 GHz with USB Nano Dongle for PC/Mac/Laptop, Auto Power Saving Mode,...","4.0","55","333.00","499.00","Laptop","Budget","Good","Low"
"Noise Pulse 2 Max Advanced Bluetooth Calling Smart Watch with 1.85'' TFT and 550 Nits Brightness, Smart DND, 10 Days Batte...","4.1","9350","1999.00","5999.00","Smartwatch","Economy","Good","Popular"
"SKY HUB V380 Pro HD 1080P Night Vision Wireless WiFi IP Camera with 2 Way Audio and Upto 64 GB SD Card Support 50% Off CCT...","3.5","463","1199.00","1399.00","Camera","Economy","Average","Low"
"Amozo Ultra Hybrid Camera and Drop Protection Back Cover Case for iPhone 13 Pro (TPU + Polycarbonate | Crystal Transparent)","4.1","990","379.00","1499.00","Mobile Phone","Budget","Good","Low"
"Robustrion Anti-Scratch & Smudge Proof Premium Tempered Glass Screen Protector for Samsung Galaxy Tab S8 Plus / S7 Plus / ...","4.0","447","499.00","1499.00","Mobile Phone","Budget","Good","Low"
"XP-Pen Deco01 V2 Digital Graphics Drawing Pen Tablet (10"" x 6.25"", 8192 Levels of Pressure Sensitivity, Battery-Free Passi...","4.4","11914","6499.00","7999.00","Tablet","Mid Range","Good","Very Popular"
"Redmi Note 11S (Horizon Blue, 6GB RAM, 128GB Storage)|108MP AI Quad Camera | 90 Hz FHD+ AMOLED Display | 33W Charger Inclu...","4.1","4731","15499.00","20999.00","Mobile Phone","Mid Range","Good","Moderate"
"Tommy Hilfiger Joshua 15 inch 21 Ltrs Light Grey Laptop Backpack (TH/JOSHUALAP07)","3.9","397","2239.00","3199.00","Laptop","Economy","Average","Low"
"SPYKART Rearview Mirror Phone Holder Rotatable and Retractable Car Phone Holder 360° Adjustable Phone Mount for All Car","3.7","47","399.00","1299.00","Other","Budget","Average","Low"
"pTron Fusion Evo v2 10W Bluetooth Speaker 5.0 Mini Soundbar, 10Hrs Playback, Stereo Soundbar for Phone/TV/Laptop/Tablets/P...","3.7","1737","999.00","3999.00","Laptop","Budget","Average","Moderate"
"ENVIE® (ECR 11 MC) SprintX Ultra Fast Charger for Rechargeable Batteries AA & AAA Ni-mh, with LCD Display, Smart Charge Co...","3.8","15284","599.00","795.00","Monitor","Budget","Average","Very Popular"
"Kadence Heavy-Duty, Double-X, Adjustable Piano Keyboard Stand with Locking Straps (NK13-3kg Dual Braced)","4.4","5033","1599.00","2250.00","Accessories","Economy","Good","Popular"
"Syncwire Type C to 3.5 mm Jack Audio Connector, Headphones Jack Converter Audio Adapter Compatible with OnePlus Nord CE/ 1...","3.8","42143","398.00","4343.00","Mobile Phone","Budget","Average","Very Popular"
"POPIO Tempered Glass Screen Protector Compatible For iPhone XR/iPhone 11 with Edge to Edge Coverage and Easy Installation ...","4.1","4958","299.00","599.00","Mobile Phone","Budget","Good","Moderate"
"Callas Laptop Tablet Stand Notebook Computer Stand Tablet Computer Stand Universal Lightweight Adjustable Laptop Computer ...","3.9","169","349.00","1599.00","Laptop","Budget","Average","Low"
"One94Store LCD Writing Tablet Digital Magic Slate Ruffpad Portable Drawing Tab Writing Pad for Kids (8.5 inch, Pack of 1, ...","3.6","1036","210.00","999.00","Tablet","Budget","Average","Moderate"
"Kangaro DP-600 Paper Punch","4.5","720","173.00","225.00","Other","Budget","Excellent","Low"
"Original 65w Warp Charger for One Plus For OnePlus Nord CE 2 5G Original 65w Warp Charger for OnePlus 65 Watt Warp Chargin...","5.0","2","980.00","1999.00","Mobile Phone","Budget","Excellent","Low"
"QianLink USB C To Lightning Apple Certified (Mfi) Sync & Charge Cable For Iphone, Ipad And Ipod. Fast Charging Lightning C...","4.6","13792","599.00","2999.00","Mobile Phone","Budget","Excellent","Very Popular"
"Pinzo Sticky Note Memo Pad With 8 Index Tabs, Bright Neon Colors","4.2","2237","329.00","529.00","Other","Budget","Good","Moderate"
"Faber-Castell Fabric Colours - 10ml Each (Pack of 12)","4.3","2845","164.00","190.00","Other","Budget","Good","Moderate"
"ZEBRONICS Zeb-Duke1 Bluetooth Wireless Over Ear Headphones with Mic (Blue)","3.9","904","899.00","2499.00","Headphones","Budget","Average","Low"
"Yamaha F280 Acoustic Rosewood Guitar (Natural, Beige)","4.3","2335","7200.00","7490.00","Other","Mid Range","Good","Moderate"
"boAt Airdopes 393ANC True Wireless in Ear Earbuds with 32dB Hybrid ANC, Quad Mics with ENx™ Tech, 30 Hours Playback, Beas...","3.7","67","2299.00","4990.00","Earbuds","Economy","Average","Low"
"Digitek (DTR 480LW) (57 Inch) Portable Lightweight Aluminum Tripod for DSLR Cameras & Smartphones with Operating Ht. 4.75 ...","4.3","2337","999.00","1795.00","Mobile Phone","Budget","Good","Moderate"
"Saregama Carvaan Mini Hindi 2.0- Music Player with Bluetooth/FM/AM/AUX (Moonlight Black)","4.2","20094","2190.00","2690.00","Other","Economy","Good","Very Popular"
"TP-Link Archer C80 AC1900 Dual Band Wireless, Wi-Fi Speed Up to 1300 Mbps/5 GHz + 600 Mbps/2.4 GHz, Full Gigabit, High-Per...","4.3","70135","3199.00","5999.00","Networking","Economy","Good","Very Popular"
"VEGA Blooming Air Foldable 1000 Watts Hair Dryer With Heat & Cool Setting And Detachable Nozzle (VHDH-05), Color May Vary,...","4.2","9849","681.00","999.00","Other","Budget","Good","Popular"
"Nokia 2660 Flip 4G Volte keypad Phone with Dual SIM, Dual Screen, inbuilt MP3 Player & Wireless FM Radio | Red","3.7","933","4499.00","5899.00","Other","Economy","Average","Low"
"AEIDESS Tempered Glass Screen Protector Compatible For iPhone 12 and for iPhone 12 Pro with Edge to Edge Coverage and Easy...","4.1","4097","149.00","599.00","Mobile Phone","Budget","Good","Moderate"
"Robustrion Anti-Scratch & Smudge Proof Tempered Glass Screen Protector Guard for Redmi Pad 10.61 inch","4.2","56","349.00","1499.00","Mobile Phone","Budget","Good","Low"
"HUION HS64 Graphics Drawing Tablet Battery-Free Stylus Android Windows macOS with 6.3 x 4in Working Area Pen Tablet for Li...","4.3","2858","2499.00","4499.00","Tablet","Economy","Good","Moderate"
"INEFABLE Mi Band 5 and 6 Straps Original for Mi Band M5 and M6 Wristband Strap Soft Silicone Adjustable Band Strap - Blac...","4.0","203","286.00","899.00","Other","Budget","Good","Low"
"OpenTech® Tempered Glass Screen Protector Compatible for iPhone 14 Pro with Edge to Edge Coverage and Easy Installation kit","4.3","9560","299.00","999.00","Mobile Phone","Budget","Good","Popular"
"Amazon Basics 6-Feet DisplayPort (not USB port) to HDMI Cable Black","4.1","30286","799.00","1700.00","Monitor","Budget","Good","Very Popular"
"USM i8 Pro Max Touch Screen Bluetooth Smartwatch with Activity Tracker Compatible with All 3G/4G/5G Android & iOS Smartpho...","2.3","6","549.00","2499.00","Smartwatch","Budget","Poor","Low"
"Cosmic Byte CB-EP-04 Gaming Wired in Ear Earphone with Microphone Detachable for PC, PS4, Mobiles, Tablets (Black/Silver)","3.8","1194","749.00","1999.00","Mobile Phone","Budget","Average","Moderate"
"EMBOX 3 Pin Multi Plug Socket-Universal Travel Adapter with Individual Switch Safety Shutter LED Indicator-3 Way Plug Exte...","4.3","455","359.00","369.00","Accessories","Budget","Good","Low"
"Ant Esports GP300 Pro V2 Wireless Gaming Controller, Compatible for PC & Laptop (Windows 10/8 /7 XP, Steam) / PS3","3.9","2852","1099.00","2999.00","Laptop","Economy","Average","Moderate"
"Blaupunkt Newly Launched BTW20 Bluetooth Truly Wireless In Ear Earbuds with Deep Bass I 30 Hrs Playtime* I Built in Mic I ...","3.8","2967","999.00","3299.00","Earbuds","Budget","Average","Moderate"
"Robustrion Smart Trifold Hard Back Flip Stand Case Cover for New iPad 9.7 inch 2018/2017 5th 6th Generation Model A1822 A1...","4.3","5291","549.00","2489.00","Tablet","Budget","Good","Popular"
"LOHAYA Television Remote Compatible with Samsung Smart LED/LCD/HD TV Remote Control [ Compatible for All Samsung Tv Remote...","3.9","1241","284.05","1199.00","Television","Budget","Average","Moderate"
"Pilot V5 Liquid Ink Roller Ball Pen - 1Blue + 1Black + 1Red","4.5","3740","179.00","210.00","Other","Budget","Excellent","Moderate"
"VU 108 cm (43 inches) The GloLED 84 Watt DJ Sound Series 4K Smart Google TV 43GloLED (Grey)","4.5","1263","28991.00","40000.00","Television","Premium","Excellent","Moderate"
"SWAPKART Fast Charging Cable and Data Sync USB Cable Compatible for iPhone 6/6S/7/7+/8/8+/10/11, 12, 13 Pro max iPad Air/M...","4.0","832","209.00","499.00","Mobile Phone","Budget","Good","Low"
"Gaiatop Mini Portable Fan, Powerful Hand Fan Table Fan Personal Small Desk Fan with Base, Cute Design 3 Speed Dual Motors ...","4.5","858","899.00","1299.00","Other","Budget","Excellent","Low"
"Samsung Galaxy Buds 2 | Active Noise Cancellation, Auto Switch Feature, Up to 20hrs Battery Life, (Graphite)","4.2","674","6998.00","13990.00","Mobile Phone","Mid Range","Good","Low"
"ZEBRONICS ZEB-BT6590RUCF Wireless Bluetooth Multimedia Speaker with Supporting SD Card, USB, AUX, FM & Remote Control. (65...","3.9","9019","3199.00","4999.00","Speakers","Economy","Average","Popular"
"AmazonBasics Highlighter - Chisel Tip, Pack of 12 (Multicolor)","4.2","23954","229.00","445.00","Other","Budget","Good","Very Popular"
"Sounce Earphone Case Cover Compatible with Boat Airdopes 181, Soft Silicone Skin Case Cover Shock-Absorbing Protective Cas...","4.1","454","199.00","999.00","Earbuds","Budget","Good","Low"
"TheGiftKart Shockproof Crystal Clear Back Cover Case for OnePlus 11R 5G | 360 Degree Protection | Protective Design | Tran...","3.2","32","299.00","999.00","Mobile Phone","Budget","Average","Low"
"ZEBRONICS Zeb-County Bluetooth Speaker with Built-in FM Radio, Aux Input and Call Function (Grey)","3.9","66450","549.00","999.00","Speakers","Budget","Average","Very Popular"
"AmazonBasics Monitor Stand, Height Adjustable Arm Mount- Steel","4.5","11015","2409.00","3100.00","Monitor","Economy","Excellent","Very Popular"
"Wayona Nylon Braided USB Data Sync and Fast Charging 3A Short Power Bank Cable For iPhones, iPad Air, iPad mini, iPod Nano...","4.2","13387","319.00","669.00","Mobile Phone","Budget","Good","Very Popular"
"Portronics Toad 101 Wired Optical Mouse with 1200 DPI, Plug & Play, Hi-Optical Tracking, 1.25M Cable Length, 30 Million Cl...","4.8","7","139.00","499.00","Accessories","Budget","Excellent","Low"
"UBON Single Ear Bluetooth Headset with HD Mic, Business Class BT-160, Wireless Mono Earbuds for Calling & Music, Up to 10 ...","4.1","679","589.00","1699.00","Earbuds","Budget","Good","Low"
"Luxor 6 Subject Spiral Premium Exercise Notebook, Single Ruled - (18cm X 24cm), 300 Pages, Pack of 3","4.0","748","414.00","480.00","Laptop","Budget","Good","Low"
"boAt Rockerz 450 Superman Edition Bluetooth On Ear Headphones with Mic, Upto 15 Hours Playback, 40MM Drivers, Padded Ear C...","4.1","111019","1299.00","3990.00","Headphones","Economy","Good","Very Popular"
"XERGY USB 5V 5050 RGB LED Flexible Strip Light Multi-Color Changing Lighting Kit , TV Background Lighting with Mini Contro...","4.1","8514","359.00","999.00","Television","Budget","Good","Popular"
"PTron Newly Launched Force X10 Bluetooth Calling Smartwatch with 1.7"" Full Touch Color Display, Real Heart Rate Monitor, S...","3.2","5623","1499.00","5999.00","Monitor","Economy","Average","Popular"
"Gaiatop USB Desk Fan, Small But Powerful, Portable Quiet 3 Speeds Wind Personal Table Fan, Dual 360° Adjustment Mini Fan f...","3.7","154","559.00","1299.00","Other","Budget","Average","Low"
"Quantum Laptop Cooling Pad with Noiseless Fan, 4-Level Metal Rod Adjustable tilt Laptop Stand, USB Powered with Blue LED, ...","4.0","878","549.00","999.00","Laptop","Budget","Good","Low"
"Acer 139 cm (55 inches) H Series 4K Ultra HD Android Smart LED TV AR55AR2851UDPRO (Black)","4.4","2687","33999.00","49990.00","Television","Premium","Good","Moderate"
"TheGiftKart Shockproof Crystal Clear OnePlus 7 / 6T Back Cover Case | 360 Degree Protection | Protective Design | Transpar...","4.3","906","299.00","999.00","Mobile Phone","Budget","Good","Low"
"RETSOL LS 450 Laser Barcode Scanner BIS Approved, Handheld 1 D USB Wired Barcode Reader Optical Laser High Speed for POS S...","4.2","1126","1118.00","5500.00","Printer","Economy","Good","Moderate"
"TP-Link 5 Port 10/100 Mbps Fast Ethernet Switch | Desktop Ethernet Splitter | Ethernet Hub | Plug & Play | Fanless Quiet |...","4.4","56537","639.00","899.00","Other","Budget","Good","Very Popular"
"SanDisk Ultra Dual SDDD3-128G-I35 USB 3.0 128GB Flash Drive (Dual Micro-USB and USB 3.0 connectors)","4.3","191346","1295.00","2650.00","Other","Economy","Good","Very Popular"
"Amazon Brand - Solimo Royal Enfield Classic 350 Water Resistant Bike Cover (Silver)","3.9","6923","318.00","699.00","Other","Budget","Average","Popular"
"WeCool S4 Selfie Stick, Bluetooth Selfie Stick with Light 6 Shades (3 colors and 2 tones), Capture your Photos and Videos ...","4.5","380","1499.00","3999.00","Other","Economy","Excellent","Low"
"Amazon Brand - Solimo Back Case Cover for Apple iPhone 13, Apple iPhone 13 Back Case Cover, Matte Soft Flexible Silicone, ...","4.3","178","289.00","899.00","Mobile Phone","Budget","Good","Low"
"Samsung Galaxy M13 5G (Midnight Blue, 6GB, 128GB Storage) | 5000mAh Battery | Upto 12GB RAM with RAM Plus","4.1","22813","14999.00","19499.00","Mobile Phone","Mid Range","Good","Very Popular"
"boAt Rockerz 330ANC Bluetooth in Ear Neckband with Mic, Crystal Bionic Sound Powered by Dirac Opteo, Active Noise Cancella...","4.1","114951","1999.00","4999.00","Other","Economy","Good","Very Popular"
"Wings Phantom 800 Best Low Latency 40ms Earbuds, Bluetooth Wireless Headphones, Gaming Case, LED Lights, 50 Hours Playtim...","3.7","61","1399.00","2999.00","Earbuds","Economy","Average","Low"
"HUMBLE MI Band 3/ MI Band 4 Strap, Band for MI Band 3/ MI Band 4 Smartwatch (Fitness Tracker) Wristbands Replacement Silic...","3.6","1089","99.00","399.00","Smartwatch","Budget","Average","Moderate"
"SYGA Professional Sketch and Drawing Pencils ，Art Pencil Box Contains 12 Pieces Set B 2B 3B 4B 5B 6B 7B 8B HB H 2H F","4.3","3544","179.00","550.00","Other","Budget","Good","Moderate"
"SanDisk ® Ultra Curve USB 3.2 32GB 100MB/s R Navy Blue","4.2","2321","349.00","650.00","Other","Budget","Good","Moderate"
"Amazon Brand - Solimo Back Cover Case for Mi Redmi Note 9 Pro/Redmi Note 9 Pro Max/Poco M2 Pro | (TPU | Transparent)","3.8","543","119.00","299.00","Mobile Phone","Budget","Average","Low"
"Tecno Spark 9 (Infinity Black, 4GB RAM,64GB Storage) | 7GB Expandable RAM | Helio G37 Gaming Processor","3.8","4039","8499.00","11499.00","Other","Mid Range","Average","Moderate"
"AmazFit Charger Cable for Amazfit GTS 2, GTS 2 Mini, GTS 2e, GTR 2, GTR 2e, GTS 4 Mini, T-Rex Pro, Bip 3, Bip U, Zepp E/Z,...","3.8","38","299.00","999.00","Accessories","Budget","Average","Low"
"Boult Audio YCharge Wireless in Ear Bluetooth Earphones with 12H Playtime, Type-C Fast Charging (20Min=100% Playtime), Pr...","3.6","801","799.00","1999.00","Other","Budget","Average","Low"
"IT2M Designer Mouse Pad for Laptop/Computer (9.2 X 7.6 Inches, 12788)","4.3","10249","199.00","499.00","Laptop","Budget","Good","Very Popular"
"Apple Magic Mouse (for Bluetooth-Enabled Mac with OS X 10.11 or Later, iPad with iPadOS 13.4 or Later)","4.5","562","6799.00","7500.00","Tablet","Mid Range","Excellent","Low"
"ZEBRONICS Zeb-V19Hd 18.5 Inch (46.99 Cm) Led Monitor with Supporting Hdmi, Vga Input, Hd 1366 X 768 Pixels, 16.7M Colors, ...","3.7","2107","4699.00","6999.00","Mobile Phone","Economy","Average","Moderate"
"HEMBERSTAR Laptop Bed Tray Table, Laptop Desk for Bed,Foldable Lap Desk Stand Notebook Desk Adjustable Laptop Table for Be...","3.9","244","399.00","799.00","Laptop","Budget","Average","Low"
"BlueRigger High Speed HDMI Cable with Ethernet - Supports 3D, 4K 60Hz and Audio Return - Latest Version (3 Feet / 0.9 Meter)","4.4","44647","399.00","18899.00","Other","Budget","Good","Very Popular"
"Prestige Popular Max 5 + 3 + 2 Litre Aluminium Outer Lid Pressure Cooker Combo Pack, 2 Lids, Silver, Large (11791)","3.9","1810","2849.00","5010.00","Other","Economy","Average","Moderate"
"KILLER Louis 38L Large Laptop Backpack With 3 Compartments Polyester Trendy Waterproof Travel Backpack","4.4","11107","1664.00","3199.00","Laptop","Economy","Good","Very Popular"
"DeHMY 58MMx25Mtr(2Inch) Thermal Paper roll (Set of 10 Rolls) (58MMx25Mtr(2Inch))","4.0","1136","400.00","499.00","Other","Budget","Good","Moderate"
"DEVCOMM Phone Bluetooth Stereo System Audio Aux Receiver USB Adapter 3.5mm for Car Speakers Under 200 (1 Pack, Black)","2.5","1225","140.00","300.00","Speakers","Budget","Poor","Moderate"
"RPM Euro Games Finger Sleeves Pack of 3 Boxes/ 6 Pieces for Mobile Gaming with Super Conductive Fiber Fabric, Anti-Sweat a...","3.8","397","189.00","1470.00","Mobile Phone","Budget","Average","Low"
"FlexFive Portable Neck Fan, Hands Free Bladeless Fan, Cooling Personal Fan,3 Speeds Adjustment,78 Air Outlet, Headphone De...","3.0","4","699.00","1799.00","Headphones","Budget","Average","Low"
"TheGiftKart Crystal Clear Back Cover Case for Samsung Galaxy S21 FE 5G | Shockproof 360 Degree Protection | Transparent Ha...","4.2","482","284.00","999.00","Mobile Phone","Budget","Good","Low"
"BlueRigger Digital Optical Audio Toslink Cable (6 Feet / 1.8 Meter) With 8 Channel (7.1) Audio Support (for Home Theatre, ...","4.2","30859","510.00","1999.00","Other","Budget","Good","Very Popular"
"VRPRIME Universal Travel Adapter International Charger Multiple Plug Socket Converter | 4 USB + 1 Type C Output Smart Char...","4.1","88","1199.00","2999.00","Accessories","Economy","Good","Low"
"Tata Sky Universal Remote","3.7","3098","249.00","399.00","Other","Budget","Average","Moderate"
"realme narzo 50A (Oxygen Green , 4GB RAM + 128 GB Storage) Helio G85 Processor | 6000 mAh Battery","4.2","43237","11499.00","13999.00","Mobile Phone","Mid Range","Good","Very Popular"
"Samsung Galaxy S23 5G (Green, 8GB, 256GB Storage)","4.4","127","79999.00","95999.00","Mobile Phone","Luxury","Good","Low"
"pTron Bassbuds Wave ENC Bluetooth 5.3 Wireless in-Ear TWS Earbuds with Mic, 40Hrs Total Playtime, Movie Mode & Deep Bass, ...","3.7","24285","999.00","4599.00","Earbuds","Budget","Average","Very Popular"
"Lenovo 100 Wireless Keyboard & Mouse Combo, Ambidextrous 1000 DPI Mouse Optical Sensor, upto 3M clicks, Ultra slim water r...","4.0","7867","1348.10","2990.00","Accessories","Economy","Good","Popular"
"Ambrane 38W Fast Car Charger with Dual Output, Quick Charge 3.0 and Power Delivery, Type-C & USB Port, Wide Compatibility ...","4.2","110","399.00","999.00","Accessories","Budget","Good","Low"
"Samsung EVO Plus 512GB microSDXC UHS-I U3 130MB/s Full HD & 4K UHD Memory Card with Adapter (MB-MC512KA)","4.3","142840","3399.00","22999.00","Accessories","Economy","Good","Very Popular"
"Nokia 110 Dual SIM (Blue)","3.8","16458","1699.00","2099.00","Other","Economy","Average","Very Popular"
"Conbre MultipleXR2 Pro {Upgraded} HD Smart WiFi Wireless IP CCTV Security Camera | Night Vision | 2-Way Audio | Support 64...","3.4","4255","1389.00","2999.00","Television","Economy","Average","Moderate"
"ADISA 15.6 inch Laptop Backpack Office Bag College Travel Back Pack 32 Ltrs (z-Black)","3.8","547","499.00","1799.00","Laptop","Budget","Average","Low"
"Redmi Note 11 Pro (Stealth Black, 8GB RAM, 128GB Storage)| 67W Turbo Charge | 120Hz Super AMOLED Display | Charger Include...","4.0","3476","19999.00","24999.00","Mobile Phone","Mid Range","Good","Moderate"
"MARVIK Trail Loop Band Compatible with Apple Watch Band Ultra 42mm 44mm 45mm 49mm, Nylon Weave Sport Loop Adjustable Strap...","4.2","44","584.00","999.00","Other","Budget","Good","Low"
"Echo Dot (Black) Combo with Wipro 9W Smart Color Bulb - Smart Home Starter Kit","4.5","7127","3115.00","6598.00","Other","Economy","Excellent","Popular"
"Sounce Waterproof New Bike Phone Mount Anti Shake and Stable 360‚° Rotation Bike Bicycles Accessories for Any Smartphone G...","3.9","1851","299.00","999.00","Mobile Phone","Budget","Average","Moderate"
"AmazonBasics USB 2.0 Extension Cable - A-Male to A-Female for Personal Computer, Printer - 6.5 Feet (Black, 2 Meters)","4.4","77384","219.00","700.00","Printer","Budget","Good","Very Popular"
"ZEBRONICS Zeb-Vita Plus Mini 16 w Soundbar Supporting LED Display, USB, SD Card, AUX, FM, TWS & Call Function (Black)","3.9","3914","1299.00","1749.00","Earbuds","Economy","Average","Moderate"
"Boult Audio Bassbuds Loop 2 Wired in Ear Earphones with Mic, 10mm Powerful Driver for Extra Bass with Customizable Ear Loo...","3.8","13019","349.00","999.00","Other","Budget","Average","Very Popular"
"Amozo Ultra Slim Soft Silicone Flexible Camera Protection Back Cover for iPhone 12/12 Pro (Blue)","4.1","3814","284.00","899.00","Mobile Phone","Budget","Good","Moderate"
"Eridanus WiFi USB Adapter for Computer, Wi-Fi Receiver 950Mbps, 2.4GHz, 802.11b/g/n USB 2.0 Wireless Mini Wi-Fi Network Ad...","3.0","3","169.00","899.00","Networking","Budget","Average","Low"
"Samsung 345L 3 Star Inverter Frost Free Double Door Refrigerator (RT37T4513S8/HL, Elegant Inox, Convertible 5In 1)","4.3","2606","35990.00","47990.00","Other","Premium","Good","Moderate"
"Lenovo Q-Series 24 Inch (60.5Cm) 1920x1080 Pixels FHD IPS Monitor | Height Adjustment, 2X3W Speakers, 75Hz, AMD FreeSync, ...","4.4","1733","12899.00","19890.00","Mobile Phone","Mid Range","Good","Moderate"
"Quantum QHM-7406 Full-Sized Keyboard with (₹) Rupee Symbol, Hotkeys and 3-pieces LED function for Desktop/Laptop/Smart TV ...","3.7","3494","299.00","599.00","Laptop","Budget","Average","Moderate"
"ORAM Smart Multipurpose Foldable Laptop Table with Cup Holder, Study Table, Bed Table, Breakfast Table, Foldable and Porta...","4.2","63","219.00","999.00","Laptop","Budget","Good","Low"
"CEUTA Waterproof Sport Armband, Unisex Running Jogging Gym Arm Band Case, Mobile for Fitness Exercise with Adjustable Elas...","3.9","1291","290.00","1299.00","Mobile Phone","Budget","Average","Moderate"
"Portronics Toad 22 2.4Ghz Wireless Optical Mouse for Laptops/PC with USB Nano Dongle, Optical Orientation, Adjustable DPI,...","3.8","234","279.00","599.00","Laptop","Budget","Average","Low"
"Quantum QHM7403D Spill-Resistant Wired USB Keyboard with 104 Keys, Rupee Symbol (₹), Hotkeys and 3 LED Function Keys Compa...","3.7","3494","299.00","599.00","Accessories","Budget","Average","Moderate"
"BESTOR® USB C Hub HDMI Adapter, 6 in 1 Multiport Dock for MacBook pro to HDMI 4k,2 USB 3.0 Ports SD/TF Card Reader 55W PD,...","4.0","649","1099.00","2999.00","Laptop","Economy","Good","Low"
"Wedding Backdrop Cloth for all Festivals/House hold functions/Haldi Function/Ceremonies Banana Leaf Design(Aaritaku) Desig...","4.1","994","424.00","850.00","Other","Budget","Good","Low"
"Genie Flamenco2 Casual Backpacks for Women","4.3","1367","699.00","1799.00","Other","Budget","Good","Moderate"
"Casio SA-46 32 Mini Keys Musical Keyboard with Piano tones, Black/Green","4.4","6885","3130.00","3295.00","Accessories","Economy","Good","Popular"
"Rapidotzz Band Straps Compatible for Mi Band 4 and Mi Band 3 (Black and Blue)","4.0","12226","199.00","1499.00","Other","Budget","Good","Very Popular"
"RSC POWER+ Compatible Dash/Warp Data Sync Fast Charging Cable Supported for all C Type Devices (Red and White)","4.2","15826","338.00","999.00","Other","Budget","Good","Very Popular"
"Cello Technotip Ball Pen | Blue Ball Pens | Jar of 25 Units | Ball Pens for Students | Ball Point Pen Set | Writing Pens f...","4.4","4114","179.00","225.00","Other","Budget","Good","Moderate"
"coocaa 80 cm (32 inches) Frameless Series HD Ready Smart IPS LED TV 32S3U Pro (Black)","4.0","327","7999.00","36990.00","Television","Mid Range","Good","Low"
"Tombow Fudenosuke Brush Pen 2 Pens Set","4.6","37231","260.00","270.00","Other","Budget","Excellent","Very Popular"
"MKY Tripod 3110 Stand with 3-Way Head Tripod 3110 with Mobile Phone Holder Mount Tripod Kit, (Silver, Supports Up to 1100 g)","5.0","10","339.00","1299.00","Mobile Phone","Budget","Excellent","Low"
"TP-Link TL-WR820N 300 Mbps Single_Band Speed Wireless WiFi Router, Easy Setup, IPv6 Compatible, Supports Parent Control, G...","4.2","124050","899.00","1299.00","Networking","Budget","Good","Very Popular"
"Kadence Wanderer Series ukulele + (Free online learning Course) Brown Mahogany wood Ukulele With Bag","4.3","6014","2199.00","3500.00","Other","Economy","Good","Popular"
"Wings Phantom Pro Earphones Gaming Earbuds with LED Battery Indicator, 50ms Low Latency, Bluetooth 5.3, 40 Hours Playtime,...","3.8","2463","1099.00","5499.00","Earbuds","Economy","Average","Moderate"
"Gilary Multi Charging Cable, 3 in 1 Nylon Braided Fast Charging Cable for iPhone Micro USB Type C Mobile Phone | Colour ma...","3.7","1250","339.00","999.00","Mobile Phone","Budget","Average","Moderate"
"TheGiftKart Rugged Shockproof Carbon Fibre Slim Armour Back Cover Case for OnePlus 6T / 7 (Black)","4.5","888","299.00","999.00","Mobile Phone","Budget","Excellent","Low"
"Camel Soft Pastels, 36 Shades (Multicolor)","4.2","4446","390.00","450.00","Other","Budget","Good","Moderate"
"Tecno Spark 8T (Turquoise Cyan, 4GB RAM,64GB Storage) | 50MP AI Camera | 7GB Expandable RAM","4.0","7101","8299.00","12999.00","Camera","Mid Range","Good","Popular"
"Hussell Car Charger Adapter - 30W, Qualcomm 3.0 Portable USB Quick Charge Technology & Dual Ports - Compatible with All Sm...","4.6","32806","549.00","1500.00","Accessories","Budget","Excellent","Very Popular"
"Samsung Galaxy M53 5G (Mystique Green, 8GB, 128GB Storage) | 108MP | sAmoled+ 120Hz | 16GB RAM with RAM Plus | Travel Adap...","3.9","9708","23999.00","34999.00","Mobile Phone","Premium","Average","Popular"
"Cosmic Byte C3070W Nebula 2.4G Wireless Gamepad for PC/PS3 supports Windows XP/7/8/10, Rubberized Texture","4.1","11997","1699.00","1999.00","Other","Economy","Good","Very Popular"
"19MM Vintage Watch Belt Compatible for BOAT STORM/NOISE COLORFIT PRO 2/ NOISE COLORFIT PULSE","3.8","8","349.00","499.00","Other","Budget","Average","Low"
"ETI Cello Tape 1 Inch 65M (Transparent)","4.3","1782","175.00","400.00","Other","Budget","Good","Moderate"
"Panasonic Evolta AA Alkaline 1.5V Battery, 20 Times Longer Lasting Than Standard zinc Carbon Batteries,Anti-Leak Seal,Prot...","4.3","4926","258.00","360.00","Other","Budget","Good","Moderate"
"SPIN CART Thermal Compound Paste Use in Coolers Heat Sink for CPU and Chipsets (Grey, 30 g)","4.1","1133","179.00","399.00","Other","Budget","Good","Moderate"
"Verilux® USB Hub 3.0 for PC, 4-Port High Speed USB Hub with Aluminium Shell, USB Port Hub 3.0 Compatible for PC, MacBook, ...","4.1","1829","394.00","839.00","Laptop","Budget","Good","Moderate"
"ASUS Vivobook 16X (2022), 16.0-inch (40.64 cms) FHD+ 16:10, AMD Ryzen 5 5600H, Thin and Laptop (8GB/512GB SSD/Integrated G...","4.4","38","47990.00","68990.00","Laptop","Premium","Good","Low"
"Rhymestore Replacement USB Charger for Noise ColorFit Pro 3 / Pro 2 / Pro 2 Oxy/Pulse/Ultra/Nav, Nav+ / Brio/NoiseFit Acti...","3.9","6","265.00","399.00","Accessories","Budget","Average","Low"
"VU 126 cm (50 inches) The GloLED Series 4K Smart LED Google TV 50GloLED (Grey)","4.5","1263","32999.00","55000.00","Television","Premium","Excellent","Moderate"
"Vivo Y56 5G (Black Engine, 8GB RAM, 128GB Storage) with No Cost EMI/Additional Exchange Offers","3.7","14","19999.00","24999.00","Mobile Phone","Mid Range","Average","Low"
"(Renewed) DELL Latitude 5490 Core i5 8th Gen Laptop, 16 GB RAM, 512GB SSD, Intel HD Graphics, 14 inch (36.83 cms) HD Scree...","3.1","130","24900.00","60000.00","Laptop","Premium","Average","Low"
"Sounce Adjustable Xiaomi Mi Band 3/ Mi Band 4 Watch Strap Silicone Adjustable Men Women- Set of 5 (Multi-Colored)","4.1","10835","299.00","999.00","Other","Budget","Good","Very Popular"
"3M Post-it Sticky Notes Pad | Assorted colours | Pack of 3 (100 Sheets each) | 3"" x 3"" | For notes, reminders, study, scho...","4.4","1721","180.00","210.00","Other","Budget","Good","Moderate"
"Nokia T20 Tab with 10.36""(26cm) 2K Screen, Low Blue Light, Wi-Fi & LTE, 8200mAh Battery, Android 11 with 2 Years of OS Upg...","4.0","1150","15999.00","21999.00","Networking","Mid Range","Good","Moderate"
"Beetel X73 Cordless 2.4Ghz Landline Phone with Caller ID Display, 2-Way Speaker Phone with Volume Controls, Auto Answer, A...","3.7","13978","2159.00","2799.00","Speakers","Economy","Average","Very Popular"
"Acer 126 cm (50 inches) H Series 4K Ultra HD Android Smart LED TV AR50AR2851UDPRO (Black)","4.4","2687","28999.00","42990.00","Television","Premium","Good","Moderate"
"Remote Compatible for Samsung LED/LCD Remote Control Works with Samsung LED/LCD TV by Trend Trail","3.7","290","198.00","299.00","Television","Budget","Average","Low"
"Redgear MP80 Speed-Type Gaming Mousepad (Black/Red)","4.6","34185","399.00","999.00","Accessories","Budget","Excellent","Very Popular"
"PiBOX India - USB 3.0 to 2.5"" SATA III Hard Drive Adapter 0.5 M Long Cable w/UASP - SATA to USB 3.0 Converter for SSD/HDD...","4.1","9091","499.00","999.00","Accessories","Budget","Good","Popular"
"boAt Newly Launched Aavante Bar Tune Soundbar with 60W RMS Signature Sound, 2.0 Channel, Multi-Connectivity Modes, BT v5....","3.9","17","3999.00","7990.00","Speakers","Economy","Average","Low"
"Celly BHSTEREO Magnetic in-Ear Bluetooth 5.0 Wireless Headset, Ergonomic Design, Tangle-Free Cord, Immersive Sound Experie...","2.8","3","1222.00","2499.00","Headphones","Economy","Poor","Low"
"LOHAYA Universal AC Remote Compatible with LG AC Remote Control Model No :- AKB72955306 [ Compatible for LG Split AC Remot...","3.9","426","284.05","899.00","Other","Budget","Average","Low"
"D2Q Wired Original Galaxy Earphones for All Samsung Smartphones with Mic | Pure Bass Sound | One Button Multi-Function Rem...","4.2","103","299.00","899.00","Mobile Phone","Budget","Good","Low"
"realme Narzo 50 Pro 5G (Hyper Black 8GB RAM+128GB Storage) Dimensity 920 5G Processor |90Hz Super AMOLED Display","4.1","5622","19480.00","23999.00","Mobile Phone","Mid Range","Good","Popular"
"pTron Glam Extendable Selfie Stick with Bluetooth Remote & Tripod Stand, 75cm Extended Length, for 6.5 to 9.5cm Width Phon...","4.0","67","349.00","1299.00","Other","Budget","Good","Low"
"FEDUS 5 Meter 16.4 Feet Long Switch Board Extension, Pack 1 Extension Boards with Switch,Extension Board with Long Wire, E...","4.3","714","493.00","899.00","Other","Budget","Good","Low"
"Weird Wolf Mosquito Racket Bat with Lithium Battery (CE Certified) | USB Charging | Bright LED | All India Warranty (Purple)","4.2","1442","577.00","1299.00","Other","Budget","Good","Moderate"
"CEDO 25W Dual Port (USB A + USB C) 25W PD + 18W QC Quick Charge Wall Charger Travel Adapter for Samsung M33,M53,F23, Flip...","3.9","316","699.00","1999.00","Accessories","Budget","Average","Low"
"Oppo A55 (Rainbow Blue, 4GB RAM, 128GB Storage) | 5000mAh Battery | 50MP AI Camera | 18W Fast Charging | with No Cost EMI/...","4.1","815","13999.00","18990.00","Mobile Phone","Mid Range","Good","Low"
"pTron Tangent Urban, 60Hrs Playtime, ENC, Bluetooth 5.3 Earphones, Low Latency Gaming, Punchy Bass, in-Ear Wireless Headph...","3.2","7790","799.00","2599.00","Other","Budget","Average","Popular"
"Sounce Silicone Soft Shock Proof Protective AirPods Case 5-in-1 Set Sleeve Skin Cover with Anti Lost Strap + Keychain + Ea...","3.9","5216","249.00","999.00","Earbuds","Budget","Average","Popular"
"Redmi 9A Sport (Carbon Black, 3GB RAM, 32GB Storage) | 2GHz Octa-core Helio G25 Processor | 5000 mAh Battery","4.1","319396","7499.00","9499.00","Mobile Phone","Mid Range","Good","Very Popular"
"KYOSEI Advanced Tempered Glass Compatible with Google Pixel 7 with Military-Grade Anti-Explosion Edge-to-Edge Coverage Scr...","4.4","1143","299.00","1199.00","Mobile Phone","Budget","Good","Moderate"
"Redmi Note 10S (Deep Sea Blue, 6GB RAM, 64GB Storage) - Super Amoled Display | 64 MP Quad Camera | 6 Month Free Screen Rep...","4.2","221269","14999.00","16999.00","Mobile Phone","Mid Range","Good","Very Popular"
"GIZGA 2.5"" Hard Drive Case Self Tattoo Hard Shell (Black)","4.5","5975","229.00","599.00","Other","Budget","Excellent","Popular"
"Nokia 3310 Dual SIM Feature Phone with MP3 Player, Wireless FM Radio and Rear Camera, Dark Blue","4.1","17536","3749.00","4599.00","Camera","Economy","Good","Very Popular"
"AEIDESS Tempered Glass/Screen Guard Compatible for Oneplus 11 / OnePlus 9 Pro with Edge to Edge Full Screen Coverage (Tran...","4.0","2214","299.00","1299.00","Mobile Phone","Budget","Good","Moderate"
"Tukzer Gel Mouse Pad Wrist Rest Memory-Foam Ergonomic Mousepad| Cushion Wrist Support & Pain Relief| Suitable for Gaming, ...","4.5","2936","425.00","899.00","Accessories","Budget","Excellent","Moderate"
"Gizga Essentials USB WiFi Adapter for PC, 150 Mbps Wireless Network Adapter for Desktop - Nano Size WiFi Dongle Compatible...","3.6","10389","249.00","800.00","Networking","Budget","Average","Very Popular"
"Born Good Plant-based Electronics & Gadget Disinfectant & Cleaner Kit | Biodegradable, Non-Toxic, Eco-Friendly | Laptop, S...","4.3","17","292.00","449.00","Laptop","Budget","Good","Low"
"Sinal Premium Heavy Duty Wall Mount Stand for 17-32 inches LCD LED TV Moving TV","3.8","736","465.00","999.00","Television","Budget","Average","Low"
"Amazon Brand - Solimo Mobile Soft & Flexible Shockproof Back Cover with Cushioned Edges for Samsung Galaxy S20 FE, Transpa...","4.0","637","169.00","499.00","Mobile Phone","Budget","Good","Low"
"Merayo Metal Mesh Pen and Pencil Stationary Storage Tidy Desk Organizer Box with 6 Compartment for Home and Office Accesso...","4.4","1492","789.00","1299.00","Other","Budget","Good","Moderate"
"Sony HT-S40R Real 5.1ch Dolby Audio Soundbar for TV with Subwoofer & Wireless Rear Speakers, 5.1ch Home Theatre System (60...","4.5","2758","24990.00","34990.00","Speakers","Premium","Excellent","Moderate"
"Noise Buds VS303 in-Ear Truly Wireless Earbuds with 24H of Playtime, Hyper Sync Technology, with Mic, 13mm Driver,Full Tou...","3.7","6264","1399.00","3499.00","Earbuds","Economy","Average","Popular"
"Saifsmart Outlet Wall Mount Hanger Holder for Dot 3rd Gen, Compact Bracket Case Plug and Built-in Cable Management for Kit...","4.0","3519","331.00","1299.00","Other","Budget","Good","Moderate"
"Logitech Plug and Play USB Keyboard K120, Black","4.4","6813","715.00","795.00","Accessories","Budget","Good","Popular"
"Mivi DuoPods A550 Truly Wireless in Ear Earbuds with Quad Mic ENC(Environmental Noise Cancellation), 13mm Powerful Bass Dr...","3.8","8163","1499.00","2999.00","Earbuds","Economy","Average","Popular"
"ProElite Smart Flip Case Cover for Samsung Galaxy Tab A8 10.5"" SM-X200/ SM-X205/ SM-X207 Translucent Back with Stylus Pen,...","4.1","488","549.00","1999.00","Mobile Phone","Budget","Good","Low"
"Nokia 110 4G with Volte HD Calls, Up to 32GB External Memory, FM Radio (Wired & Wireless Dual Mode), Games, Torch | Aqua 1...","3.6","6665","2999.00","3499.00","Other","Economy","Average","Popular"
"HP 15s, AMD Athlon Silver 3050U 8GB RAM/512GB SSD 15.6-inches/39.6 cm HD, Micro-Edge Display/Windows 11/AMD Radeon Graphic...","3.6","190","29990.00","39288.00","Monitor","Premium","Average","Low"
"Navneet Youva | Spiral Long Book for students and executives | Spiral Bound with Safety lock | A4 size - 21 x 29.7 cm | Si...","4.4","2082","155.00","180.00","Other","Budget","Good","Moderate"
"SanDisk SDDD3-032G-I35GW Ultra Dual 32GB USB 3.0 OTG Pen Drive (Gold)","4.3","191346","429.00","850.00","Other","Budget","Good","Very Popular"
"Quartet ReWritables Mini Dry-Erase Whiteboard Markers, Fine Tip, Assorted Ink Colours, Whiteboard Non-Permanent Markers wi...","3.9","533","198.00","299.00","Other","Budget","Average","Low"
"Tizum USB Type C to Lightning Cable with 20W Fast Charging & 480 Mbps Data Transmission Speed for iPhones, iPads & other i...","4.8","25","329.00","1999.00","Mobile Phone","Budget","Excellent","Low"
"Sony WI-C200 Wireless Headphones with 15 Hrs Battery Life, Quick Charge, Magnetic Earbuds for Tangle Free Carrying, BT ver...","4.0","47717","1899.00","2990.00","Earbuds","Economy","Good","Very Popular"
"Artis ARTIS Mini 2.0 USB Multimedia Speakers (Black)","4.1","5539","449.00","699.00","Speakers","Budget","Good","Popular"
"Pilot V5 Liquid Ink Roller Ball Pen -Blue(Pack of 3), (9000014710)","4.4","4362","179.00","210.00","Other","Budget","Good","Moderate"
"ZEBRONICS V260JP Joypad with vibration motors, dual analog sticks, USB interface, Digital / analog modes, 14 buttons, Comp...","3.3","45","569.00","699.00","Other","Budget","Average","Low"
"SEVAM Broadcast Mobile Phone Stand Multi-Angle Adjustable Desk Mount Holder 360 Rotate for Online Classes Live Streaming S...","3.6","960","248.00","1299.00","Mobile Phone","Budget","Average","Low"
"Pubg Anti-Slip Thumb Sleeve Pack Of 6 Pair Yellow Finger Sleeve (Pack of 12)","3.2","18","59.00","199.00","Other","Budget","Average","Low"
"BROTHER TN-2365 Original Toner (Mono/Black)","4.2","556","2845.00","3790.00","Other","Economy","Good","Low"
"TP-Link TL-MR100 300Mbps 2.4GHz Wireless N 4G LTE, Wi-Fi N300, Plug and Play, Parental Controls, Guest Network, with Micro...","4.0","14490","3699.00","6999.00","Networking","Economy","Good","Very Popular"
"AGARO 3.5mm Audio Cable Stereo Aux 90 Degree Right Angle Aux Cable 24K Gold Plated Male to Male Hi-Fi Sound for Car, Home ...","4.2","110","149.00","399.00","Other","Budget","Good","Low"
"Amkette EvoFox Fireblade Gaming Wired Keyboard with LED Backlit, 19 Anti-Ghosting Keys and Windows Lock Key (TKL) (Black)","4.1","5601","989.00","1299.00","Accessories","Budget","Good","Popular"
"Qubo Smart Cam 360 Ultra from Hero Group | Made in India | Ethernet Port | 2MP 1080p Full HD Wi-Fi Camera | 360 Coverage w...","4.0","507","2790.00","4990.00","Camera","Economy","Good","Low"
"Belkin Essential Series 8-Socket Surge Protector Universal Socket with 6.5ft Heavy Duty Cable (Grey)","4.5","20940","1890.00","2199.00","Other","Economy","Excellent","Very Popular"
"DailyObjects Large Premium Vegan Leather Anti-Skid, Anti-Slip | Reversible Desk spread Turf Desk Mat/Laptop mat for Work f...","4.4","1016","999.00","2499.00","Laptop","Budget","Good","Moderate"
"Zebronics Jet PRO Premium Wired Gaming On Ear Headphone with LED for Headband + earcups, 40mm Neodymium Drivers, 2 Meter B...","3.9","690","949.00","1899.00","Headphones","Budget","Average","Low"
"Amazon Brand - Solimo Ring Binder, A4 Size, White, Pack of 2","4.3","230","219.00","600.00","Other","Budget","Good","Low"
"Panasonic eneloop Ni‐MH AA Rechargeable Battery,low self discharge for multi use up to 2000 mAh capacity,storage life hold...","4.4","26595","1179.00","1299.00","Other","Economy","Good","Very Popular"
"(Renewed) Boya BYM1 Omnidirectional Lavalier Condenser Microphone with 20ft Audio Cable (Black)","3.8","884","449.00","789.00","Other","Budget","Average","Low"
"ZEBRONICS Cheetah Wireless Mouse with 1600 DPI, High Accuracy, Precise Usage, 3 Buttons, Ergonomic and Comfortable Design...","4.6","59","399.00","799.00","Accessories","Budget","Excellent","Low"
"HP w300 1080P 30 FPS FHD Webcam with Built-in Dual Digital Mic, Plug and Play Setup, Wide-Angle View for Video Calling on ...","4.1","508","2390.00","4999.00","Accessories","Economy","Good","Low"
"Dell K257C 1 Port 240V 3 Pin Power Chord for Laptops - Black","4.2","1353","298.00","499.00","Laptop","Budget","Good","Moderate"
"Dyazo Telescopic Multi Angle Adjustable and Foldable Mobile Phone Tabletop Stand, Anti Slip and Scratch Resistant, Compati...","4.2","1888","239.00","599.00","Mobile Phone","Budget","Good","Moderate"
"JBL Commercial CSHM10 Handheld Dynamic XLR Unidirectional Microphone With On/Off Switch (Cable Not Included) Black, Medium","4.0","1590","1199.00","2650.00","Other","Economy","Good","Moderate"
"JBL Go 3, Wireless Ultra Portable Bluetooth Speaker, Pro Sound, Vibrant Colors with Rugged Fabric Design, Waterproof, Type...","4.4","122476","3215.00","4499.00","Speakers","Economy","Good","Very Popular"
"HB PLUS Selfie Stick, Extendable Selfie Stick with Wireless Remote and Tripod Stand, Portable, Lightweight, Compatible wit...","3.9","260","349.00","999.00","Other","Budget","Average","Low"
"Samsung Galaxy M13 5G (Aqua Green, 6GB, 128GB Storage) | 5000mAh Battery | Upto 12GB RAM with RAM Plus","4.1","22813","14999.00","19499.00","Mobile Phone","Mid Range","Good","Very Popular"
"MARVIK Smart Watch D116 for Xiaomi Mi Note 9 Smart Watch Bluetooth SmartWatch with Activity Tracker, Heart Rate Sensor, Sl...","3.0","591","494.00","999.00","Smartwatch","Budget","Average","Low"
"Caprigo Super Heavy Duty TV Wall Mount Bracket for 32 to 55 Inch LED/HD/Smart TV’s, Universal Fixed TV Wall Mount Stand (M...","4.1","1746","599.00","1499.00","Television","Budget","Good","Moderate"
"Bavcieu® 2 Pack Camera Lens Protector for iPhone 14 Pro 6.1"" ＆ iPhone 14 Pro Max 6.7"",Tempered Glass,9H Hardness,Ultra HD,...","3.8","145","299.00","999.00","Mobile Phone","Budget","Average","Low"
"Gold Medal I-Design 4X1 Power Strip (With 4-Outlet International Sockets, Master Switch, Indicator And 2M Power Cord)","4.4","1595","425.00","837.00","Other","Budget","Good","Moderate"
"Cosmic Byte CosmoBuds X100 True Wireless (TWS) in-Earbuds, BT 5.3, 40 Hrs Playtime, 38ms Latency, Music & GOD Mode, ENC, P...","3.7","192","1599.00","8999.00","Earbuds","Economy","Average","Low"
"Fire-Boltt Ring Plus 1.91"" Bluetooth Calling Smartwatch Largest Full Touch Display & Full Metal Body, AI Voice, Over 100 S...","4.1","44638","3499.00","11999.00","Monitor","Economy","Good","Very Popular"
"Kanget USB OTG for iPhone/iPad, Compatible with iOS 13 and Later, USB Female Support Connect USB Flash Drive, Keyboard, Mo...","3.9","2181","599.00","799.00","Mobile Phone","Budget","Average","Moderate"
"Rts All In One Universal Global Power International Travel Adaptor 2 Usb Charging Port Europe Uk/Usa/Eu/Aus Worldwide Wall...","4.3","296","580.00","4999.00","Other","Budget","Good","Low"
"TP-Link AC1300 USB WiFi Adapter (Archer T3U) - 2.4G/5G Dual Band Mini Wireless Network Adapter for PC Desktop, MU-MIMO Wi-...","4.4","24193","1399.00","2499.00","Networking","Economy","Good","Very Popular"
"Logitech M235 Wireless Mouse, 1000 DPI Optical Tracking, 12 Month Life Battery, Compatible with Windows, Mac, Chromebook/P...","4.5","54920","699.00","995.00","Laptop","Budget","Excellent","Very Popular"
"Amazon Basics Laptop Cooling Pad with LED Lighting Effect | USB Powered Gaming Laptop Cooler Stand | Quiet 6 Fans with 2-L...","4.2","309","999.00","2799.00","Laptop","Budget","Good","Low"
"OFIXO 20 Meter Food WRAP Multipurpose Food Wrapping Paper","4.3","2751","199.00","249.00","Other","Budget","Good","Moderate"
"House of Quirk Self Adhesive Wall Whiteboard Sticker for Dry Erase Wall Paper Message Board for Kids, Office, School and H...","4.2","373","325.00","699.00","Other","Budget","Good","Low"
"D'Addario EXL120 Nickel Wound 9-42 Super Light Electric Guitar Strings (Nickel)","4.5","4372","308.00","410.00","Other","Budget","Excellent","Moderate"
"Brother HL-L2321D Single-Function Monochrome Laser Printer with Auto Duplex Printing","4.4","3742","9949.00","11790.00","Printer","Mid Range","Good","Moderate"
"Energizer Max Alkaline AAA Batteries - Pack of 6","4.3","5967","169.00","275.00","Other","Budget","Good","Popular"
"SanDisk Ultra Dual USB Drive 3.1, SDDDC2 32GB, Black, USB 3.1/Type C Reversible Connector, Retractable Design, Type-C OTG-...","4.3","84729","628.00","1100.00","Other","Budget","Good","Very Popular"
"Brother DCP-B7535DW Multi-Function Monochrome Laser Printer with Auto Duplex Printing & Wi-Fi (Toner Box Technology)","4.2","943","19949.00","26490.00","Printer","Mid Range","Good","Low"
"HP v207w 32GB USB 2.0 Pen Drive,Black","4.1","128","299.00","700.00","Other","Budget","Good","Low"
"SanDisk ® Ultra Curve USB 3.2 64GB 100MB/s R Black","4.2","2321","468.00","950.00","Other","Budget","Good","Moderate"
"doodle Morning Glory B5 Hard Bound Wiro Spiral Notebook Diary with Bookmark Dangler (80GSM,160 Undated Ruled Pages, )","4.5","775","266.00","445.00","Laptop","Budget","Excellent","Low"
"Power One P10 Hearing Aid Battery, 60 Pieces (Multi Color)","4.4","847","1084.00","2400.00","Other","Economy","Good","Low"
"Samsung Galaxy A14 5G (Black, 6GB, 128GB Storage) | Triple Rear Camera (50 MP Main) | Upto 12 GB RAM with RAM Plus | Trave...","3.5","106","18999.00","20999.00","Mobile Phone","Mid Range","Average","Low"
"SKYVIK TRUHOLD AC Airvent Magnetic Car Mobile Phone Holder-Black","4.2","2771","599.00","1999.00","Mobile Phone","Budget","Good","Moderate"
"TP-Link Archer T2UB Nano AC600 USB 2.0 Wi-Fi Bluetooth 4.2 USB Adapter | Dual Band Wireless 600 Mbps| Plug and Play | Supp...","4.3","12847","1099.00","1699.00","Networking","Economy","Good","Very Popular"
"Juarez Lindenwood Acoustic Guitar Kit, 38 Inches Cutaway, 38C With Bag, Strings, Pick And Strap, 3TS Sunburst","4.0","5471","1999.00","6990.00","Other","Economy","Good","Popular"
"TheGiftKart Ultra-Hybrid Crystal Clear Back Case Cover for iPhone 11 | Shockproof Design | Camera Protection Bump | Hard C...","4.3","88","279.00","999.00","Mobile Phone","Budget","Good","Low"
"Panasonic Single Line Digital Cordless Telephone, Black","4.1","4967","3168.00","3800.00","Other","Economy","Good","Moderate"
"Onsitego 1 Year Extended Warranty for Juicer Mixer Grinders Up to Rs 5000 (Email Deliver)","3.9","1336","186.00","498.00","Other","Budget","Average","Moderate"
"Amazon Basics 38W Mini Car Charger with Dual Output, Fast Charging (Type C 20W + Type A 18W) Compatible with All Smartphon...","4.2","4145","729.00","999.00","Accessories","Budget","Good","Moderate"
"Elv FPStyli-2Gen-JETBLKIN Fine Point 2nd Gen Stainless Steel Stylus Pen for Tablets, Smartphones, Amazon Kindle (Jet Black)","3.9","16591","349.00","1569.00","Mobile Phone","Budget","Average","Very Popular"
"Robustrion Smart Trifold Hard Back Flip Stand Case Cover for Samsung Galaxy Tab A8 10.5 inch(265m) [SM-X200/X205/X207] 202...","4.3","1409","599.00","1999.00","Mobile Phone","Budget","Good","Moderate"
"IONIX LCD Writing Tablet 8.5 Inch/21.8 cm Screen, Kids Toys, LCD Writing pad, Writing Tablet,Kis Toys for Boys 4 Years, To...","3.8","6574","218.00","999.00","Tablet","Budget","Average","Popular"
"Panasonic 3411 Cordless Landline Phone Black","4.0","7953","2770.00","4999.00","Other","Economy","Good","Popular"
"Action Pro Stainless Steel Tripod Mount Adapter Compatible with GoPro Hero 11 10 9 8 7 6 5 4 3+ 3 Mount to 1/4 Thread Used...","3.8","2467","149.00","299.00","Accessories","Budget","Average","Moderate"
"Arctic Fox Wired USB Gaming Mouse with Breathing Lights and DPI Upto 3600","4.2","181","245.59","599.00","Accessories","Budget","Good","Low"
"truke Buds Q1 Bluetooth Truly Wireless in Ear Earbuds with mic, 60H Playtime and Fast Charge, Environmental Noise Cancella...","3.7","11428","1199.00","3499.00","Earbuds","Economy","Average","Very Popular"
"JBL Go 3, Wireless Ultra Portable Bluetooth Speaker, Pro Sound, Vibrant Colors with Rugged Fabric Design, Waterproof, Type...","4.4","122476","3214.00","3999.00","Speakers","Economy","Good","Very Popular"
"ABAJ Bubble Wrap (50 m Long x 01 m) Multipurpose Packing Material for Your Packaging Safety and Needs","3.4","63","597.00","999.00","Other","Budget","Average","Low"
"Quess Care Extended Warranty Plan for 2 Year for TV - Less Than 10000 (Email Delivery)","3.9","1144","347.00","449.00","Television","Budget","Average","Moderate"
"Ambrane Wired in Earphones with in-line Mic for Clear Calling, 14mm Dynamic Drivers for BoostedBass™, 3.5mm Jack, Multi-Fu...","3.7","122","299.00","449.00","Other","Budget","Average","Low"
"HUMBLE® Universal Silicone Sucker Long Neck Car Mobile Phone Holder Mount Stand Ultimate Reusable Suction Cup with 360 Deg...","3.8","1608","299.00","699.00","Mobile Phone","Budget","Average","Moderate"
"Echo Dot (Black) Combo with Syska 12W Smart Color Bulb - Smart Home Starter Kit","4.4","98293","2849.00","6698.00","Other","Economy","Good","Very Popular"
"Spigen NeoFlex Screen Protector Guard for Galaxy S23 Ultra - 2 Pack","3.4","522","1499.00","2499.00","Mobile Phone","Economy","Average","Low"
"LOHAYA Television Remote Compatible for VU LED LCD HD Tv Remote Control Model No :- EN2B27V","3.7","536","284.05","1199.00","Television","Budget","Average","Low"
"SToK (ST-MC01) Currency Counting Machine with UV/MG Counterfeit Notes Detection Plus External Display and 1 Year Warranty...","3.9","1772","5282.00","7999.00","Monitor","Mid Range","Average","Moderate"
"SYSKA 3 Way Spike and Surge Guard with USB","3.9","2527","589.00","599.00","Other","Budget","Average","Moderate"
"AmazonBasics Cleaning Kit for DSLR Cameras and Sensitive Electronics (Cleaning Solution Not Included)","3.9","6286","429.00","900.00","Camera","Budget","Average","Popular"
"Lava A3 Power (Aqua Blue),Military Grade Certified, Jumbo Battery with 10 Days Backup, Dedicated Music Buttons, Keypad Mob...","4.0","799","1299.00","1699.00","Other","Economy","Good","Low"
"boAt Stone 1208 Bluetooth Speaker with Upto 9 Hours Playback, RGB LEDs, True Wireless Feature, Carry Strap, IPX7 and Ergon...","4.2","15462","3999.00","6990.00","Speakers","Economy","Good","Very Popular"
"Honor Magic Watch 2 (46mm, Charcoal Black) 14-Days Battery, SpO2, BT Calling & Music Playback, 100 Workout Modes, AMOLED T...","4.4","7827","7999.00","14999.00","Other","Mid Range","Good","Popular"
"Xiaomi REDMI Wired High Definition in-Ear Earphones with in-Built HD Mic, Hi-Res Audio Certified, 10 mm Driver, Metal Soun...","4.1","24959","449.00","999.00","Mobile Phone","Budget","Good","Very Popular"
"Samsung T7 1TB Up to 1,050MB/s USB 3.2 Gen 2 (10Gbps, Type-C) External Solid State Drive (Portable SSD) Grey(MU-PC1T0T)","4.6","20808","8999.00","23999.00","Other","Mid Range","Excellent","Very Popular"
"ZEBRONICS Juke BAR 9750 PRO 5.1.2 Surround Dolby Atmos 525 Watt Soundbar with Subwoofer, Dual Wireless Rear Satellites, HD...","4.0","158","20999.00","59999.00","Speakers","Premium","Good","Low"
"Ardith Multi-Purpose Laptop Desk for Study and Reading with Foldable Non-Slip Legs Reading Table Tray, Laptop Table, Lapto...","4.1","3156","649.00","1999.00","Laptop","Budget","Good","Moderate"
"Lava A3 (White Beige) - Dual Sim Mobile with 1750 mAh Big Battery and 32 GB Expandable Storage","4.0","5692","1212.00","1649.00","Mobile Phone","Economy","Good","Popular"
"URBN 10000 mAh 20W Super Fast Charging Ultra Compact Nano Lithium_ion Power Bank with Quick Charge & Power Delivery, Type ...","4.2","791","1499.00","2990.00","Accessories","Economy","Good","Low"
"Lapster 15v ultra fast USB charging cable compatible with most philips trimmer, shavers, body groomers & multi grooming mo...","3.8","16","399.00","999.00","Other","Budget","Average","Low"
"VU 139 cm (55 inches) The GloLED Series 4K Smart LED Google TV 55GloLED (Grey)","4.5","1263","38999.00","65000.00","Television","Premium","Excellent","Moderate"
"cozycase Outlet Wall Mount Hanger Holder for ot 3rd Generation, A SpSPACE-Saving Solution for Your Smart Speakers,Built-in...","4.1","1940","349.00","1299.00","Speakers","Budget","Good","Moderate"
"Amkette Pocket Blast FM Radio with Bluetooth Speaker with Type C Charging, Hidden Antenna, Voice/FM Recording, 7+ Hours Pl...","4.3","2726","1424.00","2299.00","Speakers","Economy","Good","Moderate"
"URBN Type-C to Type-C | 65W Super Fast Charging Adapter Cable | Unbreakable Nylon Braided Rugged Cable | Power Delivery (P...","4.0","291","149.00","799.00","Accessories","Budget","Good","Low"
"TOSHIBA 80 cm (32 inches) V Series HD Ready Smart Android LED TV 32V35KP (Silver)","4.3","1932","13990.00","24990.00","Television","Mid Range","Good","Moderate"
"Amazon Basics 18W Dual Port USB Type C and USB Type A Fast Charging Wall Charger for Cellular Phones, Game Consoles, Headp...","3.3","895","489.00","699.00","Accessories","Budget","Average","Low"
"PHILIPS Xenium E209 Premium Multimedia Feature Keypad Mobile Basic Bar Phone with Dual SIM Card, Vivid Display, Rear Camar...","3.5","261","1195.00","2999.00","Mobile Phone","Economy","Average","Low"
"AEIDESS Tempered Glass Screen Protector Compatible for OnePlus 6T / OnePlus 7 with Edge to Edge Coverage and Easy Installa...","4.1","2990","149.00","999.00","Mobile Phone","Budget","Good","Moderate"
"ZOUK Black Floral Printed Handmade Vegan Leather Women's Office Bag for 15.6 inch Laptop with Double Handles - FloMotif","4.4","1832","1699.00","4863.00","Laptop","Economy","Good","Moderate"
"Amozo Ultra Hybrid Camera and Drop Protection Back Cover Case for iPhone 13 Pro Max (TPU + Polycarbonate | Crystal Transpa...","4.1","929","379.00","1499.00","Mobile Phone","Budget","Good","Low"
"Cello Butterflow Simply Ball Pen | Pack of 20 Blue and 5 Black pens | Best Ball Pens for Smooth Writing | Writing Pens for...","4.0","1163","238.00","275.00","Other","Budget","Good","Moderate"
"JUAREZ Octavé JRK661 61-Key Electronic Keyboard Piano with LED Display | Adapter | Key Note Stickers | Mic |Music Sheet St...","3.9","648","3209.00","6500.00","Monitor","Economy","Average","Low"
"Artis 65Watt Universal Laptop Adapter with 8 Interchangeable Connector pins (Power Cord Included) Compatible with Dell/HP/...","3.6","1978","999.00","1999.00","Laptop","Budget","Average","Moderate"
"OneAssist 3Yrs Total Protection Plan for TV (Price Range 5000-15000)-Digital Delivery in 2 Hours","3.4","5","764.00","1528.00","Television","Budget","Average","Low"
"Logitech G502 Hero High Performance Wired Gaming Mouse, Hero 25K Sensor, 25,600 DPI, RGB, Adjustable Weights, 11 Programma...","4.5","43572","3895.00","5495.00","Accessories","Economy","Excellent","Very Popular"
"CEDO Back Cover Samsung M33 5G | Matte Soft Silicon Flexible | Camera Bump Protection | All Side Shock Proof Rubberised Ba...","3.9","513","149.00","999.00","Camera","Budget","Average","Low"
"QZ USB 3.1 Type C OTG Adapter, Type C to USB Connector, USB to Type C Adapter OTG [Thunderbolt-3 Compatible]","4.3","2525","395.00","495.00","Accessories","Budget","Good","Moderate"
"TheGiftKart Ultra-Hybrid Back Case Cover for Samsung Galaxy S21 FE 5G | Crystal Clear Hard Back | Shockproof Design | Came...","4.3","117","379.00","999.00","Mobile Phone","Budget","Good","Low"
"Oboe Silicone TV Remote Cover Compatible with LG TV Remote LG AN-MR21GA (2021) LG MR22GA (2022) LG Magic Remote Case with ...","4.4","789","399.00","1499.00","Television","Budget","Good","Low"
"realme 10 (Rush White, 8GB Ram) (128 GB Storage)","4.0","6","17060.00","19999.00","Mobile Phone","Mid Range","Good","Low"
"Amazon Basics USB 2.0 Cable - A-Male to B-Male for Personal Computer, Printer (Black, 16 Feet, 4.8 Meters)","4.5","110504","379.00","1490.00","Printer","Budget","Excellent","Very Popular"
"AmazonBasics 6 Feet DisplayPort to DisplayPort Cable - (Not HDMI Cable) (Gold)","4.4","25790","339.00","1100.00","Monitor","Budget","Good","Very Popular"
"iTronix Charging Cable for BoAt Storm/Storm 1.3"" Curved Display/Xtend/Xtend Pro/Xplorer/Wave Connect/Wave Beat/Wave Fit/Wa...","4.1","608","269.00","799.00","Monitor","Budget","Good","Low"
"Trinetra USB-C Adapter Charger 18W 20W 3D Cartoon Designs Lightning Cable Protector (Brown Mikki) (Cable & chager not Incl...","4.2","72","310.00","325.00","Accessories","Budget","Good","Low"
"Western Digital WD Blue SN570 NVMe 1TB, Upto 3000MB/s, with Free 1 Month Adobe Creative Cloud Subscription, 5 Y Warranty, ...","4.6","30141","5579.00","13500.00","Other","Mid Range","Excellent","Very Popular"
"Fire-Boltt Dazzle Plus 1.83"" Smartwatch Full Touch Largest Borderless Display & 60 Sports Modes (Swimming) with IP68 Ratin...","4.1","1756","1349.00","11999.00","Monitor","Economy","Good","Moderate"
"Spigen PE2008 Fast GaN Wall Charger 30W 1-Port Designed for All C Type Mobile Phones and Devices - Black","4.3","986","1699.00","1999.00","Mobile Phone","Economy","Good","Low"
"Saregama Carvaan Hindi - Portable Music Player with 5000 Preloaded Songs, FM/BT/AUX (Porcelain White)","4.4","5446","6290.00","6490.00","Other","Mid Range","Good","Popular"
"HP 14s, Intel Celeron N4500, 8GB RAM/256GB SSD 14-inches/35.6 cm HD, Micro-Edge Display/Alexa Built-in/Windows 11/Intel UH...","3.8","536","24990.00","36965.00","Monitor","Premium","Average","Low"
"GLYNO INFOTEL Camera Lens Protector for iPhone 14 PRO/ 14 PRO MAX [Case-Friendly] [Anti-Scratch] [Metal Finish] - (Purple)","4.3","11","275.00","1499.00","Mobile Phone","Budget","Good","Low"
"pTron Newly Launched Boom Buddy in-Ear Wired Earphones with Mic, Type-C Audio Connector, Immersive Stereo Sound with Deep ...","3.3","194","349.00","1599.00","Other","Budget","Average","Low"
"HUMBLE USB Power Adapter Fitness Band Charging Cable Designed For MI Band 4 - Black","4.2","1224","150.00","599.00","Accessories","Budget","Good","Moderate"
"KABEER ART 16 Well Rectangle Plastic Painting Palette","4.3","556","175.00","250.00","Other","Budget","Good","Low"
"RiaTech (250mm x 210mm x 2mm Speed Type Mouse Pad with Antifray Stitched Embroidery Edges, Non-Slip Rubber Base Mousepad f...","4.3","10152","189.00","799.00","Accessories","Budget","Good","Very Popular"
"Panasonic Rechargable Ni-MH AAA Rechargable Battery For Cordless Phone And Toys (Pack Of 2 Pcs)","4.3","2468","359.00","699.00","Other","Budget","Good","Moderate"
"APPUCOCO MS Metal Bookend for Office - 2 Per Pack (Black)","4.4","2218","299.00","1499.00","Other","Budget","Good","Moderate"
"Safari Crew Overnighter Backpack, 40 Ltr Water Resistant Travel Laptop Bag, Black Polyester Backpack for Men and Women, Sp...","4.3","80","1759.00","5099.00","Laptop","Economy","Good","Low"
"Parker Ultra Fine Navigator Roller Ball Refill, Black (9000012123)","4.5","2159","139.00","150.00","Other","Budget","Excellent","Moderate"
"Duracell Ultra Alkaline 9V Battery, 2 Pcs","4.4","3109","474.00","500.00","Other","Budget","Good","Moderate"
"IONIX Big Size LCD Writing Tablet 12 Inch Screen, LCD Writing pad, Tablet, Kids Toys for Boys, Toys for Boys 4 Years, Toys...","3.8","6574","428.00","999.00","Tablet","Budget","Average","Popular"
"EVATON Silicone Case Cover Compatible with Boat Airdopes 141,148, with Safety Ring (Back)","4.0","432","215.00","799.00","Earbuds","Budget","Good","Low"
"OpenTech® Tempered Glass Screen Protector Compatible for iPhone X/XS / 11 Pro Edge to Edge Coverage with Easy Installation...","4.3","9560","399.00","999.00","Mobile Phone","Budget","Good","Popular"
"Duracell Rechargeable AAA 900mAh Batteries, 4 Pcs","4.4","17839","799.00","999.00","Other","Budget","Good","Very Popular"
"TP-Link Archer C64 AC1200 Dual-Band Gigabit Wi-Fi Router, Wireless Speed up to 1200 Mbps, 4×LAN Ports, 1.2 GHz CPU, Advanc...","4.3","70135","2399.00","4799.00","Networking","Economy","Good","Very Popular"
"ProElite Smart Flip Case Cover for Apple iPad 10th Generation 10.9 inch 2022 Translucent & Hard Back with Stylus Pen, Navy...","4.1","58","399.00","1999.00","Tablet","Budget","Good","Low"
"Seagate One Touch 2TB External HDD with Password Protection – Red, for Windows and Mac, with 3 yr Data Recovery Services, ...","4.5","28685","5799.00","8999.00","Other","Mid Range","Excellent","Very Popular"
"BOBO Non-Toxic TPU and Plastic Dry Bag Case for iPhone Xs Max XR XS X 8 7 6S 6 Plus, Samsung Galaxy S9 S8 + Note 8 6 5 4, ...","4.1","10555","499.00","1799.00","Mobile Phone","Budget","Good","Very Popular"
"Pilot Frixion Roller Ball Pen, Blue, (9000019672)","4.2","2439","90.00","100.00","Other","Budget","Good","Moderate"
"Spe Tulip 58Mm Flower Lens Hood (Black) For Canon Eos 55-250Mm 18-55Mm Ef Lens","3.7","2917","133.00","499.00","Other","Budget","Average","Moderate"
"ZEBRONICS ZEB-K04 Mini Multimedia USB Wired Keyboard with 96 UV Coated Keys, Slim & Compact, for PC/Mac","3.9","444","349.00","399.00","Accessories","Budget","Average","Low"
"HP 15s, 12th Gen Intel Core i5 8GB RAM/512GB SSD 15.6""(39.6 cm) FHD Laptop/Intel Iris Xe Graphics/Alexa/Win 11/MSO 2021/1....","4.1","959","58490.00","67832.00","Laptop","Luxury","Good","Low"
"MemeHo® Smart Multi-Purpose Laptop Table with Dock Stand/Study Table/Bed Table/Foldable and Portable/Ergonomic & Rounded E...","4.2","26468","697.00","1499.00","Laptop","Budget","Good","Very Popular"
"TheGiftKart Tough Armor Bumper Back Cover Case for OnePlus 6T / OnePlus 7 Bumper | Ring Holder & Kickstand in-Built | 360 ...","4.4","203","379.00","999.00","Mobile Phone","Budget","Good","Low"
"AFRITEE Desk Pad Desk Protector Mat - Dual Side PU Leather Desk Mat Large Mouse Pad, Writing Mat Waterproof Desk Cover Org...","4.2","8217","384.00","899.00","Accessories","Budget","Good","Popular"
"Canon EOS 1500D 24.1 Digital SLR Camera (Black) with EF S18-55 is II Lens","4.4","9354","37490.00","39995.00","Camera","Premium","Good","Popular"
"VW 80 cm (32 inches) Playwall Frameless Series HD Ready Android Smart LED TV VW3251 (Black)","4.3","927","8499.00","15999.00","Television","Mid Range","Good","Low"
"KABEER ART 48 Pc Color gel pens,Glitter, Metallic, Neon pens Set Good gift For Coloring,Sketching,Painting, Drawing","4.2","2004","399.00","600.00","Other","Budget","Good","Moderate"
"ZEBRONICS Barrel 200 Bluetooth 5.0 Portable Speaker with 40W RMS, TWS, Wired Mic, Karaoke, RGB Lights, Mobile Holder, Dual...","3.7","11","3299.00","7999.00","Mobile Phone","Economy","Average","Low"
"Axxeum Silicon Lightning USB Data Charging Cable Protector and Saver for Both Ends for All Android and iPhone Smartphones...","3.9","2646","69.00","300.00","Mobile Phone","Budget","Average","Moderate"
"PTron Force X12N 1.85"" Full Touch Display Bluetooth Calling Smartwatch, Functional Crown, 580 NITS Brightness, HR, SpO2, W...","4.1","291","1699.00","4599.00","Monitor","Economy","Good","Low"
"House of Quirk Electronics Accessories Organizer Bag, Universal Carry Travel Gadget Bag for Cables, Plug and More, Perfect...","4.3","6730","499.00","999.00","Other","Budget","Good","Popular"
"Half Moon 45L Hammer Waterproof Laptop Travelling Rucksack Trekking Backpack for Travel Journey bags for Men Women Boys & ...","4.1","1003","1299.00","2789.00","Laptop","Economy","Good","Moderate"
"Lenovo GX20P92532 65W AC Adapter/Charger with Power Cord for Select Models of Lenovo (Type-C Pin) Laptops Black","4.4","455","1499.00","3690.00","Laptop","Economy","Good","Low"
"DJI OM 5-Handheld 3-Axis Smartphone Gimbal Stabilizer with Grip Tripod, Built-in Extension Rod, Shot Guide for Vlogging, Y...","4.2","3006","10500.00","17990.00","Mobile Phone","Mid Range","Good","Moderate"
"OpenTech® Tempered Glass Screen Protector Compatible for Oneplus Nord 2T 5G with Edge to Edge Coverage and Easy Installati...","4.0","11472","299.00","999.00","Mobile Phone","Budget","Good","Very Popular"
"ProElite Smart Flip case Cover for Samsung Galaxy Tab A8 10.5"" 2023/2022 SM-X200/ SM-X205/ SM-X207, Black","4.3","641","499.00","1499.00","Mobile Phone","Budget","Good","Low"
"Pikkme Nothing Phone 1 Back Cover |Electroplated Chrome Metal Ring | Full Camera Protection | Raised Edges | Super Soft Si...","4.2","33","299.00","999.00","Camera","Budget","Good","Low"
"Action Pro™ MADE IN INDIA (6-Month Warranty) Universal 360 Tripod Adapter | Phone Tripod Mount | Cell Phone Holder Mount A...","4.1","5651","229.00","499.00","Accessories","Budget","Good","Popular"
"Spigen Ultra Hybrid Matte Back Cover Case for iPhone 13 (TPU + Poly Carbonate | Frost Black)","4.4","2136","1699.00","2799.00","Mobile Phone","Economy","Good","Moderate"
"truke Air Buds Lite True Wireless in Ear Earbuds with 48 Hours Playtime, Gaming Mode, Enviornomental Noise Cancellation (E...","3.8","1566","999.00","2999.00","Earbuds","Budget","Average","Moderate"
"VELL - TECH Smartwatch for boys Y68 Bluetooth Calling Smart Touchscreen Smart Watch Bluetooth 1.44 HD Screen Smart Watch w...","3.3","1840","499.00","1989.00","Smartwatch","Budget","Average","Moderate"
"ORCHID ENGINEERS Stylish Iron Remote Stand For Home ( Silver Glossy Finish) | Tv Remote Stand Holder For Home Decor| Tv Un...","4.2","3843","299.00","999.00","Television","Budget","Good","Moderate"
"ZEBRONICS Zeb-BRO PRO in Ear Wired Stereo Earphones with Mic, 3.5mm Audio Input Jack, 10mm Drivers, in-Line Mic, 1.2 Metre...","3.6","658","199.00","449.00","Other","Budget","Average","Low"
"AmazonBasics RJ45 Cat-6 Ethernet Patch/LAN Cable for Personal Computer - 5Feet (1.5Meters), Black","4.4","32831","189.00","595.00","Other","Budget","Good","Very Popular"
"VEMIGON Hard PC Case Compatible for Apple Watch Series 8 and 7 45mm with Tempered Glass Screen Protector, Full Coverage, T...","3.7","1403","449.00","1099.00","Other","Budget","Average","Moderate"
"Wayona USB C Cable 65W Nylon Braided Type C Fast Charging Charger Lead Compatible with Samsung Galaxy A71 A51 A40 A20E, M3...","4.3","2821","289.00","999.00","Mobile Phone","Budget","Good","Moderate"
"HP Blue Pin Original Laptop Charger 19.5V 3.33A 65W Adapter (Power Cable Included)","2.9","4","1299.00","1547.00","Laptop","Economy","Poor","Low"
"GAIATOP Neck Fan, Rechargeable Hands Free Bladeless Personal Mini Fan,3 Speeds 48 Air Outlet, Free Adjustment Personal Coo...","3.9","3775","1399.00","4999.00","Other","Economy","Average","Moderate"
"SKYCELL Universal Mobile Holder for Scooty , Bike Mobile Stand Holder Metal Body","3.8","223","399.00","999.00","Mobile Phone","Budget","Average","Low"
"Paraspapermart A4 Ruled White Project Sheets (100 Sheets, Both Side Ruled)","4.2","1069","218.00","300.00","Other","Budget","Good","Moderate"
"TP-link 300Mbps Wireless N Speed N300 TL-WR840N Wi-Fi Single Band Router | Access Point Mode | Range Extender mode | WISP ...","4.2","124050","1049.00","1599.00","Networking","Economy","Good","Very Popular"
"Ceptics Europe Travel Adapter, India to Europe (Schuko) plug - Type E/F European plug adapter, Universal adapter for Europ...","4.3","16719","721.00","1499.00","Accessories","Budget","Good","Very Popular"
"TheGiftKart Crystal Clear Back Cover Case for Samsung Galaxy S20 FE / S20 FE 5G | Shockproof 360 Degree Protection | PC, T...","4.2","1988","299.00","999.00","Mobile Phone","Budget","Good","Moderate"
"Micromax X413 Blue","3.8","164","832.00","1499.00","Other","Budget","Average","Low"
"Portronics Ruffpad 15M 15Inch (38.1cm) Re-Writable Multicolor LCD Writing Pad with Smart Lock,India's first notepad to sav...","4.1","43","1299.00","3499.00","Other","Economy","Good","Low"
"Etzin Video Capture Cards 4k, HDMI Video Capture Card USB 2.0 HD 1080P Capture Adapter Directly to Computer for Gaming, St...","3.8","183","599.00","1999.00","Accessories","Budget","Average","Low"
"SanDisk Ultra Luxe USB 3.1 Flash Drive 32GB, Upto 150MB/s, All Metal, Metallic Silver","4.3","31693","468.00","1000.00","Other","Budget","Good","Very Popular"
"Artis AR-MINIDC-3 Mini UPS for WiFi Router/Modem/Set top Box Devices. 8800mAh Battery. Supports 9V/12V-1A/1.5A/2A Routers....","3.9","10231","1999.00","4999.00","Networking","Economy","Average","Very Popular"
"GLUN HOT MELT Transparent Glue Sticks for Glue Gun (7MM - 25 Sticks)","4.0","2110","186.00","999.00","Other","Budget","Good","Moderate"
"GRANOTONE Acrylic Venezia Metallic Colour, Non-Fading & Shimmering Metallic Acrylic Paint with Rich Pigments, Non-Toxic Me...","4.1","1744","157.00","200.00","Other","Budget","Good","Moderate"
"Tabelito Polyester Foam, Nylon Hybrid Laptopss Bag Sleeve Case Cover Pouch for Laptops (15.6 Inches /39.6Cm, Blue)","4.2","3308","299.00","1499.00","Laptop","Budget","Good","Moderate"
"USB C GaN Charger 30W, Cytron PD 3.0 PPS Fast Charger for iPhone 14/ 14 Plus/14 Pro/14 Pro Max/13 Pro/13 Pro Max, Samsung ...","4.3","391","1590.00","2499.00","Mobile Phone","Economy","Good","Low"
"EGOTUDE Slim Fit Silicone Soft Logo Cut Matte Back Cover Case for iPhone 14 (Sierra Blue)","3.6","145","229.00","999.00","Mobile Phone","Budget","Average","Low"
"boAt Airdopes 441 Pro Bluetooth Truly Wireless in Ear Earbuds with mic, Upto 150 Hours Playback, Signature Sound, IWP™ Tec...","4.0","148271","2999.00","6990.00","Earbuds","Economy","Good","Very Popular"
"Sounce Type C to RJ45 Ethernet LAN Adapter, Up to 1000 Mbps, for Windows/Mac/Linux (Black)","4.1","191","599.00","999.00","Accessories","Budget","Good","Low"
"(Renewed) JBL Tune 215BT in-Ear Wireless Bluetooth Headphones with Mic, 16 Hours Playtime, Deep Bass, Quick Charge, Multi-...","3.8","902","996.55","1499.00","Headphones","Budget","Average","Low"
"Cosmic Byte CB-GK-16 Firefly Per-Key RGB TKL Mechanical Keyboard with Swappable Outemu Blue Switch, Macros, Software (Black)","4.5","3753","2349.00","2749.00","Accessories","Economy","Excellent","Moderate"
"TP-LINK AC1300 Archer T3U Plus High Gain USB 3.0 Wi-Fi Dongle, Wireless Dual Band MU-MIMO WiFi Adapter with High Gain Ante...","4.4","26105","1599.00","2999.00","Networking","Economy","Good","Very Popular"
"Logitech Pebble Wireless Mouse with Bluetooth or 2.4 GHz Receiver, Silent, Slim Computer Mouse with Quiet Clicks, for Lapt...","4.6","11250","1595.00","2295.00","Accessories","Economy","Excellent","Very Popular"
"Choseal USB Type C to 3.5 mm Audio Jack Connector with Hi-Res DAC Headphone Converter Adapter for Samsung Galaxy S22/S21/S...","4.4","26","759.00","1499.00","Mobile Phone","Budget","Good","Low"
"Canon PIXMA G2012 Printer Mono/Colour, Print, Scan,Copy, High Volume Printing, 3.04 LCD Screen, 2 Additional Black Ink Bot...","4.3","6377","12099.00","14595.00","Printer","Mid Range","Good","Popular"
"TheGiftKart Crystal Clear Back Cover Case for OnePlus Nord CE 2 LITE 5G | 360 Degree Protection | Shock Proof Design | Tra...","4.2","1172","251.00","999.00","Mobile Phone","Budget","Good","Moderate"
"boAt Stone 620 Bluetooth Speaker with 12W RMS Stereo Sound, 10HRS Playtime, TWS Feature, IPX4, Multi-Compatibility Modes(G...","4.1","2957","1999.00","3990.00","Earbuds","Economy","Good","Moderate"
"Fire-Boltt Visionary 1.78"" AMOLED Bluetooth Calling Smartwatch with 368 * 448 Pixel Resolution, Rotating Crown & 60Hz Refr...","4.3","21906","3799.00","16999.00","Mobile Phone","Economy","Good","Very Popular"
"AirCase Laptop Bag Backpack Case Pouch for Laptop Backpack for Men & Women,Premium Vegan Leather","3.9","749","929.00","999.00","Laptop","Budget","Average","Low"
"LAPSTER 12pcs Spiral Cable Protectors for Charger, Wires, Data Charger Cable Protector for Computers, Cell Phones etc.(Black)","4.2","495","99.00","999.00","Accessories","Budget","Good","Low"
"SanDisk Ultra Dual Drive Go USB Type C Pendrive for Mobile, Navy Blue, 256GB, 5Y Warranty","4.3","55257","1829.00","5000.00","Mobile Phone","Economy","Good","Very Popular"
"JBL Tune 760NC, Over Ear ANC Wireless Headphones with Mic, up to 50 Hours Playtime, Pure Bass, Google Fast Pair, Dual Pair...","3.8","28961","5496.00","7999.00","Headphones","Mid Range","Average","Very Popular"
"Canon Pixma MG2577s All-in-One Inkjet Colour Printer (Blue/White)","3.4","12435","3599.00","3875.00","Printer","Economy","Average","Very Popular"
"HP Black/Tri Color Combo Printhead DeskJet GT5800 Series, Ink Tank 110/310/410 Series, Smart Tank 300/400 Series","4.1","1329","1859.00","2046.00","Other","Economy","Good","Moderate"
"MYVN 5V Type C VOOC Flash Charging Cable Compatible for Oppo Reno/2/2Z/2F/Reno 10x Zoom/k3, Laptops(C Type Cable Charger)-...","4.1","1413","329.00","999.00","Laptop","Budget","Good","Moderate"
"ACM Watch Strap Stainless Steel Metal 22mm compatible with Fire Boltt Invincible Smartwatch Belt Luxury Band","4.1","110","899.00","1990.00","Smartwatch","Budget","Good","Low"
"uhuru Gaming Mouse RGB Wired for Laptop - USB Optical Mouse with High Precision Sensor, 5 Adjustable 4800 DPI, 6 Programma...","4.4","44","299.00","799.00","Laptop","Budget","Good","Low"
"AmazonBasics Permanent Markers - Assorted - Pack of 12","4.0","5944","199.00","445.00","Other","Budget","Good","Popular"
"SONATA GOLD Series Mini Spy Magnet Camera WiFi Hidden Camera HD1080P Indoor Home Small Spy Cam Security Cameras Nanny Cam ...","4.1","56","1500.00","4999.00","Camera","Economy","Good","Low"
"Logitech H110 Wired On Ear Headphones With Mic, Stereo With Noise-Cancelling,3.5-Mm Dual Audio Jack, Pc/Mac/Laptop- Black","3.8","10162","745.00","825.00","Laptop","Budget","Average","Very Popular"
"Pikkme Samsung Galaxy M04 / F04 / A04e Flip Cover Leather Finish | Inside TPU with Card Pockets | Wallet Stand and Shock P...","4.4","30","199.00","999.00","Mobile Phone","Budget","Good","Low"
"Apple iPhone 14 Pro Max (128 GB) - Deep Purple","4.5","294","127999.00","139900.00","Mobile Phone","Luxury","Excellent","Low"
"WeCool Moonwalk M2 ENC Earbuds with 48 Hours Playtime, Rich Music Experience, 4 Mic ENC for best Handsfree Calling Experie...","4.0","2427","999.00","4999.00","Earbuds","Budget","Good","Moderate"
"Amazon Basics Laptop Backpack - 24L, Water Repellent and Wear Resistant, Melange Slub Grey","4.1","44","659.00","1999.00","Laptop","Budget","Good","Low"
"Dell (Renewed) OPTIPLEX 3040 Tiny Desktop (Intel Core i3 6th gen 3.2ghz, 8 GB RAM, 480gb SSD, Windows 11 (Upgraded), MS Of...","4.0","71","10999.00","59999.00","Other","Mid Range","Good","Low"
"EVOTECH Digital Dial Waterproof Stylish and Fashionable Wearable Smart Devices/LED Band for Kids/Rakhi/Colorful Cartoon Ch...","3.6","1765","299.00","699.00","Other","Budget","Average","Moderate"
"Sony MDR-EX15AP EX In-Ear Wired Stereo Headphones with Mic (Black)","3.8","5846","790.00","890.00","Headphones","Budget","Average","Popular"
"BOBO Universal Waterproof Pouch (XL 2021 Model) Cellphone Dry Bag Case for iPhone, Samsung, Pixel, Mi, Moto up to 7.0 inch...","4.1","10555","225.00","999.00","Mobile Phone","Budget","Good","Very Popular"
"Portronics Konnect B+ 8 Pin Usb Cable 3.0 Amp Output with Charge & Data Sync with 1m (Black)","4.0","332","179.00","349.00","Other","Budget","Good","Low"
"Oblivion Multi-Purpose Wall Holder Stand for Charging Mobile Just Fit in Socket, Support All Charger and Hang (Yellow)","4.5","8","149.00","299.00","Mobile Phone","Budget","Excellent","Low"
"IRONFIX® (Pack of 4) Multipurpose Mobile Holder for Home Wall Charging, Wall Mount Phone Holder, Wall Mobile Charging Hold...","4.0","2312","159.00","299.00","Mobile Phone","Budget","Good","Moderate"
"3M Scotch Titanium Scissors | 8"" Multipurpose | Easy-Clean, Non-Stick Blades | Ergonomic Handles | for Fabric, Crafts, Tap...","4.5","1757","598.00","749.00","Other","Budget","Excellent","Moderate"
"Lava Flip, Red - Dual Sim Keypad Mobile with Unique Design, Notification LED and Number Talker","4.0","7386","1799.00","2249.00","Mobile Phone","Economy","Good","Popular"
"iPhone Original 20W PD Charger Compatible with i-Phone 13,12,11,X,8 Series | Pd Charger Adapter with Cable for i-Phone 13/...","4.2","7","839.00","1999.00","Mobile Phone","Budget","Good","Low"
"Oraimo Premium Cordless Electric Shaver for men Built in pop-up Trimmer,Super Fast Charge 90 minutes Runtime with Digital ...","4.0","131","999.00","1999.00","Other","Budget","Good","Low"
"Redmi K50i 5G (Quick Silver, 6GB RAM, 128GB Storage) | Flagship Mediatek Dimensity 8100 Processor | 144Hz Liquid FFS Display","4.0","7756","23999.00","31999.00","Mobile Phone","Premium","Good","Popular"
"Amazon Basics High-Speed Braided HDMI Cable - 3 Feet - Supports Ethernet, 3D, 4K and Audio Return (Black)","4.4","36689","239.00","749.00","Other","Budget","Good","Very Popular"
"iFFALCON 108 cm (43 inches) 4K Ultra HD Smart LED Google TV iFF43U62 (Black)","4.2","2033","20999.00","49990.00","Television","Premium","Good","Moderate"
"ASUS WT200 Wireless Mouse, Blue","4.1","1574","539.00","1990.00","Accessories","Budget","Good","Moderate"
"Boult Audio Bass Buds Q2 Lightweight Stereo Wired Over Ear Headphones Set with Mic with Deep Bass, Comfortable Ear Cushion...","3.9","13256","699.00","2490.00","Headphones","Budget","Average","Very Popular"
"Aroma® NB119 Titanium Bluetooth Wireless In Ear Headset Neckband with Long Lasting Playtime 48 Hrs, Smart Voice Assistant,...","3.4","183","499.00","2499.00","Headphones","Budget","Average","Low"
"Noise ColorFit Ultra 2 with 1.78""(4.5cm) AMOLED Display, Best-in-Class Resolution, Premium Stainless Steel Body, 60+ Sport...","4.1","8092","3199.00","8999.00","Monitor","Economy","Good","Popular"
"TheGiftKart Ultra-Hybrid Crystal Clear Back Case Cover for Google Pixel 7 | Shockproof Design | Camera Protection Bump | H...","4.4","247","399.00","999.00","Mobile Phone","Budget","Good","Low"
"Samsung Galaxy Tab A8 10.5 inches Display with Calling, RAM 4 GB, ROM 64 GB Expandable, Wi-Fi+LTE Tablets, Gray, (SM-X205N...","4.3","3191","19999.00","28799.00","Mobile Phone","Mid Range","Good","Moderate"
"Sounce 360 Adjustable Mobile Phone Holder, Universal Phone Holder Clip Lazy Bracket Flexible Gooseneck Clamp Long Arms Mou...","4.0","1633","499.00","999.00","Mobile Phone","Budget","Good","Moderate"
"Amazon Basics USB 3.0 Cable - A Male to Micro B - 6 Feet (1.8 Meters), Black","4.2","11187","289.00","485.00","Other","Budget","Good","Very Popular"
"EGOTUDE Frameless Hard Back Cover Case for iPhone 13 (Camera Protection, Black, Polycarbonate)","4.2","1011","284.00","999.00","Mobile Phone","Budget","Good","Moderate"
"Action Pro™ Helmet Chin Mount Strap Compatible with All Smartphones GoPro Hero 11 10 9 8 7 6 5 4 SJCAM DJI Osmo and All Ac...","3.8","4690","335.00","799.00","Mobile Phone","Budget","Average","Moderate"
"TIZUM External Hard Drive Case for 2.5-Inch Hard Drive - Double Padded (Black)","4.5","5789","349.00","799.00","Other","Budget","Excellent","Popular"
"LAPSTER 3 Port HDMI 4 K 1.4V Version Switch Splitter with Pigtail Cable for Xbox One, PS3, 4, TV (Black)","3.6","2035","309.00","999.00","Television","Budget","Average","Moderate"
"HSR Car Accessories Anti-Slip Car Dashboard Mat & Mobile Phone Holder Mount - Universal Non Slip Sticky Rubber Pad for Sma...","3.7","5402","487.00","899.00","Mobile Phone","Budget","Average","Popular"
"Duracell Specialty 1632 Lithium Coin Battery 3V, Pack of 5 (DL1632/CR1632) Designed for use in keyfobs, Scales, wearables ...","5.0","4","203.00","350.00","Other","Budget","Excellent","Low"
"V-Guard Envibe 12D4 Router UPS | Mini UPS for 12 V Wi-Fi Router | Uninterrupted Internet | 4-5 Hours Backup During Power C...","4.1","546","1945.00","3650.00","Networking","Economy","Good","Low"
"Zebronics Zeb-Companion 500 2.4GHz Wireless Keyboard & Mouse Combo, USB Nano Receiver, Chiclet Keys, Ultra Silent, Power O...","4.0","1750","1199.00","2599.00","Accessories","Economy","Good","Moderate"
"Lavie Sport Chairman Laptop Bag | Premium Leatherette Business Backpack for Men & Women | Durable Office Bag for Notebook/...","4.0","713","899.00","4499.00","Laptop","Budget","Good","Low"
"TP-Link Archer C60 AC1350 Dual Band Wireless, Wi-Fi Speed Up to 867 Mbps/5 GHz + 450 Mbps/2.4 GHz, Supports Parental Contr...","4.3","70135","2299.00","4599.00","Networking","Economy","Good","Very Popular"
"Worison Pocket Size Spiral Sticky Note Pad","4.1","789","189.00","300.00","Other","Budget","Good","Low"
"Pikkme iPhone 13 Back Cover | Flexible Pu Leather | Full Camera Protection | Raised Edges | Super Soft-Touch | Bumper Case...","3.8","311","299.00","999.00","Mobile Phone","Budget","Average","Low"
"pTron Solero i241 2.4A Lighting to USB Fast Charging Data & Sync USB Cable Compatible for iPhone/iPad, Made in India Durab...","3.3","69","129.00","599.00","Mobile Phone","Budget","Average","Low"
"ProElite Faux Leather Smart Flip Case Cover for Apple iPad 10.2"" 9th Gen (2021) / 8th Gen / 7th Gen with Stylus Pen, Dark ...","4.3","11466","599.00","1499.00","Tablet","Budget","Good","Very Popular"
"Omron HEM 7121 Fully Automatic Digital Blood Pressure Monitor With Intellisense Technology & Cuff Wrapping Guide For Most ...","4.3","2338","2999.00","3280.00","Monitor","Economy","Good","Moderate"
"Amazon Brand - Solimo Back Cover Case for Samsung Galaxy M30s / Samsung Galaxy M21 | Compatible for Samsung Galaxy M30s / ...","3.9","2057","139.00","299.00","Mobile Phone","Budget","Average","Moderate"
"Redgear GC-100 Keyboard and Mouse Set with 3 Mixed LEDs, Windows Keylock, Floating Keycaps, RGB Mode, Upto 3200 dpi and Ga...","4.2","970","999.00","1999.00","Accessories","Budget","Good","Low"
"SWAPKART 2 in 1 OTG Adapter Type c OTG ,Micro USB OTG Micro USB + c c Type ,Converter Adapter Type c and USB 2.0 Male to F...","4.5","159","164.00","499.00","Accessories","Budget","Excellent","Low"
"OpenTech® Tempered Glass Screen Protector Compatible for OnePlus 8T / 9 with Edge to Edge Coverage and Easy Installation kit","4.0","11472","299.00","999.00","Mobile Phone","Budget","Good","Very Popular"
"FOLX FAC20 AirPods Pro Soft Silicone Protective Case 3D Design Shockproof Case Cover with Anti-Lost Metal Keyring Compatib...","4.3","590","395.00","1999.00","Earbuds","Budget","Good","Low"
"Kodak 80 cm (32 inches) HD Ready Certified Android LED TV 32HDX7XPRO (Black)","4.2","13120","9499.00","12999.00","Television","Mid Range","Good","Very Popular"
"Amazon Brand - Solimo Basic Case for Apple iPhone XR (Silicone_Transparent)","3.8","323","139.00","499.00","Mobile Phone","Budget","Average","Low"
"Logitech K480 Wireless Multi-Device Keyboard for Windows, Apple iOS Android Or Chrome, Wireless Bluetooth, Compact Space-S...","4.3","23216","2495.00","2995.00","Accessories","Economy","Good","Very Popular"
"ZEBRONICS Zeb-Vita Plus Mini 16 w Soundbar Supporting LED Display, USB, SD Card, AUX, FM, TWS & Call Function. (Grey)","3.9","3914","1299.00","2499.00","Earbuds","Economy","Average","Moderate"
"CrossBeats Newly launched Ignite S5 Advanced AI ENC BT Calling Smartwatch, 1.96” AMOLED Screen, Always on Display, SnapCha...","4.1","455","4999.00","11999.00","Monitor","Economy","Good","Low"
"M19 Wireless Earbuds TWS 5.1 Large Screen Dual LED Digital Display Touch Bluetooth Headphones Mini Compact Portable Sports...","2.4","9","538.00","1999.00","Earbuds","Budget","Poor","Low"
"Sony MDR-EX155AP in-Ear Wired Headphones with Mic (Light Blue)","4.1","6689","1099.00","1290.00","Headphones","Economy","Good","Popular"
"CrossBeats Newly launched Revolt Hybrid Active Noise Cancelling Wireless Bluetooth Earbuds, 48hrs Playtime TWS, 10 mm Ti-A...","4.2","173","2499.00","9999.00","Earbuds","Economy","Good","Low"
"GOVO GOKIXX 652 Bluetooth Neckband, 60 Hours Battery, ENC Technology, Fast Charge, Magnetic Buds, Gaming Mode, 10mm Driver...","4.3","682","1499.00","4299.00","Other","Economy","Good","Low"
"Amazon Basics New Release Nylon USB-A to Lightning Cable Cord, MFi Certified Charger for Apple iPhone, iPad, Silver, 6-Ft","4.3","5771","999.00","2100.00","Mobile Phone","Budget","Good","Popular"
"VW 80 cm (32 inches) Linux Series Frameless HD Ready Smart LED TV VW32C2 (Black)","4.5","90","7999.00","16999.00","Television","Mid Range","Excellent","Low"
"MENORAH - A4 Sketch Artist Book- Drawing Notebook- 50 Sheets / 100 Pages- (21.0 cm x 29.7 cm)-140 GSM- (Poppy Field) Design","4.4","2328","359.00","375.00","Laptop","Budget","Good","Moderate"
"Parker Vector Standard Calligraphy CT Fountain Pen (Blue)","4.2","3966","439.00","550.00","Other","Budget","Good","Moderate"
"Panasonic Alkaline 9V Battery, Pack of 1","4.3","4926","125.00","140.00","Other","Budget","Good","Moderate"
"Gear Turbo 45L Expandable Water Resistant Antitheft Laptop Bag/Backpack/Briefcase For Men/Women With Raincover (Grey)","4.4","809","1456.00","5599.00","Laptop","Economy","Good","Low"
"R A Products LCD Writing Board Slate Drawing Record Notes Digital Notepad with Pen Handwriting Pad Paperless Graphic Table...","3.6","172","159.00","499.00","Other","Budget","Average","Low"
"Tukzer 2-in-1 Capacitive Stylus Pen V2.0, Precise Stylus -Fine Point Disc Tip & Micro-Knit Hybrid Fiber Tip, Light Aluminu...","3.8","17369","369.00","999.00","Other","Budget","Average","Very Popular"
"TheGiftKart Tough Armor Bumper Back Case Cover for Vivo V27 / V27 PRO 5G | Ring Holder & Kickstand in-Built | 360 Degree P...","5.0","4","349.00","999.00","Mobile Phone","Budget","Excellent","Low"
"Zinq Technologies Full HD 1080P 2.1 Megapixel 30 FPS Auto Focus Webcam with Ring LED for Night Vision, Web Camera with Bui...","3.9","354","999.00","2999.00","Mobile Phone","Budget","Average","Low"
"JBL Tune 230NC TWS, Active Noise Cancellation Earbuds with Mic, Massive 40 Hrs Playtime with Speed Charge, Adjustable EQ A...","3.8","18276","5999.00","7999.00","Earbuds","Mid Range","Average","Very Popular"
"Peiroks Type C to 3.5 mm Audio Jack Connector, Headphones Jack Converter for Galaxy S8, S8 Plus, S9, S9 Plus, S10 Plus, S1...","4.7","5584","399.00","1999.00","Mobile Phone","Budget","Excellent","Popular"
"Envie Beetle Charger with Envie 4xAA Ni-Cd 1000 Mah Batteries","3.8","15284","549.00","595.00","Accessories","Budget","Average","Very Popular"
"SanDisk SDCZ430-064G-I35 Ultra Fit 3.1 64GB USB Flash Drive (Black)","4.3","16026","508.00","1300.00","Other","Budget","Good","Very Popular"
"Honeywell Moxie V500 10W Portable USB Wired Soundbar, Speaker for PC, Desktop and Laptop with Volume Control and 3.5 mm AU...","3.9","46","769.00","1999.00","Laptop","Budget","Average","Low"
"FOLX FSG2030 Shocked Proof Flexible Silicone TPU Watch Case Cover with Screen Protector Temper for Apple Watch Series 6 | ...","3.4","723","298.00","1999.00","Other","Budget","Average","Low"
"Video Capture Card, PiBOX India Braided Tough, 4K HDMI to USB 3.0 Game Capture Device Aluminium Windows Android Mac,HD 108...","4.1","575","909.00","1499.00","Other","Budget","Good","Low"
"Wayona Usb C 65W Fast Charging Cable Compatible For Tablets Samsung S22 S20 S10 S20Fe S21 S21 Ultra A70 A51 A71 A50S M31 M...","4.3","3214","329.00","1999.00","Tablet","Budget","Good","Moderate"
"SPYKART Universal Mobile Tabletop Stand for Table with Adjustable Height | 360 Degree Rotation Mobile Holder for Table & B...","3.7","2213","248.00","1299.00","Mobile Phone","Budget","Average","Moderate"
"One94Store Mini Portable USB Hand Fan Rechargeable Battery Operated Personal Table Fan with Standing Holder Handy Pocket B...","3.1","3185","349.00","999.00","Other","Budget","Average","Moderate"
"Cello Winner Assorted Ball Pen Set, Pack of 60 (50 Blue, 7 Black, 3 Red ink)|Lightweight Ball Pens for Pressure Free and F...","3.8","840","390.00","420.00","Other","Budget","Average","Low"
"boAt floAtpad 350 Qi Certified Wireless Charger with 6mm Transmission Range, Smart IC Protection Against Damage & 1 Type C...","3.6","285","1099.00","2990.00","Accessories","Economy","Average","Low"
"One94Store Mini Portable USB Hand Fan Rechargeable Battery Operated Personal Table Fan with Standing Holder Handy Pocket B...","3.1","3185","339.00","999.00","Other","Budget","Average","Moderate"
"GadgetBite Anti-Lost Magnetic Strap Silicone Cable String for Apple Wireless Earphones 1 | Apple Wireless Earphones 2 | Ap...","3.8","3541","198.00","599.00","Other","Budget","Average","Moderate"
"JBL Tune 510BT, On Ear Wireless Headphones with Mic, up to 40 Hours Playtime, Pure Bass, Quick Charging, Dual Pairing, Blu...","3.8","28961","2899.00","4499.00","Headphones","Economy","Average","Very Popular"
"SONIA Background Stand Kit 9 ft (274 cm) x 9 ft (274 cm) Photography Support System Kit Portable Foldable with Carry Bag","4.3","3714","1999.00","3500.00","Other","Economy","Good","Moderate"
"Vivo Y100 5G (Pacific Blue, 8GB RAM, 128GB Storage) with No Cost EMI/Additional Exchange Offers","3.9","17","24999.00","29999.00","Mobile Phone","Premium","Average","Low"
"Seagull Flight Of Fashion Double Layer Electronic Gadget Organizer Case , Cable Organizer Bag for Accessories with Mobile ...","4.4","1858","649.00","1499.00","Mobile Phone","Budget","Good","Moderate"
"SupCares Edge to Edge Tempered Glass for OnePlus Nord 2T 5G, OnePlus Nord CE 5G, OnePlus Nord 2 (6.43 Inch) with Easy Self...","4.1","593","289.00","799.00","Mobile Phone","Budget","Good","Low"
"Syncwire Charger Compatible with OnePlus Nord 10 / 9R / 9 Pro / 8/8 Pro / 7T / 7T Pro / 7/7 Pro / 6 / 6T / 5T / 5 / 3T / 3...","4.5","75881","999.00","1999.00","Mobile Phone","Budget","Excellent","Very Popular"
"ESR Classic Kickstand Case Compatible with Samsung Galaxy S23 Ultra Case, Adjustable Built-in Camera Ring Stand, Military-...","4.6","315","1519.00","2099.00","Mobile Phone","Economy","Excellent","Low"
"VERVENIX Hand Free Neck Fan, Rechargeable Mini USB Personal Fan with 360 Rotation, 3 Adjustable Speeds for Home, Sport, Ca...","4.1","9","519.00","999.00","Other","Budget","Good","Low"
"Parker Quink Roller Ball Refill (Blue), Pack of 1 (9000012124)","4.1","753","98.00","100.00","Other","Budget","Good","Low"
"boAt Stone 170 5W Bluetooth Speaker with Upto 6 Hours Playback, TWS Feature, IPX6, Multifunction Buttons and SD Card Slot(...","4.3","40189","1299.00","2990.00","Earbuds","Economy","Good","Very Popular"
"Elzzi ® Liquid Silicone Cover Compatible for iPhone 14 Pro Max Case (6.7 inches) 3 Layer Microfiber Lining Covers Phone Ca...","4.1","110","449.00","1499.00","Mobile Phone","Budget","Good","Low"
"SanDisk ® Ultra Curve USB 3.2 32GB 100MB/s R Black","4.2","2321","349.00","650.00","Other","Budget","Good","Moderate"
"NIVIA Spikester (Encounter) 494 Polypropylene Volleyball, Size - 4 (Multicolour)","3.9","1231","639.00","790.00","Other","Budget","Average","Moderate"
"AmazonBasics D Cell Everyday Alkaline Batteries (4-Pack)","4.3","112382","419.00","800.00","Other","Budget","Good","Very Popular"
"TheGiftKart OnePlus Nord CE 2 LITE 5G Back Case Cover | Tough Armor Bumper | Ring Holder & Kickstand in-Built | 360 Degree...","4.4","862","395.00","999.00","Mobile Phone","Budget","Good","Low"
"Vivo Y16 (Stellar Black, 4GB RAM, 64GB Storage) with No Cost EMI/Additional Exchange Offers","4.2","173","12499.00","15999.00","Mobile Phone","Mid Range","Good","Low"
"Wireless WiFi IP CCTV Security 1080p 12mp Ptz Outdoor Ip66 Waterproof Pan Tilt Speed Dome Home Surveillance Camera with Mo...","3.4","123","1897.00","6999.00","Television","Economy","Average","Low"
"Sennheiser New ANC CX Plus SE True Wireless in Ear Earbuds Special Edition, Bluetooth Headphone with Mic for Music & Call...","4.2","2225","6990.00","14990.00","Earbuds","Mid Range","Good","Moderate"
"BROTHER BT5000M Ink Bottle (Magenta)","4.3","2300","408.00","490.00","Other","Budget","Good","Moderate"
"Camin LCD Writing Tablet 8.5 Inch Screen, Kids Toy, LCD Writing pad, Writing Tablet Toys for 3+ Years (Black Color)","4.1","44","139.00","499.00","Tablet","Budget","Good","Low"
"TOSHIBA Canvio Ready 1TB Portable External HDD - USB3.0 for PC Laptop Windows and Mac, 3 Years Warranty, External Hard Dri...","4.4","617","3999.00","6900.00","Laptop","Economy","Good","Low"
"boAt Wave Edge with 1.85"" HD Display, Advanced Bluetooth Calling Chip, Functional Crown, 100+ Sports Modes,Widget Control,...","3.8","649","2099.00","8900.00","Monitor","Economy","Average","Low"
"TARKAN Foldable Wooden Laptop Desk for Bed (Walnut Black)","4.0","10406","649.00","1499.00","Laptop","Budget","Good","Very Popular"
"BROTHER BT5000C Ink Bottle (Cyan)","4.3","2300","408.00","490.00","Other","Budget","Good","Moderate"
"realme 9 5G SE (Azure Glow, 6GB RAM, 128GB Storage)","4.2","25","17780.00","24999.00","Mobile Phone","Mid Range","Good","Low"
"Parker Vector Standard Fountain Pen (Body - Black, Ink - Black with free 1 cartridge)","4.1","6641","379.00","430.00","Other","Budget","Good","Popular"
"Comfabie Women's Fashion Backpack Purses Multipurpose Design Handbags and Shoulder Bag PU Leather Travel bag Vegan Leather...","3.8","49","809.00","1999.00","Other","Budget","Average","Low"
"Logitech MX Master 3S - Wireless Performance Mouse with Ultra-Fast Scrolling, Ergo, 8K DPI, Track on Glass, Quiet Clicks, ...","4.5","1610","9995.00","10995.00","Accessories","Mid Range","Excellent","Moderate"
"Navneet Youva | Soft Bound Long Book | A4 Size - 21 Cm X 29.7 Cm | Rainbow Design Notebook For Students | Single Line | 17...","4.5","747","404.00","450.00","Laptop","Budget","Excellent","Low"
"ULTRAPROLINK UM1002 Sing Along Karaoke Bluetooth Mixer with Karaoke Microphone & Bluetooth Receiver Amplifier with Echo fo...","3.9","1451","1999.00","3499.00","Other","Economy","Average","Moderate"
"Artis AR-60W-MG1 60 Watts Laptop Adapter/Charger compatible with MB Pro 13”/MB Unibody (16.5V, 3.65A) (L-Tip Connector)","3.6","7884","1699.00","3499.00","Laptop","Economy","Average","Popular"
"Digiway Maser Universal Wall Mount Stand for 14 inch to 32 inch LCD & LED TV","3.6","4609","249.00","499.00","Other","Budget","Average","Moderate"
"UrbanMade Desk Mat Blotter for Laptop Large Extended Mouse Pad for Office Table Mat, Office Accessories for Desk, Keyboar...","4.7","422","699.00","1499.00","Laptop","Budget","Excellent","Low"
"POPIO Tempered Glass Screen Protector Compatible for Samsung Galaxy A32 4G / Samsung Galaxy M32 4G / Samsung Galaxy F22 / ...","3.9","3073","150.00","599.00","Mobile Phone","Budget","Average","Moderate"
"AHUJA AUD-98XLR Unidirectional Dynamic Microphone -Corded Mic","4.2","1054","1400.00","1680.00","Other","Economy","Good","Moderate"
"Callas Metal Mesh Desk Organizer, Black LD 708-05","4.3","5384","480.00","1999.00","Other","Budget","Good","Popular"
"BROTHER BT5000Y Ink Bottle (Yellow)","4.3","2300","408.00","490.00","Other","Budget","Good","Moderate"
"Spigen Liquid Air Back Cover Case for iPhone 13 (TPU | Matte Black)","4.5","4125","999.00","2099.00","Mobile Phone","Budget","Excellent","Moderate"
"HP 15s,11th Gen Intel Core i3-1115G4 8GB RAM/512GB SSD 15.6""(39.6 cm) FHD/Alexa Built-in/Win 11/Intel UHD Graphics/MSO 202...","4.1","1074","41490.00","51812.00","Other","Premium","Good","Moderate"
"Boult Audio Anchor Bluetooth Wireless Over Ear Headphones with Mic, Active Noise Cancellation, 30H Playtime, AUX Option, B...","4.0","384","4099.00","9999.00","Headphones","Economy","Good","Low"
"Portronics Clamp M Car Mobile Holder with 360° Rotational, Strong Suction Cup, One Click Release Button Compatible with 4 ...","4.0","1344","375.00","799.00","Mobile Phone","Budget","Good","Moderate"
"Apple iPhone 12 (128GB) - Black","4.5","30123","57900.00","70900.00","Mobile Phone","Luxury","Excellent","Very Popular"
"Acer EK240YC 23.8 Inch (60.4cm) Full HD (1920x1080) Pixels VA Panel LCD Monitor with LED Back Light I 250 Nits I HDMI, VGA...","4.2","2520","7525.00","17500.00","Mobile Phone","Mid Range","Good","Moderate"
"MYVN Warp charging cable compatible for OnePlus 7 Pro / 7T / 7T Pro and Dash charge for OnePlus 3 / 3T / 5 / 5T / 6 / 6T / 7","4.1","103","299.00","999.00","Mobile Phone","Budget","Good","Low"
"Verilux® USB C Hub, USB Hub with 4 USB Ports, High Speed Aluminum Type C Hub Compatible with MacBook, Windows, C-Type Smar...","4.1","1829","394.00","839.00","Laptop","Budget","Good","Moderate"
"boAt AAVANTE Bar 1198 90W 2.2 Channel Bluetooth Soundbar, Built-in Active Subwoofers, Multiple Connectivity Modes, Enterta...","4.2","735","4999.00","14999.00","Speakers","Economy","Good","Low"
"Boult Dive+ with 1.85"" HD Display, Bluetooth Calling Smartwatch, 500 Nits Brightness, 7 Days Battery Life, 150+ Watch Face...","4.1","785","1999.00","8499.00","Monitor","Economy","Good","Low"
"OMOTON Advanced HD+ Tempered Glass Screen Protector Compatible for Google Pixel 6a Edge to Edge with Easy Installation Kit","4.4","3142","251.00","999.00","Mobile Phone","Budget","Good","Moderate"
"SIDRUM WF-18 DSLR/SLR Camera Shoulder Bag Case with Adjustable Shoulder Strap & Rain Cover, Compatible for Nikon, Canon, S...","4.4","905","664.00","899.00","Camera","Budget","Good","Low"
"Ceptics Adapter to UK, India to UAE, Hong Kong, Dubai, UK Adapter Plug - UK Travel Adapter - Type G Adapter - Perfect for ...","4.3","16719","332.00","749.00","Accessories","Budget","Good","Very Popular"
"Spigen Rugged Armor Cover Case for Apple Watch Series Series 8/7 (45mm) | Series SE2/6/SE/5/4 (44mm) - Black (Watch not In...","4.3","19506","899.00","1499.00","Other","Budget","Good","Very Popular"
"Ant Esports 690 NEO VS 8GB (1*8GB) DDR3 1600 MHz CL 11-11-11-28 U-DIMM Desktop Memory - AE8GD3U16M16C","4.3","201","1070.00","2999.00","Other","Economy","Good","Low"
"Amozo Back Cover For iPhone 12/ 12 Pro ( TPU|Black )","4.1","3814","284.00","899.00","Mobile Phone","Budget","Good","Moderate"
"Printme Silicone Compatible for OnePlus Buds Nord CE Case Cover, Soft Shockproof Protective Case Cover with Metal Keychain...","3.9","44","239.00","899.00","Mobile Phone","Budget","Average","Low"
"TheGiftKart Back Cover Case for OnePlus Nord 2 5G / OnePlus Nord 2 5G Pac-Man Edition (Crystal Clear | Shockproof | Hybrid...","4.3","4397","284.00","999.00","Mobile Phone","Budget","Good","Moderate"
"LOHAYA LCD/LED Remote Compatible for Sony Bravia Smart LCD LED UHD OLED QLED 4K Ultra HD TV Remote Control with YouTube & ...","3.5","507","331.55","999.00","Television","Budget","Average","Low"
"Amazon Basics USB 3.0 Extension Cable for Personal Computer, Printer - A-Male to A-Female - 6.5 Feet (2 Meters), Black","4.5","35995","399.00","445.00","Printer","Budget","Excellent","Very Popular"
"OpenTech® Tempered Glass Screen Protector Compatible for Samsung Galaxy S22 5G / S23 5G with Edge to Edge Coverage and Eas...","3.9","8201","299.00","999.00","Mobile Phone","Budget","Average","Popular"
"Doodle Initial S Premium Soft Bound Notebook Diary for Girls and Women (B6,192 Theme Based Ruled Pages, 80 GSM) Floral Design","4.3","3875","279.00","445.00","Laptop","Budget","Good","Moderate"
"VMPS | Remote Control Compatible for Daikin Air Conditioner Split & Window Daikin AC Remote as Same","4.1","213","499.00","999.00","Other","Budget","Good","Low"
"Fossil Gen 5E Smartwatch with AMOLED Screen, Wear OS by Google, Built-in Speaker for Phone Calls, Google Assistant, SpO2, ...","3.9","12323","14795.00","18495.00","Speakers","Mid Range","Average","Very Popular"
"Amazon Basics USB A to Lightning MFi Certified Charging Cable (White, 1.2 meter)","4.1","179133","859.00","1999.00","Other","Budget","Good","Very Popular"
"Portronics Auto 14 2-in-1 Bluetooth Transmitter & Receiver Adaptor (Black)","4.0","1196","949.00","1999.00","Other","Budget","Good","Moderate"
"Wings Phantom 700 Wireless Earphones, Earbuds with Low Latency 40 ms, Gaming Designed Case, Multicolour LED Lights, Blueto...","4.1","16","899.00","2999.00","Earbuds","Budget","Good","Low"
"Hello Zone Exclusive Matte Finish Soft Back Case Cover for Xiaomi Mi Redmi Note 8 Pro - Black","4.2","234","149.00","699.00","Mobile Phone","Budget","Good","Low"
"Robustrion Marble Series Trifold Back Flip Case Cover with Pencil Holder for Apple iPad Cover 10.2 inch iPad 9th Generatio...","4.3","5015","599.00","2499.00","Tablet","Budget","Good","Popular"
"TheGiftKart Back Cover Case for Google Pixel 6A Back Cover Case | Soft Silicon Rubberised Matte Cover | Protective Sleek P...","4.3","301","299.00","999.00","Mobile Phone","Budget","Good","Low"
"Lowfe Noise_Colorfit Smart Watch Charger 2 Pin USB Fast Charger Magnetic Charging Cable Adapter (Smart Watch Charger 2 pin)","4.2","21","249.00","999.00","Smartwatch","Budget","Good","Low"
"MI Original 27W Superfast Charging Adapter for Cellular Phones - White (2021 Edition)","4.2","12678","648.00","1099.00","Accessories","Budget","Good","Very Popular"
"Transcend TS-RDF8K2 USB 3.1 Gen 1 SDXC/SDHC UHS-I, microSDXC/SDHC UHS-I and CompactFlash Memory Cards Multi Card Reader US...","4.5","24222","1232.00","1899.00","Other","Economy","Excellent","Very Popular"
"Adofys Mobile Phone Chest Strap Mount GoPro Chest Harness Holder for VLOG/POV Compatible with All Cell Phones and GoPro He...","4.0","1212","549.00","1699.00","Mobile Phone","Budget","Good","Moderate"
"V-Guard VG 50 Voltage Stabilizer for Refrigerator (Grey)","4.1","1173","1625.00","1890.00","Other","Economy","Good","Moderate"
"POPIO Tempered Glass Screen Protector Compatible for iPhone 14 Pro Max with Edge to Edge Coverage and Easy Installation ki...","4.4","278","150.00","599.00","Mobile Phone","Budget","Good","Low"
"ZOUL Type C to Type C Fast Charging Cable 65W 2M/6ft USB C Nylon Braided Cord Compatible with Macbook Oneplus 9 9R Samsung...","4.1","2872","399.00","1099.00","Laptop","Budget","Good","Moderate"
"IFB 30 L Convection Microwave Oven (30FRC2, Floral Pattern & Black, With Starter Kit)","4.4","2708","14990.00","20990.00","Other","Mid Range","Good","Moderate"
"OpenTech ® Tempered Glass Screen Protector Compatible for Samsung Galaxy Watch 4 Classic (46mm, Pack of 2) with Easy Insta...","4.4","807","399.00","999.00","Mobile Phone","Budget","Good","Low"
"Parker Frontier Matte Black (Gold Nib) GT Fountain Pen, 1 Count (Pack of 1) (9000020642)","4.1","2559","742.00","825.00","Other","Budget","Good","Moderate"
"ESR Cyber Polymer Armor Tough Case with HaloLock for Headphones Compatible with AirPods Pro (2022/2019), MagSafe Ready, Po...","4.7","1678","1139.00","1599.00","Earbuds","Economy","Excellent","Moderate"
"boAt Bassheads 102 Wired in Ear Earphones with Mic (Mint Orange)","4.2","77193","449.00","1290.00","Other","Budget","Good","Very Popular"
"Amkette Pocket Blast FM Radio with Bluetooth Speaker with Type C Charging, Hidden Antenna, Voice/FM Recording, 7+ Hours Pl...","4.3","2726","1424.00","2399.00","Speakers","Economy","Good","Moderate"
"Quantum QHM8106 USB to RJ45 Ethernet LAN Adapter (White)","3.7","5223","449.00","699.00","Accessories","Budget","Average","Popular"
"Ceptics USA to India Converter Plug, World (USA, China) Australia UK to India Plug Converter - Type D Plug Adapter - Canad...","4.3","16719","340.00","749.00","Accessories","Budget","Good","Very Popular"
"Xiaomi Mi 4A Dual_Band Ethernet 1200Mbps Speed Router| 2.4GHz & 5GHz Frequency|128MB RAM | DualCore 4 Thread CPU|4 Omni Di...","4.0","11501","1499.00","2999.00","Networking","Economy","Good","Very Popular"
"Texet LMA4-VX Lamination/Laminating Machine with Jam Release Control, Ideal for Any Document, Fully Automatic Portable All...","4.0","3721","1189.00","2999.00","Other","Economy","Good","Moderate"
"MAONO AU-A03 Condenser Microphone Kit Podcast Mic with Boom Arm Microphone Stand (Black)","4.1","4985","2789.00","4999.00","Other","Economy","Good","Moderate"
"Lenovo GX20K11840 45W Round Pin Laptop Adapter/Charger with Power Cord for Select Models of Lenovo (Black)","4.3","293","1249.00","2490.00","Laptop","Economy","Good","Low"
"Qianlink USB Type C to 3.5mm Headphone Jack, Upgrade 32bit Hi-Fi Sound USB Type C to Audio Adapter Cable Pixel 2/2XL/3/3X...","4.6","13792","579.00","2999.00","Mobile Phone","Budget","Excellent","Very Popular"
"CLAW SM50 Professional Studio Monitoring DJ Headphones with 2 detachable cables (2.8m Coiled Cable & 1.2m Straight Cable w...","4.3","1320","1590.00","2990.00","Headphones","Economy","Good","Moderate"
"Crysendo Spiral Cable Protector | Triple Color (3 Pcs) 1.5 Meters | 35+ Available Colours | Cable Cord Charger Protector S...","4.2","4943","299.00","849.00","Accessories","Budget","Good","Moderate"
"Vivo T1 44w Starry Sky (4+128GB)","4.5","2","14499.00","19990.00","Mobile Phone","Mid Range","Excellent","Low"
"WOW IMAGINE Shock Proof Clear Protective TPU, PC Back Cover Case for Nothing Phone 1 5G - AirEDGE Technology 360 Degree Ca...","4.0","102","189.00","999.00","Other","Budget","Good","Low"
"Portronics Decibel 21 10W Wireless Bluetooth Soundbar with LED Lights, TWS Function, Built-in Mic, Built-in FM Radio, USB ...","3.9","527","1069.00","2499.00","Earbuds","Economy","Average","Low"
"truke Newly Launched BTG Beta True Wireless in Ear Earbuds with 13mm Big Speaker Drivers,38H Playtime,Fast Charging,True G...","3.9","543","899.00","2499.00","Earbuds","Budget","Average","Low"
"Quess Care Extended Warranty Plan for 2 Year for TV Between 10001 to 15000 (Email Delivery)","3.9","1943","851.00","999.00","Television","Budget","Average","Moderate"
"Stylus Pen, Pencil for Apple iPad with Palm Rejection, Power Display, Tilt Sensitivity, Magnetic Adsorption for 2018-2022 ...","4.1","1820","1799.00","5999.00","Tablet","Economy","Good","Moderate"
"Zinq Technologies Super Durable Micro to USB 2.0 Round Cable with High Speed Charging, Quick Data Sync and PVC Connectors ...","3.8","9474","87.00","799.00","Other","Budget","Average","Popular"
"ENVIE® (ECR11+AA2800 4PL) Speedster Rechargeable Batteries Charger for AA & AAA with 4x2800mah Batteries (with LCD Display)","3.8","15284","1199.00","1595.00","Monitor","Economy","Average","Very Popular"
"Apple 30W USB-C Power Adapter","4.6","61748","3800.00","4500.00","Accessories","Economy","Excellent","Very Popular"
"MYVN 65W Super Vooc Charge, Data Sync Fast charging Type-C Cable Compatible for Realme XT, Realme XT 730G, Realme X2, Real...","4.1","622","329.00","999.00","Mobile Phone","Budget","Good","Low"
"Syvo S-3520A (60-Inch) (152.4cm) Aluminium Tripod, Universal Lightweight Tripod with Carry Bag for All Smart Phones, Gopr...","4.3","28644","1199.00","4999.00","Other","Economy","Good","Very Popular"
"Genie Flamenco Laptop Backpack for Women, 16 inches Office Bag, Sky Blue Stylish and Trendy Bag for Office and College","4.4","1022","640.00","1999.00","Laptop","Budget","Good","Moderate"
"Zebronics CU3100V Fast charging Type C cable with QC 18W support, 3A max capacity, 1 meter braided cable, Data transfer an...","3.7","114","209.00","549.00","Other","Budget","Average","Low"
"Mobomart Pro 5 Bluetooth Truly Wireless Ear Earbuds, Blutooth 5.0 Earbuds","3.0","549","379.00","999.00","Earbuds","Budget","Average","Low"
"Pikkme iPhone 11 Back Cover | Flexible Pu Leather | Full Camera Protection | Raised Edges | Super Soft-Touch | Bumper Case...","3.9","332","299.00","999.00","Mobile Phone","Budget","Average","Low"
"SVM Products Unbreakable Set Top Box Stand with Dual Remote Holder (Black)","3.6","2375","156.00","399.00","Other","Budget","Average","Moderate"
"Samsung T7 1TB Up to 1,050MB/s USB 3.2 Gen 2 (10Gbps, Type-C) External Solid State Drive (Portable SSD) Blue (MU-PC1T0H)","4.6","20808","8999.00","23999.00","Other","Mid Range","Excellent","Very Popular"
"Rhymestore® 4 Pin USB Fast Charger Magnetic Charging Cable Adapter for Fire-Boltt Thunder Watch & Fire-Boltt Talk Smartwat...","4.4","14","265.00","499.00","Accessories","Budget","Good","Low"
"Dyazo Solid Height and Angle Adjustable Tabletop Laptop Riser/Laptop Stand for Desk Compatible for Mac Book, Laptops, Note...","4.4","463","1999.00","2999.00","Laptop","Economy","Good","Low"
"Robustrion Pack of 1 Anti-Scratch & Smudge Proof Premium Tempered Glass Screen Protector for Samsung Tab A7 Lite 8.7 inch ...","4.1","559","299.00","1499.00","Other","Budget","Good","Low"
"TP-Link Tapo 4MP 2K QHD (2560x1440) Outdoor CCTV Security Wi-Fi Smart Camera -Alexa Enabled -Weatherproof -Full Color Star...","4.2","15088","4799.00","4999.00","Television","Economy","Good","Very Popular"
"boAt Rockerz 260 Bluetooth in Ear Earphones with Beast™ Mode, ENx™ Mode, ASAP™ Charge, Upto 25 Hours Playback, Signature S...","4.4","32","1099.00","2499.00","Other","Economy","Good","Low"
"SPYKART 360°Rotatable and Retractable Car Phone Holder, Multifunctional Adjustable Mount, Universal Rearview Mirror Phone ...","3.7","94","399.00","1299.00","Other","Budget","Average","Low"
"Tabelito Hybrid Polyester Foam, Nylon Laptop Bag Sleeve Case Cover Pouch for laptops (Black, 15.6 Inches/39.6Cm)","4.2","3308","299.00","1499.00","Laptop","Budget","Good","Moderate"
"Tombow 57316 Mono Zero Eraser Value Pack, Round 2.3 mm. Precision Tip Eraser with Refills","4.4","12591","299.00","450.00","Other","Budget","Good","Very Popular"
"Portronics AUTO 17 in-Car Bluetooth Receiver for Handsfree Calling, Music System, Supports All Smartphones (Black)","3.7","1556","549.00","1499.00","Mobile Phone","Budget","Average","Moderate"
"AmazonBasics 3A Fast Charging L Shaped Braided USB A to USB Type C Data cable for Smartphone (Black/White -1.2 Meter)","4.3","21064","299.00","599.00","Mobile Phone","Budget","Good","Very Popular"
"QUBO 10A Smart Plug from Hero Group |Energy Monitoring, Suitable for small devices like TVs, Air purifiers, Kettles, Mobil...","4.5","96","740.00","1990.00","Monitor","Budget","Excellent","Low"
"Techmount� Replacement Silicone Band Straps Compatible with Xiaomi MI Band 3 & 4 (Xiaomi MI Band 3 & 4, Black/Grey/Navy-Bl...","4.2","334","299.00","999.00","Other","Budget","Good","Low"
"SupCares Edge to Edge Tempered Glass for Samsung Galaxy S21 FE 5G (6.4 Inch) with Easy Self Installation Kit | Black","4.2","93","289.00","799.00","Mobile Phone","Budget","Good","Low"
"Amazon Brand - Solimo Back Cover for LG G8X ThinQ (Silicone_Clear)","4.3","424","169.00","499.00","Other","Budget","Good","Low"
"Zapcase Thermoplastic Polyurethane Back Case Cover for iPhone 13 | Compatible for iPhone 13 Back Case Cover | Scratch-Resi...","4.2","59","499.00","899.00","Mobile Phone","Budget","Good","Low"
"Eveready Ultima Alkaline AA Battery - Pack of 4","4.3","66","112.00","170.00","Other","Budget","Good","Low"
"Spigen Ultra Hybrid Back Cover Case Compatible with iPhone 14 Pro (TPU + Poly Carbonate | Matte Black)","4.5","842","1599.00","2599.00","Mobile Phone","Economy","Excellent","Low"
"Quantum RJ45 Ethernet Patch/LAN/Router Cable with Gold Plated Connectors Supports Upto 1000Mbps -16.4Feet (5 Meters), White","4.3","2589","229.00","499.00","Networking","Budget","Good","Moderate"
"boAt Stone 620 Bluetooth Speaker with 12W RMS Stereo Sound, 10HRS Playtime, TWS Feature, IPX4, Multi-Compatibility Mode(Red)","4.1","2957","1999.00","3990.00","Earbuds","Economy","Good","Moderate"
"Amazon Brand - Solimo Mira Multi-Purpose Laptop Table With Cup Holder (Brown, Wood, Pack Of 1)","3.4","520","459.00","1300.00","Laptop","Budget","Average","Low"
"Canon CL-57 Ink Cartridge (Color)","4.2","9454","1197.00","1258.00","Other","Economy","Good","Popular"
"Tribit MaxSound Plus 24W Bluetooth Wireless Speakers,Powerful Louder Sound&Exceptional XBass(Independent XBass Button),Bui...","4.4","2884","4499.00","5399.00","Speakers","Economy","Good","Moderate"
"ELV Direct Wall Mount Mobile Holder, Charging Holder Compatible All Smartphone and Remote Stand/Organizer/Showpiece for Tv...","4.1","443","149.00","499.00","Mobile Phone","Budget","Good","Low"
"Seagate Expansion 4TB External HDD - USB 3.0 for Windows and Mac with 3 yr Data Recovery Services, Portable Hard Drive (ST...","4.4","51176","8519.00","10999.00","Other","Mid Range","Good","Very Popular"
"Razer DeathAdder V2 Wired Gaming Mouse | 8 Programmable Buttons | 20,000 DPI Optical Sensor - Chroma RGB Lighting - Classi...","4.6","10598","2499.00","6999.00","Accessories","Economy","Excellent","Very Popular"
"Ambrane 12W Fast Car Charger, Dual USB Output, Multi-Layer Protection, Fast Charging, Compatible with All Cars, Without Ca...","3.9","2808","249.00","999.00","Accessories","Budget","Average","Moderate"
"Wings Phantom 760 Wireless Earphones, Earbuds with Low Latency 40 ms, Sync App Support, Gaming Designed case with LED Ligh...","4.0","260","1399.00","2999.00","Earbuds","Economy","Good","Low"
"ZEBRONICS Astra 10 Portable Wireless BT v5.0 Speaker, 10W RMS Power, 15* Hours Backup, 2.25"" Drive Size, up to 6.4"" Mobile...","3.7","621","799.00","2499.00","Mobile Phone","Budget","Average","Low"
"Winble Back Cover for iPhone 14 Pro Case | Metal Camera Guard Acrylic Clear Protective Back | Back Cover Case for iPhone 1...","4.2","24","499.00","999.00","Mobile Phone","Budget","Good","Low"
"Aroma® NB119 Titanium Bluetooth Wireless In Ear Neckband with Playback 48 Hrs, Smart Voice Assistant, Bluetooth V5.0, Swea...","3.4","183","499.00","2499.00","Other","Budget","Average","Low"
"Epson EcoTank L3252 Wi-Fi All-in-One Ink Tank Printer (Black)","4.1","1151","15499.00","17999.00","Printer","Mid Range","Good","Moderate"
"Portronics Konnect Spydr 31 3-in-1 Multi Functional Cable with 3.0A Output, Tangle Resistant, 1.2M Length, Nylon Braided(Z...","3.5","215","242.00","899.00","Other","Budget","Average","Low"
"OpenTech® Tempered Glass Screen Protector Compatible for iQOO 7 5G / iQOO 7 Legend 5G / iQOO 9 SE 5G with Edge to Edge Cov...","4.3","2112","299.00","999.00","Other","Budget","Good","Moderate"
"Spigen Ultra Hybrid Back Cover Compatible for Google Pixel 6a (TPU + PC | Matte Black)","4.4","924","1299.00","2099.00","Mobile Phone","Economy","Good","Low"
"Lava Hero 600i (Blue Green) with Sleek and Stylish Design, 10 Regional Languages Input Support, Auto Call Recording, Wirel...","3.8","1851","849.00","1199.00","Other","Budget","Average","Moderate"
"IBS Ultra Seris 8 Smart Watch Men Two Watch NFC Door Unlock Smartwatch Bluetooth Call Wireless Charge Fitness Bracelet (Ul...","3.3","29","1980.00","9999.00","Smartwatch","Economy","Average","Low"
"Kent CamEye HomeCam 360 | CCTV WiFi Security IP Camera | Full HD 1080p, Night Vision | 360° with Pan & Tilt, 2-Way Audio |...","4.1","2440","2499.00","4990.00","Television","Economy","Good","Moderate"
"AmazonBasics Stapler with 1000 Staples - Black","4.3","16864","319.00","700.00","Other","Budget","Good","Very Popular"
"OnePlus 138.7 cm (55 inches) U Series 4K LED Smart Android TV 55U1S (Black)","4.1","7034","40799.00","59999.00","Mobile Phone","Premium","Good","Popular"
"HUMBLE® Universal Mobile Holder for Car Windshield/Dashboard with One Touch Technology Phone Stand for Car, Extendable Arm...","3.9","512","299.00","699.00","Mobile Phone","Budget","Average","Low"
"BESTOR LCD Writing Tablet 10 Inch, Colorful Doodle Board Drawing Pad for Kids, Drawing Board Writing Board Drawing Tablet,...","3.8","693","499.00","999.00","Tablet","Budget","Average","Low"
"SanDisk Ultra Eco USB Flash Drive USB 3.2 Gen 1 128GB, Upto 100MB/s R, 5Y Warranty","4.2","15","979.00","1800.00","Other","Budget","Good","Low"
"ADISA 35L Large Laptop Backpack Office Bag College Travel Back Pack with rain Cover (Black)","4.1","28","599.00","1799.00","Laptop","Budget","Good","Low"
"Artistix Alpine Business Class Series | Anti Theft Laptop Backpack (32 Litre, 15.6 inch) (Black)","4.5","1024","1783.00","3899.00","Laptop","Economy","Excellent","Moderate"
"pTron Solero 331 3.4Amps Multifunction Fast Charging Cable, 3-in-1 USB Cable Micro USB/Type-C/iOS, Made in India, Durable...","3.9","1524","249.00","931.00","Other","Budget","Average","Moderate"
"Sony WH-1000XM4 Industry Leading Wireless Noise Cancellation Bluetooth Over Ear Headphones with Mic for Phone Calls, 30 Ho...","4.5","43345","19990.00","29990.00","Headphones","Mid Range","Excellent","Very Popular"
"HP K300 Backlit Membrane Wired Gaming Keyboard with Mixed Color Lighting, 4 LED Indicators, Matte Finish Double Injection ...","4.1","1969","849.00","1799.00","Accessories","Budget","Good","Moderate"
"TP-Link TL-WR841N RJ-45 300Mbps Wireless Single_Band N Cable, 4 Fast LAN Ports, Easy Setup, WPS Button, Supports Parent Co...","4.2","124050","1049.00","1699.00","Other","Economy","Good","Very Popular"
"Robustrion Deer Pattern Flip Stand Case Cover for Samsung Galaxy Tab A8 10.5 inch [SM-X200/X205/X207] 2022 - Vine Red","4.5","956","499.00","1999.00","Mobile Phone","Budget","Excellent","Low"
"TheGiftKart Ultra-Hybrid Crystal Clear Back Case Cover for iPhone 13 | Shockproof Design | Camera Protection Bump | Hard C...","4.2","219","259.00","999.00","Mobile Phone","Budget","Good","Low"
"Portronics Adapto 65X Adapter/Charger 65W for Laptop/Mobile with Triple Output (USB +PD) Compatible with Mac Book Pro, 100...","3.9","519","2421.00","4999.00","Laptop","Economy","Average","Low"
"TheGiftKart Back Cover for Redmi Note 10 Lite/Note 9 Pro/Pro Max/Poco M2 Pro (Poly Carbonate | Black | Armor)","4.3","3736","379.00","999.00","Mobile Phone","Budget","Good","Moderate"
"LKMO New Trending Universal 360 ° Rotation Car Dashboard Mobile Phone Holder Mount for All Mobile Phone 3.5-7 inch","5.0","4","299.00","999.00","Mobile Phone","Budget","Excellent","Low"
"Tecno POVA 3 (Tech Silver, 4GB RAM,64GB Storage) | 7000mAh Battery |33W Fast Charger","3.9","2043","10299.00","14999.00","Accessories","Mid Range","Average","Moderate"
"Kingston Q500 240GB SATA3 2.5 SSD (SQ500S37/240G)","4.5","9729","1599.00","3150.00","Other","Economy","Excellent","Popular"
"boAt Immortal IM1000D Dual Channel Gaming Wired Over Ear Headphones with mic, 7.1 Channel Surround Audio, Dolby Atmos, 50m...","4.1","3585","1899.00","5990.00","Headphones","Economy","Good","Moderate"
"Soomio Compatible for iPhone Charger Case Cover, Funny Cartoon Character, Silicone Charger Case Cover Compatible for 18-20...","3.3","12","399.00","999.00","Mobile Phone","Budget","Average","Low"
"truke BTG Alpha True Gaming in Ear Earbuds with 40ms Low Latency Gaming Mode, 7 RGB LEDs, Instant Pairing, AAC Codec, Upto...","3.8","433","899.00","2499.00","Earbuds","Budget","Average","Low"
"Sounce VGA to HDMI 1080P Full HD Mini VGA to HDMI Audio Video Converter Adapter Box with USB Cable and 3.5mm Audio Port Ca...","4.2","14","299.00","999.00","Accessories","Budget","Good","Low"
"Airtel DigitalTV DTH Remote SD/HD/HD Recording Compatible for Television (Shining Black )","3.7","1421","199.00","499.00","Television","Budget","Average","Moderate"
"Samsung Galaxy Tab A7 Lite 8.7 inches with Calling, Slim Metal Body, Dolby Atmos Sound, RAM 3 GB, ROM 32 GB Expandable, W...","4.2","5174","13336.00","17500.00","Mobile Phone","Mid Range","Good","Popular"
"Astigo Compatible Remote Control for Mi Smart LED 4A (43""/32"")","3.6","754","284.00","599.00","Other","Budget","Average","Low"
"theKiteco. Wall Mounted Mobile Holder Storage Case for Remote, Wall Mounted Mobile Stand/Multi Purpose Stand with Hole for...","4.1","172","169.00","399.00","Mobile Phone","Budget","Good","Low"
"CrossBeats Orbit Infiniti 2.0 1.43-Inch 454×454 PXL AMOLED Screen Smartwatch, Calling+Connect with TWS, Always on Display,...","4.3","1119","5998.00","14999.00","Earbuds","Mid Range","Good","Moderate"
"Spigen Ultra Hybrid Back Cover Case Compatible with iPhone 14 Pro (TPU + Poly Carbonate | Crystal Clear)","4.2","2857","1599.00","2599.00","Mobile Phone","Economy","Good","Moderate"
"3M Scotch Magic Tape Roll with Refillable Dispenser | 1.9cm x 32.9 meter | Invisible, writable and hand tearable | For sch...","4.5","1111","169.00","185.00","Other","Budget","Excellent","Moderate"
"ESR Pencil Case Compatible with iPad Air 5th Generation Cover 2022 and iPad Air 4th Generation Case (2020), Tablets with P...","4.4","8697","1519.00","1799.00","Tablet","Economy","Good","Popular"
"EvoFox Deathray RGB Gaming Keyboard, 16 Million True Prism RGB, Backlighting Effects with Custom Setting, Silent Membrane ...","5.0","32","799.00","1499.00","Accessories","Budget","Excellent","Low"
"TheGiftKart Shockproof Crystal Clear Back Cover Case for iQOO Neo 7 5G | 360 Degree Protection | Protective Design | Trans...","4.7","39","225.00","999.00","Other","Budget","Excellent","Low"
"OpenTech® Tempered Glass Screen Protector Compatible for OnePlus 9R with Edge to Edge Coverage and Easy Installation kit","4.0","11472","299.00","999.00","Mobile Phone","Budget","Good","Very Popular"
"BESTOR® Doodle LCD Pad Writing Tablet for Kids 10 Inch, Doodle Board Drawing Tablet with Lock Function, Erasable Reusable ...","3.8","409","499.00","999.00","Tablet","Budget","Average","Low"
"Titu Ki Baatein Vintage Aesthetic Stickers 50 Pcs, Vinyl Waterproof Stickers for Water Bottles Laptop Phone Computer Guitar","2.9","4","199.00","599.00","Laptop","Budget","Poor","Low"
"HM Pk Store Generic bestbackup dc024 Battery for Airtel 2300mah Airtel AMF-311WW Data Card Hotspot doongle compataible dc0...","4.5","5","369.00","1499.00","Other","Budget","Excellent","Low"
"Safari Seek 32 Ltrs Overnighter Travel Laptop Backpack (Black), Water Resistant Spacious Bag for Travelling and Camping, A...","4.2","93","1804.00","4899.00","Laptop","Economy","Good","Low"
"Asus BP1504 39.62 cm (15.6-inch) Laptop Backpack (Dark Grey)","4.2","1532","815.00","2499.00","Laptop","Budget","Good","Moderate"
"Spigen Ultra Hybrid Back Cover Case for iPhone 11 (TPU + Poly Carbonate | Matte Black)","4.4","100251","999.00","1899.00","Mobile Phone","Budget","Good","Very Popular"
"TheGiftKart Rugged Carbon Fibre TPU Armor Back Cover Case for OnePlus 7T (Blue)","4.5","1826","299.00","999.00","Mobile Phone","Budget","Excellent","Moderate"
"Kite Media - YoYo Ovel, Retractable Reel ID Card Holder - Set of 3 Nos (Black)","4.0","479","175.00","499.00","Other","Budget","Good","Low"
"TheGiftKart Back Cover Case for OnePlus Nord CE 2 LITE 5G | Tough Armor Bumper | Ring Holder & Kickstand in-Built | 360 De...","4.4","862","395.00","999.00","Mobile Phone","Budget","Good","Low"
"Apple 2022 10.9-inch iPad (Wi-Fi, 64GB) - Blue (10th Generation)","4.3","99","41390.00","44900.00","Tablet","Premium","Good","Low"
"Spigen Essential PF2104 Wireless Charger for iPhone 14/13/12/11 Samsung Galaxy S22/S21/S20 OnePlus 9/9 Pro with USB-C to C...","3.5","694","999.00","1399.00","Mobile Phone","Budget","Average","Low"
"Parker Frontier Matte Black CT Roller Ball Pen","4.3","2922","559.00","700.00","Other","Budget","Good","Moderate"
"Mexa Keyboard Bag Compatible With Yamaha PSR-E363, E373, E473, E463, I455, I425, I400, I500 Keyboard & Casio CT-X700, X870...","4.3","1689","899.00","1499.00","Accessories","Budget","Good","Moderate"
"Toyshine Dinosaur Design Writing Tablet for Kids, 8.5 inches LCD Tab for Kids Drawing Pad Doodle Board Scribble and Play f...","4.5","35","614.00","999.00","Tablet","Budget","Excellent","Low"
"Time Office Usb Type C Cable For Mantra Mfs100 Fingerprint Scanner (Black)","4.0","558","299.00","699.00","Printer","Budget","Good","Low"
"eller santé® Wireless Charger 3in1 Magnetic Mag-Safe Charger dock for iPhone 14, 14 Plus, 14 Pro, 14 Pro Max, iPhone 13, 1...","4.5","341","2849.00","4999.00","Mobile Phone","Economy","Excellent","Low"
"EGOTUDE Silicone Soft Case Camera Protection Microfiber Lining Back Cover for iPhone 14 (Black)","4.5","86","269.00","1499.00","Mobile Phone","Budget","Excellent","Low"
"Mivi Roam 2 Wireless Bluetooth Speaker 5W, Portable Speaker with Studio Quality Sound, Powerful Bass, 24 Hours Playtime, W...","4.3","36230","1199.00","2999.00","Speakers","Economy","Good","Very Popular"
"moxly Universal Car Rear View Phone Holder Mount, 360°Rotatable Retractable Rearview Mirror Phone Holder for Car, GPS Hold...","2.8","68","435.00","1499.00","Other","Budget","Poor","Low"
"iOttie Carrying Case Hard Protective Case Impact Resistant Travel Power Bank Pouch Bag USB Cable Organizer for Earbuds, Ca...","4.1","193","349.00","398.00","Earbuds","Budget","Good","Low"
"Vishal 3 Sizes Water Brush Pen for Watercolor Calligraphy Drawing Tool Marker","4.1","1988","189.00","600.00","Other","Budget","Good","Moderate"
"TheGiftKart Translucent Hybrid Back Case Cover for OnePlus Nord CE 2 LITE 5G | Smoked Matte Back | 360 Degree Protection |...","3.9","404","229.00","999.00","Mobile Phone","Budget","Average","Low"
"Spigen AlignMaster Tempered Glass Screen Protector Guard for Pixel 6a - 2 Pack","4.3","923","1199.00","2899.00","Mobile Phone","Economy","Good","Low"
"realme Smart Tv Stick 4K","3.9","279","3067.00","4699.00","Mobile Phone","Economy","Average","Low"
"HP Smart Tank 580 All-in-one WiFi Colour Printer with 1 Extra Black Ink Bottle(Upto 12000 Black and 6000 Colour Prints) an...","4.1","4503","16249.00","18848.00","Printer","Mid Range","Good","Moderate"
"Hello Zone Exclusive Matte Finish Soft Back Case Cover for Motorola Moto G62 5G - Black","4.2","41","149.00","699.00","Other","Budget","Good","Low"
"INEFABLE Mi Band 5 and 6 Strap Original Band Strap M5/M6 - Pack of 1 - Navy Blue - (Device Not Included - Not Compatible w...","3.9","52","99.00","399.00","Other","Budget","Average","Low"
"Urbn 20W Type C PD Adapter | Dual Port Super Fast Charger | Quick Charge 3.0 & Power Delivery 3.0 | for iPhone 13/13Pro/13...","3.6","2174","599.00","1999.00","Mobile Phone","Budget","Average","Moderate"
"NV Prime Car/Bike Waterproof NXT GEN GPS Tracker with 5 Years Warranty","4.3","232","1599.00","2999.00","Other","Economy","Good","Low"
"BESTOR® USB C Hub 4K 30Hz, 7-in-1 USB-C Hub Multiport Adapter with HDMI, 87W PD, Ethernet, SD/TF Cards Reader, 1 USB-C,1 U...","4.0","290","1599.00","3499.00","Accessories","Economy","Good","Low"
"Dell Professional 24 inches, 1920 x 1080 Pixels Full HD Monitor - Wall Mountable, Height Adjustable, IPS Panel with HDMI, ...","4.4","509","13900.00","21500.00","Mobile Phone","Mid Range","Good","Low"
"boAt Bassheads 152 Masaba Edition in Ear Wired Earphones with Mic(Aztec Fusion)","4.1","93426","589.00","1299.00","Other","Budget","Good","Very Popular"
"ZEBRONICS 150Hb 4 Port USB Hub with Dedicated On/Off Switch, Led Indicators, 45Cm Cable Length, Optional Power Input Port,...","3.4","171","249.00","699.00","Other","Budget","Average","Low"
"Gizga Essentials High Performance USB Hub, 5 in 1 USB Hub, Fast Data Transfer, 3 USB 2.0, 2-Port Card Reader, SD TF Data T...","4.1","2564","349.00","499.00","Other","Budget","Good","Moderate"
"POPIO Screen Guard Protector Compatible for Apple Watch Series 7 & 8, 45mm (Transparent) with Edge to Edge Full Screen Cov...","3.8","67","180.00","599.00","Other","Budget","Average","Low"
"Miwings Universal Handlebar Bike Mount Holder Verson 2.0 Metal Body 360 Degree Rotating Mirror Cradle Stand for Bicycle, M...","3.8","821","315.00","999.00","Other","Budget","Average","Low"
"ZEBRONICS ZEB-JUKE BAR 7400 PRO 5.1 channel soundbar with 6.5” subwoofer, 180W RMS, Dual rear satellites, HDMI (ARC), Opti...","4.0","1136","8999.00","21999.00","Speakers","Mid Range","Good","Moderate"
"Duracell Specialty 1220 Lithium Coin Battery 3V, Pack of 5 (DL1220/CR1220) Designed for use in keyfobs, Scales, wearables ...","5.0","2","203.00","350.00","Other","Budget","Excellent","Low"
"Seagate Expansion 5TB External HDD - USB 3.0 for Windows and Mac with 3 yr Data Recovery Services, Portable Hard Drive (ST...","4.4","51176","9799.00","14699.00","Other","Mid Range","Good","Very Popular"
"Western Digital WD 4TB My Book Desktop External Hard Disk Drive,Compatible with Windows&Mac, Portable HDD","4.4","2122","8699.00","17000.00","Other","Mid Range","Good","Moderate"
"boAt Stone 1450 Portable Wireless Speaker with 40W RMS Signature Sound, RGB LEDs, TWS Feature, Multi-Compatibility Modes, ...","3.8","829","4499.00","8990.00","Earbuds","Economy","Average","Low"
"Procus ONE Virtual Reality Headset 40MM Lenses -For IOS and Android – (Black)","3.3","3697","1999.00","2999.00","Headphones","Economy","Average","Moderate"
"TheGiftKart Shockproof Crystal Clear Back Cover Case for OnePlus Nord 2T 5G | 360 Degree Protection | Protective Design | ...","4.3","1190","279.00","999.00","Mobile Phone","Budget","Good","Moderate"
"TABLE MAGIC Multipurpose Laptop Table Mat Finish Top PP Steel Metal 52.5 * 40 * 73cm 6 Heights 3 Angles Adjustable Foldabl...","4.2","1319","1498.00","2490.00","Laptop","Economy","Good","Moderate"
"JBL Quantum 100, Wired Over Ear Gaming Headphones with mic for PC, Mobile, Laptop, PS4, Xbox, Nintendo Switch, VR (Black)","4.0","12292","2299.00","3999.00","Laptop","Economy","Good","Very Popular"
"Nivia Country Colour Rubber Moulded Football","3.8","4257","287.00","310.00","Other","Budget","Average","Moderate"
"FLiX (Beetel USB to Type C PVC Data Sync & 2A Fast Charging Cable, Made in India, 480Mbps Data Sync, Tough Cable, 1 Meter ...","4.0","10079","79.00","249.00","Other","Budget","Good","Very Popular"
"SPIN CART 3 in 1 Screen Cleaning Kit for Laptops, Mobiles, LCD, LED, Computers and TV","4.0","2931","189.00","399.00","Laptop","Budget","Good","Moderate"
"Lenovo IdeaPad Slim 3 Intel Celeron N4020 4th Gen 15.6"" (39.62cm) HD Thin & Light Laptop (8GB/256GB SSD/Windows 11/Office ...","3.7","351","25499.00","40490.00","Laptop","Premium","Average","Low"
"PULOKA Multi Functional Holster Pouch for Mobile (Leather | Brown)","3.8","348","799.00","2999.00","Mobile Phone","Budget","Average","Low"
"Truke Air Buds Bluetooth Truly Wireless in Ear Earbuds with Mic Ai Powered Noise Cancellation(Ai-Enc) for Hd Calls Upto 48...","3.7","579","999.00","3299.00","Earbuds","Budget","Average","Low"
"ADISA 15.6 inch Laptop Backpack Office Bag College Travel Back Pack 32 Ltrs (z-Teal)","3.8","547","499.00","1799.00","Laptop","Budget","Average","Low"
"POSH VGA to HDMI, Mini HD 1080P 3.5mm Audio VGA to HDMI HD HDTV Video Converter Box Adapter VGA2HDMI for PC Laptop Dispaly...","3.5","2460","299.00","999.00","Laptop","Budget","Average","Moderate"
"Doubledicestore Tempered Glass Screen Protector Compatible for Redmi Note 9 Pro/Note 9 Pro Max/Note 10 Pro/Note 10 Pro Max...","4.1","5774","149.00","599.00","Mobile Phone","Budget","Good","Popular"
"JEF Business Card Holder, Debit/Credit/Bussiness/Visiting Name Id Card Holder Book Cash Organizer File - 480 Pocket. (Black)","4.2","810","219.00","299.00","Other","Budget","Good","Low"
"ProElite Smart Deer Flip case Cover for Samsung Galaxy Tab A7 Lite 8.7"" SM-T220/T225, Wine Red","4.4","2076","499.00","1999.00","Mobile Phone","Budget","Good","Moderate"
"Vivo Y75 (Dancing Waves, 8GB RAM, 128GB ROM) with No Cost EMI/Additional Exchange Offers","4.1","254","19990.00","25990.00","Mobile Phone","Mid Range","Good","Low"
"Ant Value FKBRI05 Multimedia Wireless Keyboard & Mouse Combo, Compact Light-Weight for PCs, Laptops & Smart TV (Black)","3.4","233","649.00","1999.00","Laptop","Budget","Average","Low"
"TP-Link AC1750 Universal Dual Band Range Extender, Broadband/Wi-Fi Extender, Wi-Fi Booster/Hotspot with 1 Gigabit Port and...","4.2","17439","3999.00","6666.00","Networking","Economy","Good","Very Popular"
"Aroma® NB120C Dhamaka Pro Bluetooth Wireless In Ear Neckband with Playtime 40 Hours, Smart Voice Assistant, Dual Pairing, ...","2.9","10","369.00","1499.00","Other","Budget","Poor","Low"
"realme narzo 50 (Speed Black, 6GB RAM+128GB Storage) Helio G96 Processor | 50MP AI Triple Camera | 120Hz Ultra Smooth Display","4.2","14876","13499.00","17999.00","Mobile Phone","Mid Range","Good","Very Popular"
"Quantum Wireless Keyboard and Mouse Set, 12 Months* Battery(Cells Included), Nano Receiver, Silent Keys 800/1200/1600 DPI,...","3.8","222","899.00","1599.00","Accessories","Budget","Average","Low"
"SupCares Edge to Edge Tempered Glass for Samsung Galaxy M04, Galaxy A04S, Galaxy A04, Galaxy A04E and Galaxy A04 Core (6.5...","4.4","11","251.00","799.00","Mobile Phone","Budget","Good","Low"
"Paperkraft Beethoven- Blue Ceramic Roller Ball Pen (Pack of 1) | Classy Chrome & Gold tone finish|Premium Gifting Product...","4.0","1701","212.00","250.00","Other","Budget","Good","Moderate"
"EGOTUDE Silicon Soft Case Camera Protect Microfiber Lining Cover for iPhone 13 (Black)","4.2","1093","269.00","1499.00","Mobile Phone","Budget","Good","Moderate"
"AmazonBasics 3.5mm to 2-Male RCA Adapter Cable For Tablet, Smartphone (Black, 15 feet)","4.4","71432","489.00","1200.00","Mobile Phone","Budget","Good","Very Popular"
"boAt Newly Launched Airdopes 458 TWS Earbuds with Spatial Bionic Sound by THX,in Ear Detection, ENx™Tech,30H Playtime, Bea...","3.7","34","1999.00","4990.00","Earbuds","Economy","Average","Low"
"(Renewed) Fire-Boltt Ninja Call Pro Plus Bluetooth Calling Smartwatch, 1.83"" Largest Display with AI Voice Assistance, 100...","3.8","228","1529.00","1799.00","Monitor","Economy","Average","Low"
"HIFFIN® Green Screen Backdrop with Stand, 8FT X 12FT Wide Green Screen Backdrop with 9 FT x 12 FT Wide Photo Backdrop Stan...","3.9","1342","2399.00","5000.00","Other","Economy","Average","Moderate"
"SKYVIK Signi Pro 2 in 1 (Wide+Macro) Clip on Mobile Camera Lens Kit for iPhone, Samsung and Other Smartphones.","3.8","3530","2069.00","2999.00","Mobile Phone","Economy","Average","Moderate"
"AmazonBasics Tie-Out Cable/Leash for Dogs up to 41 Kg, 25 Feet","4.3","22824","349.00","795.00","Other","Budget","Good","Very Popular"
"OpenTech® Military-Grade Tempered Glass Screen Protector Compatible for iPhone 13 Pro Max with Edge to Edge Coverage and E...","4.3","9560","299.00","999.00","Mobile Phone","Budget","Good","Popular"
"ZEBRONICS Zeb-Duke Bluetooth Wireless Over Ear Headphone with Mic (Blue)","3.9","11111","1199.00","2499.00","Headphones","Economy","Average","Very Popular"
"BluArmor Action-cam Compatible Chin Mount for Motorcycle Helmets","4.4","2024","314.00","399.00","Other","Budget","Good","Moderate"
"TP-Link TL-WR940N 450Mbps WiFi Wireless Single Band Router, 4 Fast LAN Ports, Easy Setup, WPS Button, Supports Parent Cont...","4.2","124050","1399.00","2499.00","Networking","Economy","Good","Very Popular"
"COVER CAPITAL Tablet Tempered Glass Guard for Realme Pad X 5G 11 inch -Pack Of 1","4.3","107","299.00","799.00","Mobile Phone","Budget","Good","Low"
"Lava A1 2021(Blue Silver), Bluetooth Support, Smart AI Battery, Military Grade Certified,4 Days Battery Backup, Keypad Mobile","3.8","3384","1087.00","1379.00","Mobile Phone","Economy","Average","Moderate"
"TheGiftKart Ultra-Hybrid Crystal Clear Back Case Cover for iPhone 14 Back Cover Case | Slim Fit Shockproof Design | Camera...","4.5","51","349.00","999.00","Mobile Phone","Budget","Excellent","Low"
"Axmon Extension Cord with 2 USB Charging Ports and 6 Socket - 10 Amp Heavy Duty Multiplug Extension Board for Multiple Dev...","4.1","9103","595.00","1299.00","Other","Budget","Good","Popular"
"Astigo Remote Control Compatible with Airtel Xstream Set Top Box (Without Voice Function)","3.5","249","331.00","899.00","Other","Budget","Average","Low"
"Portronics POR-015 Toad 11 Wireless USB Bluetooth Mouse with 2.4GHz Technology (Blue)","3.8","17048","349.00","499.00","Accessories","Budget","Average","Very Popular"
"TheGiftKart Transparent Crystal Clear Shockproof TPU Back Cover Case for OnePlus Nord (2020) (Transparent)","4.3","1811","225.00","999.00","Mobile Phone","Budget","Good","Moderate"
"pTron Force X12S Bluetooth Calling Smartwatch, 1.85"" Full Touch HD Display, Functional Crown, Real Heart Rate Monitor, SpO...","3.8","236","1549.00","4599.00","Monitor","Economy","Average","Low"
"boAt PartyPal 20 15 Watt Wireless Bluetooth Party Speaker (Black)","4.2","2472","2994.00","5490.00","Speakers","Economy","Good","Moderate"
"Caprigo Heavy Duty TV Wall Mount Stand for 12 to 27 inches LED/LCD/Monitor Screen's, Full Motion Rotatable Universal TV & ...","4.1","1233","399.00","799.00","Television","Budget","Good","Moderate"
"Sony WH-XB910N Extra BASS Noise Cancellation Headphones Wireless Bluetooth Over The Ear Headset with Mic, Alexa Voice Cont...","4.3","6257","13990.00","19990.00","Headphones","Mid Range","Good","Popular"
"King Shine (USB Data Sync & Charger Cable for Apple iPhone 4/4s, 3G iPhone, iPod Nano USB Cable Set of 1)","3.8","264","245.00","999.00","Mobile Phone","Budget","Average","Low"
"GOVO GOBASS 400 in Ear Wired Earphones with Microphone High Definition, Passive Noise Cancellation for Music, 3.5mm Jack (...","4.0","835","299.00","799.00","Other","Budget","Good","Low"
"Amazon Basics in-Ear Bluetooth 5.0 Neckband with Up to 30 Hours Playtime, Magnetic Earbuds, Voice Assistant, Dual Pairing ...","3.5","2487","709.00","1999.00","Earbuds","Budget","Average","Moderate"
"AJM 360 Protection Shockproof Design Soft Rubberised Case with Keychain for Oppo Enco Air 2 Pro (Black)","3.7","258","299.00","399.00","Mobile Phone","Budget","Average","Low"
"UN1QUE X3 Mini Portable Fan - Powerful Handheld Table Fan with Base, 3-Speed, Noise-Canceling Design, Lightweight, USB Rec...","5.0","2","799.00","1999.00","Other","Budget","Excellent","Low"
"POPIO Tempered Glass Compatible for Xiaomi Redmi 11 Prime/Redmi 9A / 9A Sport/Redmi 9i / 9i Sport/Redmi 10 5G / Redmi 10A...","4.1","291","147.00","599.00","Mobile Phone","Budget","Good","Low"
"HP 16GB Class 10 MicroSD Memory Card (HP-MSDCWAU1-16GB)","4.0","33705","349.00","900.00","Other","Budget","Good","Very Popular"
"The Prop store Fur Rug for Photography for Baby Background (90x80cm)-White","3.8","981","699.00","1299.00","Other","Budget","Average","Low"
"ProElite Tempered Glass Screen Protector for Apple iPad Air 5th/4th Gen 10.9"" & iPad Pro 11"" 2022/2021/2020 with Auto Alig...","4.4","216","584.00","1999.00","Tablet","Budget","Good","Low"
"Amazon Basics Laptop Cooling Pad, USB Powered Portable Gaming Laptop Cooler Stand | Quiet 2 Fans with Blue LED Light | 2 V...","4.2","309","599.00","3699.00","Laptop","Budget","Good","Low"
"POCO C31 (Royal Blue, 64 GB) (4 GB RAM)","3.8","359","8385.00","11999.00","Mobile Phone","Mid Range","Average","Low"
"AmazonBasics Laptop Sleeve Case Cover Pouch for 14-inches, 14.1-inches Laptop for Men and Women | Slim Profile Neoprene, S...","4.3","1559","409.00","1099.00","Laptop","Budget","Good","Moderate"
"Sunkizzrs® Hook & Loop Tape Roll Strips with Adhesive Back Mounting Tape for Picture and Tools Hanging Pedal Board Fasteni...","4.2","345","379.05","1000.00","Other","Budget","Good","Low"
"Camel Fabrica Acrylic Ultra Pearl and Metallic Colour Set - Pack of 20 (White)","4.6","3311","490.00","520.00","Other","Budget","Excellent","Moderate"
"Anjaney Enterprise Smart Multipurpose Foldable Laptop Table with Cup Holder, Study Table, Bed Table, Breakfast Table, Fold...","3.9","233","249.00","699.00","Laptop","Budget","Average","Low"
"Zebronics Zeb-Bang Foldable Wireless BT Headphone Comes with 40mm Drivers, AUX Connectivity, Call Function, 16Hrs* Playbac...","3.7","8115","599.00","1399.00","Headphones","Budget","Average","Popular"
"Axmon® Extension Cord with USB Port [FIRE Proof] [Shock Proof] Safest , Space Saver [6 Socket 2 USB Ports] 10 Amp [1.9 Met...","4.1","9103","595.00","1299.00","Other","Budget","Good","Popular"
"Samsung Galaxy Tab A8 26.69 cm (10.5 inch) Display, RAM 3 GB, ROM 32 GB Expandable, Wi-Fi Tablet, Silver, (SM-X200NZSAINU)","4.3","3191","13999.00","21599.00","Mobile Phone","Mid Range","Good","Moderate"
"mStick Airpods Pro Leather Protective Cover Compatible with Airpod Pro Case Leather Airpods Pro Protective Case Cover with...","3.0","2400","320.00","699.00","Earbuds","Budget","Average","Moderate"
"LG 224 L 4 Star Inverter Direct-Cool Single Door Refrigerator (GL-D241ASCY, Scarlet Charm, Base stand with Drawer, Total c...","4.4","1122","19990.00","25790.00","Other","Mid Range","Good","Moderate"
"Vivo Y22 (Metaverse Green, 6GB RAM, 128GB Storage) with No Cost EMI/Additional Exchange Offers","3.8","243","16499.00","19990.00","Mobile Phone","Mid Range","Average","Low"
"Boldfit Mi Band 4 Strap Mi Band 3 Strap For Smart Watch Mi Fit Band Strap Watch Straps For Mi Band 4 Strap And Mi Band 3 S...","4.5","30","129.00","299.00","Smartwatch","Budget","Excellent","Low"
"OpenTech® Tempered Glass Screen Protector Compatible for Oneplus 10R 5G with Edge to Edge Coverage and Easy Installation kit","4.0","11472","299.00","999.00","Mobile Phone","Budget","Good","Very Popular"
"FEDUS Cat6 Ethernet Cable, 50 Meter High Speed 550MHZ / 10 Gigabit Speed UTP LAN Cable, Network Cable Internet Cable RJ45 ...","4.4","9050","199.00","4499.00","Other","Budget","Good","Popular"
"Lightning to 3.5 mm Headphone Jack Adapter, [Apple MFi Certified] Phone 3.5mm Headphones/Earphones Jack Aux Audio Dongle A...","3.0","4","249.00","999.00","Headphones","Budget","Average","Low"
"Dumbel MOSO 12V 2A DC Power Supply Adapter, AC 100-240V to DC 12 Volt Transformer. SMPS for LCD Monitor, TV, LED Strip, CC...","3.6","139","299.00","1299.00","Monitor","Budget","Average","Low"
"Mobistyle Compatible for iPhone 13 Case 6.1 inch Hybrid PC+TPU Soft Grip Matte Finish Clear Back Panel Thin Cover for iPho...","3.9","231","299.00","999.00","Mobile Phone","Budget","Average","Low"
"(Renewed) Infinity (JBL) Glide 120, In Ear Wireless Earphones with Mic, Deep Bass, Dual Equalizer, 12mm Drivers, Premium M...","3.4","92","662.00","934.00","Other","Budget","Average","Low"
"Amazon Basics USB Type C to USB 3.1 Gen1 Type-A Female Lightning Adapter (OTG) - Black","4.4","44374","449.00","845.00","Accessories","Budget","Good","Very Popular"
"CEDO Redmi 10 Power/Redmi 10C Back Cover | Matte Soft Silicon Flexible | Camera Bump Protection | All Side Shock Proof Rub...","3.9","179","149.00","999.00","Mobile Phone","Budget","Average","Low"
"Hynix Hmt451S6Afr8A-Pb 4Gb Pc3-12800 DDR3-1600Mhz Non-Ecc Unbuffered Cl11 204-Pin Sodimm 1.35V Low Voltage Single Rank Mem...","4.1","1060","550.00","1120.00","Other","Budget","Good","Moderate"
"FACTOR NOTES Notebook: 90 GSM, B6, Ruled, 112 Pages Journal Diary (Sunshine Mixed with a Hurricane)","4.2","6674","98.00","199.00","Laptop","Budget","Good","Popular"
"Fundoo Labs Foldscope Basic Kit DIY Microscope","3.5","935","469.00","799.00","Other","Budget","Average","Low"
"【2 Pack】 Replacement Tips Compatible with Apple Pencil 1st & 2nd Gen iPad Pro Pencil, High Sensitivity Apple Pencil Nibs f...","4.7","182","799.00","1000.00","Tablet","Budget","Excellent","Low"
"Chidakash 7 in 1 Keyboard Cleaner Set, Computer MacBook Earphone Cleaning Kit, Electronic Cleaner Kit, Tablet and Screen D...","4.3","12","369.00","899.00","Laptop","Budget","Good","Low"
"Redgear A-20 Wired Gaming Mouse with RGB and Upto 4800 dpi for Windows PC Gamers.","4.2","2974","399.00","899.00","Accessories","Budget","Good","Moderate"
"ZEBRONICS Jumbo LITE with 70 Hours Backup, Bluetooth v5.2 Wireless In Ear Neckband, Fast Charging, ENC Calling, Gaming Mod...","4.1","125","799.00","2999.00","Other","Budget","Good","Low"
"CEDO Realme Pad Mini (8.7 Inch) Flip Cover | Leather Finish | 360 Degree Rotate Flip Cover | Shockproof Style Case for Rea...","4.2","54","349.00","999.00","Mobile Phone","Budget","Good","Low"
"Razer BlackShark V2 X Wired Gaming On Ear Headset - Black|7.1 Surround Sound-50mm Drivers-Memory Foam Cushion-for PC,PS4,P...","4.4","3585","4199.00","7999.00","Headphones","Economy","Good","Moderate"
"OpenTech® Tempered Glass Screen Protector Compatible with OnePlus Nord CE 2 5G (2022) with Edge to Edge Coverage and Easy ...","4.0","11472","299.00","999.00","Mobile Phone","Budget","Good","Very Popular"
"Portronics SoundDrum 1 10W TWS Portable Bluetooth 5.0 Speaker with Powerful Bass, Inbuilt-FM & Type C Charging Cable Inclu...","4.0","4920","1099.00","2499.00","Earbuds","Economy","Good","Moderate"
"boAt Wave Edge with 1.85"" HD Display, Advanced Bluetooth Calling Chip, Functional Crown, 100+ Sports Modes,Widget Control,...","3.8","649","2299.00","8990.00","Monitor","Economy","Average","Low"
"Amazon Basics 2nd Gen Stylus Pen | Supports Palm Rejection, Tilt Sensor, Precise for Writing/Drawing| for iPad 6/ 7/ 8/ 9t...","3.9","481","2479.00","6099.00","Tablet","Economy","Average","Low"
"SanDisk Ultra USB 3.0 Flash Drive, CZ48 256GB, USB3.0, Black, Stylish Sleek Design, 5Y Warranty","4.3","57270","1609.00","5600.00","Other","Economy","Good","Very Popular"
"Logitech MX Master 2S Wireless Mouse, Multi-Device, Bluetooth or 2.4GHz Wireless with USB Unifying Receiver, 4000 DPI Any ...","4.5","14564","5895.00","8995.00","Accessories","Mid Range","Excellent","Very Popular"
"Parker Jotter Standard CT Ball Pen (Blue)","4.2","7036","279.00","300.00","Other","Budget","Good","Popular"
"UBON BT-5100 Bluetooth 5.0 Wireless in Ear Earphones with Hi-Fi Stereo Sound, 10Hrs Playtime, Lightweight Ergonomic Neckba...","4.1","2098","548.00","1999.00","Other","Budget","Good","Moderate"
"OpenTech® Tempered Glass Screen Protector Compatible for iPhone SE 2 / iPhone SE 2020 Edge to Edge Coverage with Easy Inst...","4.1","3621","399.00","999.00","Mobile Phone","Budget","Good","Moderate"
"Ichiban CCNJTG21G001 Dual SIM GSM Fixed Wireless Corded Landline Phone (Grey)","3.9","1329","2100.00","2999.00","Other","Economy","Average","Moderate"
"HUMBLE Universal Monopod Holder Clip for Mobile Camera Holder and Tripod Mount Holder- Black (Pack of Two)","4.1","12269","189.00","599.00","Mobile Phone","Budget","Good","Very Popular"
"CZARTECH Tempered Glass for Samsung Galaxy M04 | M33 5G | M32 5G I M13 I M13 5G I M12 I M02 | M02s I A32 5G | A13 5G | A02...","4.0","185","299.00","699.00","Mobile Phone","Budget","Good","Low"
"uni-ball Eye UB157 Roller Pen (Assorted Color, Pack of 10)","4.6","1967","749.00","850.00","Other","Budget","Excellent","Moderate"
"Portronics My Buddy K2 Portable Laptop Stand with 7 Adjustable Level, Ergonomic Design, Multifunctional for All Laptops(Si...","4.2","1193","599.00","2999.00","Laptop","Budget","Good","Moderate"
"TheGiftKart Transparent Crystal Clear Back Cover for Samsung Galaxy M21 / M21 2021 Edition / M30s Back Cover | Shockproof ...","4.2","7413","199.00","999.00","Mobile Phone","Budget","Good","Popular"
"DOMS Poster Colour 14 Shades","4.5","2346","194.00","220.00","Other","Budget","Excellent","Moderate"
"Watch Charging Cable for Fire-Boltt Ninja/Ninja Pro/Ninja Pro Max/Ninja Call 2 / Beam Smartwatches","3.6","65","249.00","999.00","Smartwatch","Budget","Average","Low"
"GadgetBite External Printed Hard Drive Disk Enclosure Portable Carrying Case Cover Pouch Casing for 2.5-Inch Hard Drive (S...","4.2","2301","199.00","599.00","Other","Budget","Good","Moderate"
"Portronics Adapto 66 POR-1066 2.4A Dual USB Ports Charging Adapter with 1M Micro USB Cable (White)","3.9","699","216.00","499.00","Accessories","Budget","Average","Low"
"Brother DCP-B7500D Multi-Function Monochrome Laser Printer with Auto Duplex Printing (Toner Box Technology) (Grey)","4.1","1192","15849.00","19890.00","Printer","Mid Range","Good","Moderate"
"2022 Upgrade Bluetooth Adapter Transmitter Receiver, Oxlaw 2 in1 Music Audio 5.0 Bluetooth USB Wireless for PC TV Car Hand...","3.6","4334","399.00","999.00","Television","Budget","Average","Moderate"
"AmazonBasics Professional 5.1 X 3.5 inches Graphics Drawing Tablet 8192 Levels Digital Drawing Tablet with Pen Multifuncti...","3.4","141","1549.00","5990.00","Tablet","Economy","Average","Low"
"Portronics My Buddy K Portable Laptop Stand with Adjustable Height, Foldable, OverHeating Protection for Laptops & MacBook...","4.3","2681","599.00","1999.00","Laptop","Budget","Good","Moderate"
"AmazonBasics Braided USB Type-C to Type-C 60W Fast Charging Data cable with Transparent Shell and LED indicator (Black/Whi...","4.2","9452","399.00","799.00","Other","Budget","Good","Popular"
"TheGiftKart Shockproof Crystal Clear Back Cover Case for iQOO Neo 6 5G | 360 Degree Protection | Protective Design | Trans...","4.2","1447","279.00","999.00","Other","Budget","Good","Moderate"
"Digicrown Original DC024 / H12348 Battery for Airtel My WiFi AMF-311WW Data Card 4G Hotspot Dongle - 2300mAh - 1 Year Warr...","3.4","854","475.00","1999.00","Networking","Budget","Average","Low"
"MOCA Compatible 13.3 inch MacBook Laptop Bag Sleeve for 13 13.3 inch Apple MacBook Air Pro Retina 13 13.3 inch a1466 a1369...","4.3","3045","1225.00","2999.00","Laptop","Economy","Good","Moderate"
"D2Q Wired Original Galaxy In Ear Earphones for All Samsung Smartphones with Mic | Pure Bass Sound | One Button Multi-Funct...","4.2","103","299.00","899.00","Mobile Phone","Budget","Good","Low"
"Cosmic Byte Meteoroid RGB Laptop Cooling Pad with 6 Fan Upto 17 inch laptops (Black/Blue)","4.1","1316","1999.00","2499.00","Laptop","Economy","Good","Moderate"
"JBL Wave Beam in-Ear Earbuds (TWS) with Mic, App for Customized Extra Bass EQ, 32 Hrs Battery and Quick Charge, IP54, Ambi...","3.9","419","3999.00","4999.00","Earbuds","Economy","Average","Low"
"Fastrack New Reflex VOX 2.0 Black Smart Watch|BT Calling|1.8"" HD Display|TWS Connect|AI Voice|50+ Sports Modes|100+ Watchf...","3.6","285","4995.00","7995.00","Earbuds","Economy","Average","Low"
"GreatDio® A4 Document File Clear Bag, Transparent Envelope Holder Storage Case, Organizer, Clear Plastic Container for Pap...","3.7","268","265.00","373.00","Other","Budget","Average","Low"
"Pack of 2 TP4056 Micro USB Lithium Battery Charging Converter with Overcharge Discharge Over-Current Protection Charging B...","4.1","99","95.00","200.00","Other","Budget","Good","Low"
"TP-Link Archer C24 AC750 Mbps Dual-Band, WiFi Wireless Router | Multi Mode | 4 Antennas | Ipv6 Supported | Parental Contro...","4.0","794","1499.00","2499.00","Networking","Economy","Good","Low"
"CrossBeats Newly launched shuffl Neckband Environmental Noise Cancelling 13mm Drivers EchoBlast™, BT v5.2, Fast Charging w...","4.3","274","1499.00","3999.00","Other","Economy","Good","Low"
"Mi Smart Bedside Lamp 2 (16 Million Colors, App-Enabled, Touch Panel)","4.5","1616","2799.00","2999.00","Other","Economy","Excellent","Moderate"
"AmazonBasics Magnetic Wireless Charger | 15W Fast Charging Circular Pad|Compatible with iPhone 13/13 Pro/13 Mini/13 ProMa...","3.6","1898","1369.00","2499.00","Mobile Phone","Economy","Average","Moderate"
"AmazonBasics Digital Optical Coax to Analog RCA Audio Converter Adapter with Fiber Cable","4.0","3661","1089.00","1600.00","Accessories","Economy","Good","Moderate"
"MorningVale Palmate Mini Boost Smart Wireless Portable Bluetooth Speaker (3Cm)","3.5","1346","387.03","499.00","Speakers","Budget","Average","Moderate"
"Verilux®Touch Stylus S Pen Replacement Stylus Pen Refill Tool Kit for Samsung Galaxy Note 10 / Note10+Plus / Note20 / Note...","3.7","512","489.00","701.00","Mobile Phone","Budget","Average","Low"
"Lenovo Tab M10 FHD 3rd Gen (10.1 inch (25.65 cm), 4 GB, 64 GB, Wi-Fi), Storm Grey","4.0","215","13999.00","26000.00","Networking","Mid Range","Good","Low"
"Intern INT-38C Right hand Acoustic Guitar Kit, With Bag, Strings, Pick And Strap, Black, small","4.0","12604","2399.00","6495.00","Other","Economy","Good","Very Popular"
"POPIO Tempered Glass Screen Protector Compatible for OnePlus Nord CE 2 5G (Black) with Edge to Edge Coverage and Easy Inst...","3.9","472","150.00","599.00","Mobile Phone","Budget","Average","Low"
"Oblivion LCD Writing Pad/Tablet 8.5 inches | Electronic Writing Scribble Board for Kids |Kids Learning Toy |for Home/Schoo...","4.0","2034","248.00","499.00","Tablet","Budget","Good","Moderate"
"Dell Vostro 3420 Laptop,12th Gen Intel Core i3-1215U, 8GB & 512GB SSD, 14.0"" (35.56Cms) FHD WVA AG 250 nits, Windows 11 + ...","4.2","122","42990.00","61817.00","Laptop","Premium","Good","Low"
"ProElite Smart Flip Case Cover for Apple iPad Air 5th/4th Generation 10.9 inch , Translucent Back, Dark Blue","4.3","2847","599.00","1999.00","Tablet","Budget","Good","Moderate"
"Mercusys MW300RE Wireless Repeater WiFi Booster | MIMO Technology | Three External Antennas | 300Mbps Speed Wi-Fi Range Ex...","3.8","4618","1099.00","1999.00","Networking","Economy","Average","Moderate"
"boAt Rockerz 255F Sports Wireless in Ear Earphones with Mic, Super Extra Bass, IPX5 Water & Sweat Resistance and Up to 6H ...","3.8","2383","1299.00","2990.00","Other","Economy","Average","Moderate"
"Sony NWZ-B183F Walkman 4GB Digital Music Player with FM, 20 hours of battery life (Black)","4.3","3606","3999.00","4990.00","Other","Economy","Good","Moderate"
"Mivi DuoPods A350 Earbuds- 50hrs Playtime True Wireless in Ear Earbuds with mic. Rich Bass, 13mm Dynamic Drivers, Fast Cha...","3.4","6704","1299.00","2999.00","Earbuds","Economy","Average","Popular"
"WOW Imagine Shockproof Crystal Clear 1+ OnePlus Nord CE 2 5G Back Cover Case | 360 Degree Protection | Transparent Mobile ...","3.9","1867","199.00","999.00","Mobile Phone","Budget","Average","Moderate"
"Beetel B17 Corded Landline Phone, Ringer Volume Control, LED for Ring Indication, Wall/Desk Mountable,Elegant Design,Clear...","3.9","32568","549.00","749.00","Other","Budget","Average","Very Popular"
"Tabelito® Laptop Bag For Men and women Briefcase 15.6 Inch (39.6 cm) Messenger Side Shoulder Travel bags for mens Water Re...","4.0","2450","549.00","999.00","Laptop","Budget","Good","Moderate"
"REDTECH Newly Launched FireBolt 360 SpO2 Smart Watch Charger 2 Pin USB Fast Charger Magnetic Charging Cable Adapter (Smart...","3.9","46","199.00","999.00","Smartwatch","Budget","Average","Low"
"Spigen TPU Rugged Armor Back Cover, Compatible for Samsung Galaxy S21 FE 5G - Matte Black","4.5","1394","1099.00","1499.00","Mobile Phone","Economy","Excellent","Moderate"
"JETLIFE Premium Mobile Handlebar Holder / Pouch-Bag for All Scooters Scooty Activa Jupiter EV's | Universal X2 Model (Poly...","4.3","3732","499.00","799.00","Mobile Phone","Budget","Good","Moderate"
"Amozo Designed for iPhone 14 / iPhone 13 Cover | Matte Ultra Hybrid Compatible for iPhone 14 / iPhone 13 Back Cover Case C...","4.3","214","474.00","1499.00","Mobile Phone","Budget","Good","Low"
"OpenTech® Tempered Glass Screen Protector Compatible for Samsung Galaxy M51 / M52 / M62 / F62 / A71 with Edge to Edge Cove...","4.0","9927","299.00","999.00","Mobile Phone","Budget","Good","Popular"
"Oraimo 20W Type C Fast Charger PD 3.0 USB C Wall Adapter,Compatible for iPhone Charger14,13/13 Mini/13 Pro Max/12/12 Pro M...","4.4","1786","699.00","2499.00","Mobile Phone","Budget","Good","Moderate"
"ESR (2-Pack) Paper-Feel Screen Protector for iPad Air 4 2020 /iPad Pro 11 2020 & 2018, [Supports Apple Pencil] [Write & Dr...","4.3","2402","1614.00","2099.00","Tablet","Economy","Good","Moderate"
"Brother DCP-T820DW - Wi-Fi & Auto Duplex Color Ink Tank Multifunction (Print, Scan & Copy) All in One Printer for Home & O...","4.4","655","18799.00","21590.00","Printer","Mid Range","Good","Low"
"Episkey Cleaner Pen Kit for Airpods, 3 in 1 Multifunction Bluetooth Earbuds Cleaning Pen with Soft Brush, Portable Cleanin...","4.3","85","169.00","599.00","Earbuds","Budget","Good","Low"
"TheGiftKart Ultra-Hybrid Crystal Clear Back Case Cover for Samsung Galaxy S23 ULTRA 5G | Shockproof Design | Camera Protec...","4.8","64","399.00","999.00","Mobile Phone","Budget","Excellent","Low"
"Marcelle microSDXC Ultra Card 128GB, 140MB/s","5.0","1","699.00","2500.00","Other","Budget","Excellent","Low"
"Samsung Galaxy Buds2 Pro, Bluetooth Truly Wireless in Ear Earbuds with Noise Cancellation (Bora Purple, with Mic)","4.4","1708","16990.00","19999.00","Mobile Phone","Mid Range","Good","Moderate"
"ZEBRONICS Zeb-HAA1520 (1.5 Meter) HDMI Cable Supports 3D, 4K, ARC & CEC Extension, Compatible with HDMI-Enabled TV, Blu-ra...","4.3","4217","349.00","899.00","Other","Budget","Good","Moderate"
"Qubo Outdoor Security Camera (Black) from Hero Group | Made in India | IP65 All-Weather | 2MP 1080p Full HD | CCTV Wi-Fi C...","4.0","5772","2990.00","4290.00","Television","Economy","Good","Popular"
"DR VAKU® 30W Original USB Type C Charger PD Technology Fast Mobile Wall Charging Adapter with 3.0 Power Delivery, BIS Cert...","4.4","2791","999.00","1999.00","Mobile Phone","Budget","Good","Moderate"
"AEIDESS Tempered Glass Screen Protector Compatible For iPhone 13 and for iPhone 13 Pro with Edge to Edge Coverage and Easy...","4.1","4097","149.00","999.00","Mobile Phone","Budget","Good","Moderate"
"realme Narzo 50 Pro 5G (Hyper Blue 8GB RAM+128GB Storage) Dimensity 920 5G Processor |90Hz Super AMOLED Display","4.1","5622","19480.00","23999.00","Mobile Phone","Mid Range","Good","Popular"
"Dyazo 12 W 3 Port USB Car Charger Adapter with Smart ic Compatible for Oppo, Vivo, Redmi,iPhone, Samsung and All Other Sma...","4.4","24","149.00","799.00","Mobile Phone","Budget","Good","Low"
"CASOSHIELD Screen Guard Film Designed For Apple MacBook Air 13 inches (2018-2021 / M1) A1932 A2179 A2337 Touch ID Screen P...","3.7","483","499.00","1999.00","Laptop","Budget","Average","Low"
"SOOPII Desktop Grade-A Quality Mobile Phone + Tablet Tabletop Stand, Mobile Holder, Adjustable & Foldable, Aluminum Stand ...","4.1","2126","395.00","1999.00","Mobile Phone","Budget","Good","Moderate"
"OUXUS USB all types smartwatch charger cable for boat watch charger & boat xtend watch charger & boat storm watch charger-...","5.0","2","99.00","599.00","Smartwatch","Budget","Excellent","Low"
"MegaStro® Laptop Stand for Desk with 7 Adjustable Angles, Aluminum Ergonomic Foldable Portable Compatible with All Brands ...","4.6","456","799.00","2499.00","Laptop","Budget","Excellent","Low"
"Sounce Silicone Protective Case Cover for OnePlus Buds Z TWS, Anti Fall Anti Dust, with Hook Earphone Case [Case Cover onl...","3.5","5098","249.00","999.00","Mobile Phone","Budget","Average","Popular"
"DIZO Watch D2 Power (by realme TechLife) –Large 1.91"" Superlight, Single Chipset Bluetooth Calling Smartwatch with Smart S...","3.6","74","1799.00","5999.00","Mobile Phone","Economy","Average","Low"
"SEMINES Tabletop Laptop Stand 7 Height Adjustable, Aluminium, Ventilated, Foldable, Portable Laptop Holder for Desk & Tabl...","3.7","26","349.00","1699.00","Laptop","Budget","Average","Low"
"DR VAKU® 20W iPhone Charger Type C Adapter for iPhone 14/14 Plus/14 Pro/14 Pro Max,13/13 Pro/13 Mini,12/12 Mini,11 Series ...","4.4","11273","899.00","1599.00","Mobile Phone","Budget","Good","Very Popular"
"BONACE Strap for Samsung Galaxy Watch 4/5 40/44mm/Classic 42/46mm,20mm Metal Replacement Strap for Samsung Watch 4/5 Pro S...","4.1","312","1231.00","2399.00","Mobile Phone","Economy","Good","Low"
"boAt Rockerz 450 Captain America Edition 15 Hours Battery, 40mm Drivers, Padded Ear Cushions, Easy Access Controls and Voi...","4.1","111019","1799.00","3990.00","Other","Economy","Good","Very Popular"
"SeCro 3.5mm Female to 6.35mm Male Plug Stereo Audio Auxiliary Jack Converter for Charging Adapter (Golden)","3.9","4236","195.00","295.00","Accessories","Budget","Average","Moderate"
"HSR Car Accessories Multifunction Phone GPS Holder Anti-Slip Silicone Pad and Car Mobile Holders for Car Dashboard","3.7","5402","587.00","899.00","Mobile Phone","Budget","Average","Popular"
"PAGARIA Portable FM/AM/SW Radio with 5 Watts Sound, Bluetooth/USB/TF, Earphone Port & Torch","4.0","142","1424.00","1990.00","Other","Economy","Good","Low"
"Gizga Essentials Hard Drive Case Shell, 6.35cm/2.5-inch, Portable Storage Organizer Bag for Earphone USB Cable Power Bank ...","4.5","4311","299.00","699.00","Accessories","Budget","Excellent","Moderate"
"Apple Watch Series 8 [GPS 45 mm] Smart Watch w/Midnight Aluminium Case with Midnight Sport Band. Fitness Tracker, Blood Ox...","4.6","578","45900.00","48900.00","Smartwatch","Premium","Excellent","Low"
"FEDUS 9.5V 1 Amp AC/DC Power Adapter for Cesio Keyboards with 6.5 Feet Extra-Long Power Cord Piano Adapter Power Supply fo...","3.8","152","399.00","499.00","Accessories","Budget","Average","Low"
"Rapidotzz Pack of 3 Replacement Belts/Straps Compatible for Fitbit Charge2 Bands Replacement Wristband Straps (Set 3)","4.0","1630","379.00","1499.00","Other","Budget","Good","Moderate"
"TP-Link Powered USB Hub with 7 Data Smart Charging USB 3.0 Ports, Compatible with Windows, Mac OS X and Linux Systems, 5V/...","4.5","12933","1997.00","4999.00","Other","Economy","Excellent","Very Popular"
"Consistent 500 GB Hard Disk for Desktop","3.5","1077","909.00","2590.00","Other","Budget","Average","Moderate"
"TheGiftKart Polycarbonate Thermoplastic Polyurethane Shockproof Crystal Clear Back Cover Case for OnePlus 7T | 360 Degree ...","4.5","316","284.00","999.00","Mobile Phone","Budget","Excellent","Low"
"STABILO Swing Cool Highlighter Pen Pastel - Pack of 4 (Assorted Colours)","4.5","29154","501.50","590.00","Other","Budget","Excellent","Very Popular"
"ZOUK Women Office Bag Mandala Multicolor","4.2","120","1699.00","4863.00","Other","Economy","Good","Low"
"Parker Vector Mettalix Fountain Pen (Blue) with Free Blue Quink Ink Bottle","4.3","6471","534.00","550.00","Other","Budget","Good","Popular"
"SupCares Edge to Edge Tempered Glass for Samsung Galaxy M53 and Galaxy M52 (6.7 Inch) with Easy Self Installation Kit | Black","4.2","876","289.00","799.00","Mobile Phone","Budget","Good","Low"
"V-Guard Sesto 600 UPS for Power Backup & Protection | Capacity 600VA/300W | Working Range 140-300 VAC (Black)","3.9","1658","2893.00","3550.00","Other","Economy","Average","Moderate"
"OpenTech® Tempered Glass Screen Protector Compatible for Samsung Galaxy M53 5G with Edge to Edge Coverage and Easy Install...","4.2","562","299.00","999.00","Mobile Phone","Budget","Good","Low"
"Tizum Hard Shell EVA Headphone Carrying Case for Universal Oversized Over-Ear Headset, Shockproof, Water Repellent, Anti-P...","4.5","3385","799.00","1699.00","Headphones","Budget","Excellent","Moderate"
"Mobilife Selfie Stick with Light,Long Selfie Stick with Tripod Stand 100cm Plus Bluetooth Extandable Selfie Stick Tripod R...","4.1","466","949.00","2199.00","Other","Budget","Good","Low"
"Amazon Basics Adjustable Portable Laptop Table, Bed Table, Notebook Stand, Laptop Standing Desk, Portable Standing Table w...","3.7","2456","1399.00","3999.00","Laptop","Economy","Average","Moderate"
"Portronics My Buddy K5 Portable Laptop Tabletop Stand with Aluminium Frame, Adjustable Height, Compatible with All Laptops...","4.6","537","2099.00","3499.00","Laptop","Economy","Excellent","Low"
"Swan® 37 Key Melodica with Case, (Black)","4.4","1243","1559.00","2499.00","Other","Economy","Good","Moderate"
"CASE PLUS USB Type C to 3.5 mm Jack Audio Connector, Noise Cancelling Headphones Jack Converter Audio Adapter for OnePlus ...","3.2","19053","199.00","1999.00","Mobile Phone","Budget","Average","Very Popular"
"Nokia 105 Dual SIM (Black)","4.0","24909","1579.00","1899.00","Other","Economy","Good","Very Popular"
"EGOTUDE Shock Proof Hard Back Soft Air Corner Bumper Anti-Scratch Cover Case for iPhone 12 & iPhone 12 Pro 6.1 inch (Trans...","4.2","948","284.00","999.00","Mobile Phone","Budget","Good","Low"
"JioFi Jio Phone Next 32 GB ROM, 2 GB RAM, Blue, Smartphone","3.6","361","4499.00","7299.00","Mobile Phone","Economy","Average","Low"
"ENVIE® (ECR-20 MC) Cooper Rechargeable Battery Charger for AA & AAA Ni-mh Batteries with LED Indicator","3.8","15284","279.00","375.00","Accessories","Budget","Average","Very Popular"
"Dyazo Laptop Sleeve 15.6 inches, Durable Shockproof Neoprene Case Cover Carrying Bag Case with Pockets Compatible for HP/C...","4.3","494","299.00","999.00","Laptop","Budget","Good","Low"
"URBN Micro USB 3.4 Amp | 20W Fast Charging Cable | Unbreakable Rugged & Nylon Braided | Quick Charge (QC) Compatible | Mad...","4.0","291","79.00","499.00","Other","Budget","Good","Low"
"Ant Esports MK1500 Mini 60% Pro Wireless Gaming Keyboard with Membrane Switches- White","3.8","123","1399.00","3999.00","Accessories","Economy","Average","Low"
"Hisense 139 cm (55 inches) Tornado 2.0 Series 4K Ultra HD Smart LED Google TV 55A7H (Silver)","4.3","471","40999.00","69990.00","Television","Premium","Good","Low"
"M10 Premium TWS Bluetooth 5.1 Noise Canceling In Ear Earbuds LED Display & Power Bank Bluetooth Headset","2.9","278","548.00","799.00","Earbuds","Budget","Poor","Low"
"insta360 X3 Action Camera, 1/2"" Sensor, 5.7K 360 Capture, Optical Zoom 3X, 72 MP 360 Photo, 4K Single Lens Mode, Black","4.3","160","46990.00","51999.00","Camera","Premium","Good","Low"
"boAt LTG 500 Apple MFI Certified for iPhone, iPad and iPod 2Mtr Data Cable(Space Grey)","4.1","6797","799.00","999.00","Mobile Phone","Budget","Good","Popular"
"Omron MC 343 Flexible Tip Digital Thermometer With Quick Measurement of Oral, Underarm Temperature in Celsius & Fahrenhei...","4.0","615","350.00","399.00","Other","Budget","Good","Low"
"Parker Vector GT Fountain Pen, Matte Black","4.2","2304","739.00","750.00","Other","Budget","Good","Moderate"
"Robustrion Deer Pattern Flip Stand Case Cover with S Pen Holder for Samsung Galaxy Tab S6 Lite 10.4 inch SM-P610/P615 - De...","4.5","2969","549.00","1999.00","Mobile Phone","Budget","Excellent","Moderate"
"BROLAVIYA Cell Phone Tablet Tabletop Stand, Gooseneck Flexible Clip Lazy Arm Bracket for Both Mobiles and Tablets Fits Dev...","4.3","2881","896.00","1999.00","Mobile Phone","Budget","Good","Moderate"
"HAMMER KO Pro Bluetooth Earbuds with Upto 20H Playtime, ENC, Fast Charging Type-C, IPX4 Water Resistant, Bluetooth v5.3, T...","4.0","140","1495.00","5999.00","Earbuds","Economy","Good","Low"
"Robustrion Anti-Scratch & Smudge Proof Premium Tempered Glass Screen Protector for Lenovo Tab P11 11 inch(27.9cm) TB-J606...","4.2","258","349.00","1499.00","Other","Budget","Good","Low"
"E-Zilla Ring Lights 10"" Portable LED Selfie Lights (26cm) for Camera, Phone, TIK Tok, YouTube Video Shooting. Makeup Ring ...","3.6","143","340.00","999.00","Camera","Budget","Average","Low"
"BROLAVIYA Overhead Video Mobile Stand, Metal Long Arm,1/4"" Ball Head Male for Camera,Gopro Webcams,Mobile Bracket for Vide...","4.3","2881","1174.00","1499.00","Mobile Phone","Economy","Good","Moderate"
"STABILO Swing Cool Highlighter Pen Pastel - Pack of 6 (Assorted Colours)","4.5","29154","752.25","885.00","Other","Budget","Excellent","Very Popular"
"TheGiftKart Flip Back Cover Case for OnePlus Nord CE 2 LITE 5G | Dual-Color Leather Finish | Inbuilt Stand & Pockets | Wal...","4.2","581","299.00","999.00","Mobile Phone","Budget","Good","Low"
"AmazonBasics 9 Volt Everyday Alkaline Batteries (4-Pack)","4.3","170793","429.00","600.00","Other","Budget","Good","Very Popular"
"OneAssist Mobile 1 Year Extended Warranty Plan - 10001 to 15000","4.0","64","499.00","999.00","Mobile Phone","Budget","Good","Low"
"POPIO Flexible PET Screen Guard Protector Compatible for Apple Watch Series 7 (Black), Pack of 1, 45mm","3.1","1259","150.00","599.00","Other","Budget","Average","Moderate"
"SoniVision SA-D10 SA-D100 SA-D40 Home Theater Systems Remote Compatible with Sony RM-ANU156","4.0","505","249.00","499.00","Other","Budget","Good","Low"
"Fire-Boltt 360 SpO2 Full Touch Large Display Round Smartwatch with in-Built Games, 8 Days Battery Life, IP67 Water Resista...","4.0","15651","1799.00","8999.00","Monitor","Economy","Good","Very Popular"
"HOMAVA Dummy Fake Wired Security CCTV Dome Camera with Flashing Red LED Light,11.5 X 11.5 X 7.2 cm, Black","4.0","347","199.00","399.00","Television","Budget","Good","Low"
"Cello Aspro Mavro Ball Pens | Pack of 25 | BlueBall Pens| Smooth Ball Pens | Long-lasting ball pens | Classy and stylish b...","4.0","4905","174.00","250.00","Other","Budget","Good","Moderate"
"Sounce USB Charger Charging Magnetic Dock 1 Meter Cable for Honor Band 5, 4, 3, Band 2 Pro, Huawei Band 3 Pro","4.3","1928","249.00","999.00","Accessories","Budget","Good","Moderate"
"Spigen USB C Car Charger, 45W Dual Port Car Charger Fast Charge (PD Charging 27W + Quick Charge 18W) Type C Car Adapter fo...","4.5","5053","1399.00","1999.00","Accessories","Economy","Excellent","Popular"
"Cosmic Byte CB-GK-26 Pandora TKL Mechanical Keyboard Upgraded with Swappable Outemu Red Switches & Rainbow LED (Black/Grey)","4.2","431","1699.00","2149.00","Accessories","Economy","Good","Low"
"Sounce New Version Screen Expanders & Screen Magnifier Amplifier,3D HD New Phone Holder for Smartphones- with 1 Year Repla...","3.3","2004","379.00","999.00","Mobile Phone","Budget","Average","Moderate"
"VMPS 1 Year Warranty AC Remote Compatible for Lloyd Voltas Onida Godrej Videocon Gree Electrolux Ac Remote 1.5 Ton","4.5","76","449.00","999.00","Other","Budget","Excellent","Low"
"Apple Watch SE (2nd Gen) GPS 44mm Midnight Aluminium Case with Midnight Sport Band - Regular","4.6","410","30400.00","32900.00","Other","Premium","Excellent","Low"
"ZEBRONICS Zeb-Envy Bluetooth Wireless Over Ear Headphones with Mic with 33 hrs Playback time, Voice Assistant, with Detach...","3.8","1848","1499.00","3299.00","Headphones","Economy","Average","Moderate"
"Irusu Play VR Plus VR Headset with Headphones,40MM HD Lens for Mobiles (with Remote)","3.5","2005","2577.00","3500.00","Mobile Phone","Economy","Average","Moderate"
"Generic Y-68 Water Proof Bluetoth Smart Watch Fitness Band for Boys, Girls, Men, Women & Kids | Sports Watch for All Smart...","3.0","22","499.00","1989.00","Smartwatch","Budget","Average","Low"
"Brother DCP-T426W - Wi-Fi Color Ink Tank Multifunction (Print, Scan & Copy) All in One Printer for Home","4.1","1287","12499.00","15590.00","Printer","Mid Range","Good","Moderate"
"Vichaxan Compact Binoculars, Small Folding Binoculars, Large Eyepiece Easy Focus for Kids Adults Bird Watching Travel Hunt...","4.9","10","598.00","1299.00","Other","Budget","Excellent","Low"
"Emrse AC Remote Control Compatible for Hitachi Window and Split Air Conditioner (AC 59)(Please Match The Image with Your O...","4.1","422","499.00","1049.00","Other","Budget","Good","Low"
"ESR Rebound Magnetic Case Compatible with iPad Pro 11 Inch (2022/2021/2020, 4th/3rd/2nd Generation), Convenient Magnetic A...","4.5","15229","1899.00","3099.00","Tablet","Economy","Excellent","Very Popular"
"SAIJI Gooseneck Cell Phone Holder, Universal Clamp Lazy Mount Clip Hands Free Flexible Long Arm Bracket Grip for 4.0-6.3 P...","4.1","17077","999.00","1499.00","Other","Budget","Good","Very Popular"
"C14 Thermal Paste 13.6 W/m*K - (2.0 Gram) Subzero Overclocking ™ Stage-1 Kit","4.4","286","369.00","699.00","Other","Budget","Good","Low"
"EGOTUDE Shock Proof Crystal Clear Hard Back Hybrid Soft Bumper Anti Scratch Cover Case for iPhone XR (Transparent)","4.3","2242","332.00","999.00","Mobile Phone","Budget","Good","Moderate"
"CASENED Tempered Glass Camera Lens Protector For Iphone 14/14 Plus, 9H Premium Tempered Glass, Aviation Aluminum Camera Pr...","4.0","60","199.00","1499.00","Mobile Phone","Budget","Good","Low"
"Hierusre Ultra Thin Transparent Tempered Glass Camera Lens Protector for iPhone 13 Pro, iPhone 13 Pro Max, iPhone 13 Mini ...","4.0","830","209.00","999.00","Mobile Phone","Budget","Good","Low"
"DJI OSMO Mobile SE Intelligent Gimbal 3-Axis Phone Gimbal Portable and Foldable Android and iPhone Gimbal with ShotGuides ...","4.3","7257","9999.00","12999.00","Mobile Phone","Mid Range","Good","Popular"
"boAt Type-c A400 Type-C to USB A Cable for All Type C Phones (Lg nexus 5x), 1Mtr (Grey)","4.3","21136","349.00","699.00","Other","Budget","Good","Very Popular"
"Toshiba 108 cm (43 inches) V Series Full HD Smart Android LED TV 43V35KP (Silver)","4.3","1932","21999.00","34990.00","Television","Premium","Good","Moderate"
"ZEBRONICS Zeb-Jaguar Wireless Mouse, 2.4GHz with USB Nano Receiver, High Precision Optical Tracking, 4 Buttons, Plug & Pla...","4.1","3420","399.00","1920.00","Accessories","Budget","Good","Moderate"
"ZORBES® 3 Pairs Replacement Ear Buds Tips, Silicone Earbud Tips for Airpods Pro,Silicone Earbud Tips for Airpods pro，Ear F...","2.9","112","448.00","559.00","Earbuds","Budget","Poor","Low"
"LS LAPSTER Quality Assured Indian Style Plug Adapter Duck Head for Power Adapters of MacBook,Powerbook, Pro, Air, iPod, iP...","4.3","1363","376.00","999.00","Laptop","Budget","Good","Moderate"
"Rapidotzz Band Straps - 2 Pcs (Black, Unisex) | Removable Straps ONLY for Amazfit Bip ,Bip 2, GTS, GTS 2 , Bip U , Galaxy ...","3.9","11227","389.00","1499.00","Mobile Phone","Budget","Average","Very Popular"
"Crucial RAM 8GB DDR4 3200MHz CL22 (or 2933MHz or 2666MHz) Desktop Memory CT8G4DFRA32A","4.3","1830","1655.00","3600.00","Other","Economy","Good","Moderate"
"Wayona Usb Type C To Usb Nylon Braided Quick Charger Fast Charging Short Cable For Smartphone (Samsung Galaxy S21/S20/S10/...","4.3","6431","309.00","999.00","Mobile Phone","Budget","Good","Popular"
"Philips Audio TAE1107BK Wired in-Ear Earphones with Built in Mic, Ergonomic Comfort-Fit | 10mm Drivers, 1.2m Durable Cabl...","3.6","8","289.00","399.00","Other","Budget","Average","Low"
"NISHTECH for Google Pixel 6A (2022) Crystal Clear Premium TPU Transparent Back case Cover","4.0","304","149.00","699.00","Mobile Phone","Budget","Good","Low"
"GENERIC Ultra-Mini Bluetooth CSR 4.0 USB Dongle Adapter for Windows Computer ( Black:Golden)","3.4","4730","185.00","349.00","Accessories","Budget","Average","Moderate"
"Junkyard Vinyl Anime Stickers for Laptop Gadgets Kids (Pack of 100)","4.0","1","299.00","499.00","Laptop","Budget","Good","Low"
"realme Buds Wireless in-Ear Bluetooth Earphones with mic (Blue)","4.1","73092","1799.00","1999.00","Mobile Phone","Economy","Good","Very Popular"
"Aroma® NB119 Titanium Bluetooth Wireless Headset In Ear Neckband with Long Lasting Playtime 48 Hrs, Smart Voice Assistant,...","3.4","183","499.00","2499.00","Headphones","Budget","Average","Low"
"SWAPKART Bluetooth Remote Controller Shutter Button for Selfie Click & Portable for iOS, Android Devices (Random Colour)","4.3","405","175.00","499.00","Other","Budget","Good","Low"
"Canon PG-745XL Ink Cartridge (Black)","3.9","7903","1337.00","1450.00","Other","Economy","Average","Popular"
"AEIDESS Tempered Glass Screen Guard Compatible for Samsung Galaxy S23 Ultra with Edge to Edge Full Screen Coverage With In...","4.2","312","299.00","999.00","Mobile Phone","Budget","Good","Low"
"Screen Magnifier for Smartphone – Mobile Phone 3D HD Magnifier Screen Expanders for Movies, Videos, and Gaming – Foldable ...","2.4","113","169.00","999.00","Mobile Phone","Budget","Poor","Low"
"EDYELL C5S True Wireless Earbuds, ENC Nosie Cancelling HD Mic, LED Power Display, 120 Hours Playtime 3500mah Charging Cas...","4.3","55","1699.00","5999.00","Earbuds","Economy","Good","Low"
"Ambrane 20W Type C Charger/Adapter, PD Technology Fast Charging for iPhone 8 or Above, Android & Other Type C Enabled Devi...","4.0","1634","599.00","999.00","Mobile Phone","Budget","Good","Moderate"
"Samsung Galaxy Tab A8 26.69 cm (10.5 inch) Display, RAM 4 GB, ROM 64 GB Expandable, Wi-Fi Tablet, Silver, (SM-X200NZSEINU)","4.3","3191","15999.00","23999.00","Mobile Phone","Mid Range","Good","Moderate"
"SanDisk Ultra UHS I 128GB SD Card 140MB/s for DSLR and Mirrorless Cameras, 10Y Warranty","4.4","68198","1189.00","2400.00","Camera","Economy","Good","Very Popular"
"Matlek Bluetooth in Ear Earbuds TWS | Deep Bass Earphones | 15 Hours Non Stop with Case Battery Headphones | Low Latency f...","3.4","117","549.00","1490.00","Earbuds","Budget","Average","Low"
"Tough Lee Tempered Glass Screen Guard Protector for Apple iPad Air 5 5th Generation 2022, Air 4 4th Gen 2020 10.9 inch, iP...","4.2","726","331.00","999.00","Tablet","Budget","Good","Low"
"Parker Vector Standard Calligraphy CT Fountain Pen (Black), 1 Count (Pack of 1) (9000017373)","4.2","3966","396.00","550.00","Other","Budget","Good","Moderate"
"Mongoora Universal Air Vent Car Phone Mount Holder - Updated Version for Any Smartphone - Car Cell Phone Holder - Vent Pho...","4.0","5061","499.00","1400.00","Mobile Phone","Budget","Good","Popular"
"GM 3011 2 Pin Travel Universal Multi-Plug with Surge Protector & Indicator","4.4","4458","190.00","200.00","Other","Budget","Good","Moderate"
"TheGiftKart Back Cover Case for Samsung Galaxy S21 FE 5G Back Cover Case | Soft Silicon Rubberised Matte Cover | Protectiv...","3.9","106","299.00","999.00","Mobile Phone","Budget","Average","Low"
"Urban Wolf Tech Pouch: The All-in-One Waterproof Travel Organizer for Cables, Adapters, Chargers, Power Banks, SD Cards, H...","4.4","26","719.00","1149.00","Accessories","Budget","Good","Low"
"DIGITEK® 3-Axis Handheld Gimbal Stabilizer for Smartphones & Gopro with Face & Object Tracking Motion, Various Time Lapse ...","3.5","2350","5999.00","10995.00","Mobile Phone","Mid Range","Average","Moderate"
"Dyazo Height and Angle Adjustable Tripod Stand Holder for Mobile Phones & Camera, Aluminum Travel Tripod for Smart Phones/...","3.3","302","348.00","999.00","Mobile Phone","Budget","Average","Low"
"ELV Small Adjustable Mobile Phone Stand, Phone Stand for Desk, Cradle Dock Mount, Aluminum Desktop Stand Compatible with A...","4.5","29730","199.00","699.00","Mobile Phone","Budget","Excellent","Very Popular"
"CEDO Samsung M30 Back Cover | Matte Soft Silicon Flexible | Camera Bump Protection | All Side Shock Proof Rubberised Back ...","4.2","3729","149.00","999.00","Camera","Budget","Good","Moderate"
"Wayona 3in1 Nylon Braided 66W USB Fast Charging Cable with Type C, Lightening and Micro USB Port, Compatible with iPhone, ...","4.0","344","449.00","549.00","Mobile Phone","Budget","Good","Low"
"Acer Aopen 20CH1Q 19.5-Inch (49.53 Cm) HD Backlit LED LCD 1366 X 768 Pixels Monitor I 200 Nits Brightness I 5MS Response, ...","3.9","3781","5365.00","11500.00","Mobile Phone","Mid Range","Average","Moderate"
"CP PLUS Weatherproof Outdoor Wired Bullet Security Camera | 2.4 MP| 3.6 MM Lens for Wide Angle | 1080P Full HD Recording |...","3.6","88","999.00","2800.00","Camera","Budget","Average","Low"
"EvoFox Frost Laptop Cooling Pad with Silent Fans, 5 Adjustment Level, Silicon Pads, Iron mesh and Blue LED Lights, 2 USB P...","4.3","127","889.00","1499.00","Laptop","Budget","Good","Low"
"Syska HS6810Pro SalonFinish Hair Straightener with Ceramic Coating Aluminium Plate, PTC Technology, 360degree Swivel Cord ...","4.2","23","899.00","1599.00","Other","Budget","Good","Low"
"AmazonBasics laptopss Sleeve Case Cover Pouch for 13-inches laptopsss for Men and Women | Slim Profile Neoprene, Soft Puff...","4.3","1559","359.00","1099.00","Laptop","Budget","Good","Moderate"
"Gizga Essentials Power Extension Board 8 USB 4.2A Ports, 2 PD 20W Ports, 4 Universal Thermal Trip Electrical Multi Plug So...","4.0","146","1299.00","2599.00","Other","Economy","Good","Low"
"HP Laserjet 108w Single Function Monochrome Laser Wi-Fi Printer For Home/Office, Compact Design, Printing","4.2","1471","13299.00","14367.00","Printer","Mid Range","Good","Moderate"
"Fire-Boltt Quantum 1.28"" Bluetooth Calling Smartwatch with High Resolution of 240 * 240 Px & TWS Connection, SpO2 Tracking...","4.0","1162","4999.00","19999.00","Earbuds","Economy","Good","Moderate"
"ABOUTTHEFIT Faux Leather Lenovo Tab M8 TB-8505 Flip Cover for Tablets Heavy Duty Tri-Fold Hard Kid Proof Cover PU Ultra Sl...","4.2","1516","349.00","1499.00","Tablet","Budget","Good","Moderate"
"PopSockets Basic PopGrip – Black","4.5","985","499.00","599.00","Other","Budget","Excellent","Low"
"Winble Silicone Back Cover for OnePlus Nord CE 2 Lite 5G Camera Protection Soft Silicon Protective Back Cover Case for One...","4.0","290","299.00","999.00","Mobile Phone","Budget","Good","Low"
"Nokia C01 Plus 4G, 5.45” HD+ Screen, Selfie Camera with Front Flash | 32GB Storage (Grey)","3.4","3361","5779.00","7999.00","Camera","Mid Range","Average","Moderate"
"Skullcandy Dime True Wireless in-Ear Bluetooth Earbuds Compatible with iPhone and Android/Charging Case and Microphone/Gre...","3.4","41533","2499.00","7499.00","Mobile Phone","Economy","Average","Very Popular"
"Portronics Chicklet POR-973 Foldable QWERTY Keyboard, Mini Pocket Sized, Rechargeable, Bluetooth Wireless, One Touch Conne...","4.1","1431","1139.00","1999.00","Accessories","Economy","Good","Moderate"
"IFB 30 L Convection Microwave Oven (30BRC2, Black, With Starter Kit)","4.3","5161","14390.00","19390.00","Other","Mid Range","Good","Popular"
"Tukzer 3-in-1 USB Type C HUB to HDMI 4K@30Hz, 100W PD Fast Charging, USB A 3.0, 5Gbps Data Sync, MultiPort Adapter for Mac...","4.3","2543","1139.00","2399.00","Accessories","Economy","Good","Moderate"
"tizum HDMI to VGA/AV Adapter Cable 1080P for Projector, Computer, Laptop, TV, Projectors & TV","3.7","11431","299.00","749.00","Laptop","Budget","Average","Very Popular"
"7SEVEN® Compatible for Sony Bravia LCD LED UHD OLED QLED 4K Ultra HD TV remote control with YouTube and NETFLIX Hotkeys. U...","3.8","297","399.00","899.00","Television","Budget","Average","Low"
"Tough Lee Tempered Glass Screen Guard Protector for Samsung Galaxy Watch 4 44MM / Samsung Galaxy Watch 5 44MM / Realme Wat...","4.2","56","142.00","999.00","Mobile Phone","Budget","Good","Low"
"Lapster CAsing-Black External 6.35 cm (2.5"") sata to USB Hard Disk Drive , HDD casing for Laptop - Multi Colour","3.8","1334","307.00","999.00","Laptop","Budget","Average","Moderate"
"TheGiftKart Shockproof Crystal Clear Back Cover Case for Vivo V27 / V27 PRO 5G | 360 Degree Protection | Protective Design...","5.0","1","199.00","999.00","Mobile Phone","Budget","Excellent","Low"
"Ant Esports KM500 Pro Backlit Gaming Keyboard and Mouse Set","4.4","23","1199.00","2999.00","Accessories","Economy","Good","Low"
"CLAVIER Super Bass in-Ear Earphones with Mic for All Smartphones with Rich Bass & Noise Cancellation (Black)","4.0","9","149.00","599.00","Mobile Phone","Budget","Good","Low"
"Florican Portable Invisible Laptop Riser Stand | Mini Aluminum Cooling Pad, Lightweight Laptop Desk Stand for MacBook, Len...","4.2","164","379.00","1299.00","Laptop","Budget","Good","Low"
"AmazonBasics Extension Board with 4 Sockets, 6A, 1.5m ISI Certified Cable, Individual Switch, 240 Volt, Grey","4.1","27","449.00","889.00","Other","Budget","Good","Low"
"Eveready Rechargeable battery - 1000 Series AAA - Pack of 2","4.1","306","214.00","225.00","Other","Budget","Good","Low"
"Seagate One Touch 5TB External HDD with Password Protection – Light Blue, for Windows and Mac, with 3 yr Data Recovery Ser...","4.5","28685","9799.00","12999.00","Other","Mid Range","Excellent","Very Popular"
"Pikkme Flip Cover for Samsung Galaxy M21 2021 / M30s / M21 (Faux Leather | Brown)","4.1","4918","199.00","999.00","Mobile Phone","Budget","Good","Moderate"
"JBL Endurance Race True Wireless in Ear Earbuds, Active Sports Earbuds with Mic, 30Hrs Playtime, IP67 Water & Dustproof, S...","4.2","25356","4488.00","7999.00","Earbuds","Economy","Good","Very Popular"
"Lapster Speedo Type Non-Slip Rubber Base Mouse Pad with Antifray Stitched Embroidery Edges for Laptop PC - (240mm x 200mm ...","4.2","1847","149.00","999.00","Laptop","Budget","Good","Moderate"
"Noise Newly Launched Two On-Ear Headphones with 50 Hours Playtime, Low Latency(up to 40ms), 4 Play Modes, Dual Pairing, BT...","3.8","718","1499.00","4999.00","Headphones","Economy","Average","Low"
"TEC TAVAKKAL Card Reader, USB 3.0 All-in-1 USB 3.0/USB C/Micro USB Card Reader - SD, Micro SD, SDHC, Micro SDHC, Micro SDX...","4.1","692","344.00","1100.00","Other","Budget","Good","Low"
"POPIO Edge To Edge Full Screen Coverage Tempered Glass Screen Protector for Fossil Carlyle/Julianna GEN 5 Digital Smartwat...","4.0","1975","251.00","599.00","Other","Budget","Good","Moderate"
"Acko 1 Year Extended Warranty for Appliances below 10,000 (Email Delivery)","4.0","990","249.00","449.00","Other","Budget","Good","Low"
"ARTBRIZ Brizberry Mouse Pad, Large Printed Premium Waterproof Anti Skid Rubber Base for Desktop Laptop Gaming Professional...","4.5","838","243.00","499.00","Laptop","Budget","Excellent","Low"
"ASUS TUF Dash F15 (2022), 15.6"" (39.62 cms) FHD 144Hz, Intel Core i5-12450H 12th Gen, 4GB GeForce RTX 3050 Graphics, Gamin...","4.3","71","76990.00","122990.00","Other","Luxury","Good","Low"
"Fujifilm Instax Mini 9 Instant Camera (Cobalt Blue)","4.3","10633","4278.00","5999.00","Camera","Economy","Good","Very Popular"
"(Renewed) boAt Rockerz 550 Bluetooth Over-Ear Wireless Headphone with Ergonomic Aesthetics Plush Padded Earcups Immersive ...","3.8","1072","1499.00","4999.00","Headphones","Economy","Average","Moderate"
"Fire-Boltt Beast Pro Bluetooth Calling 1.69” with Voice Assistance, Local Music, Voice Recorder, Spo2 Monitoring, Heart Ra...","4.0","10898","2299.00","9999.00","Monitor","Economy","Good","Very Popular"
"Miracase Upgrade Cover for Airpods Pro 2 2022 Launch Case, Triple Layer Protective Liquid Silicone Case for AirPods Pro 2n...","3.7","402","399.00","699.00","Earbuds","Budget","Average","Low"
"junkyard Vinyl Quotes Laptop/Mobile/Bike/Luggage/Bottle/Guitar Sticker, 1.96 x 1.96 x 0.03 inches, Black","4.2","1079","379.00","799.00","Laptop","Budget","Good","Moderate"
"Overtime iPhone Charger Cable 4 Foot (2-Pack), Apple MFi Certified USB to Lightning Cable, 4ft USB Cord for iPhone 14/13/1...","4.5","4853","319.00","12220.00","Mobile Phone","Budget","Excellent","Moderate"
"Aster 250 Volts Three pin Multi Plug Point Cordless Wall Socket Multi Outlet Extension Board with Fuse Protection, Univers...","3.7","1784","329.00","699.00","Other","Budget","Average","Moderate"
"Spigen AlignMaster Tempered Glass Screen Guard for iPhone 11 / Xr - 2 Pack","4.4","14802","1199.00","2899.00","Mobile Phone","Economy","Good","Very Popular"
"truke Fit 1+ Bluetooth 5.1 Truly Wireless in Ear Earbuds with mic, Dedicated Gaming Mode | 48hrs of Playtime | IPX4 | Touc...","3.6","5240","799.00","2799.00","Earbuds","Budget","Average","Popular"
"Affix Auto-Align Technology Tempered Glass Screen Guard for iPhone 14, iPhone 13 and for iPhone 13 Pro (6.1 Inch) | Easy I...","4.5","697","699.00","1999.00","Mobile Phone","Budget","Excellent","Low"
"boAt LTG 550v3 Lightning Apple MFi Certified Cable with Spaceship Grade Aluminium Housing,Stress Resistance, Rapid 2.4A Ch...","3.8","420","849.00","1490.00","Other","Budget","Average","Low"
"Lenovo Ideapad 3 AMD Ryzen 5 5500U 15.6""(39.62cm) FHD T&L Laptop (8GB/512GB SSD/Win 11/MSO 2021/Backlit Keyboard/2Yr Warra...","4.2","1333","44056.00","68490.00","Laptop","Premium","Good","Moderate"
"TheGiftKart Back Cover for Redmi Note 10 Lite/Note 9 Pro/Pro Max/Poco M2 Pro (TPU, PC | Transparent)","4.1","1381","279.00","999.00","Mobile Phone","Budget","Good","Moderate"
"HP 15s, 11th Gen Intel Core i5-1155G7, 15.6 inch(39.6cm) FHD Anti-Glare Laptop(8GB RAM/512 GB SSD/Intel Iris Xe Graphics/W...","3.3","3","53990.00","60598.00","Laptop","Luxury","Average","Low"
"Zebronics Zeb-UTE101 USB to RJ45 Ethernet LAN Adapter, Up to 1000 Mbps, for Windows/Mac/Linux (Black)","4.0","916","649.00","1499.00","Accessories","Budget","Good","Low"
"LINLO Tempered Glass Screen Guard Compatible for OnePlus 7 / OnePlus 6T with Edge to Edge Coverage and Easy Installation K...","3.9","1663","154.00","699.00","Mobile Phone","Budget","Average","Moderate"
"Redmi 9 (Sporty Orange, 4GB RAM, 64GB Storage) | 2.3GHz Mediatek Helio G35 Octa core Processor","4.1","319396","9990.00","10999.00","Mobile Phone","Mid Range","Good","Very Popular"
"SHAKU OnePlus 11R 5G Back Camera Lens Screen Protector Anti Shock/Anti-Scratch/Clear/Camera Tempered Glass for (pack of 2)","3.5","2","175.00","299.00","Mobile Phone","Budget","Average","Low"
"Robustrion Hard Shell Case Cover for Apple MacBook Air 13 inch [2020 2019 2018 Release] M1 A2337 A2179 with Retina Display...","4.0","190","899.00","1999.00","Laptop","Budget","Good","Low"
"SUBTON Photography Mobile Holder Mini Tripod Camera Stand with Horizontal & Vertical Rotation | for Vlogging, Video Shooti...","3.4","550","299.00","599.00","Mobile Phone","Budget","Average","Low"
"MorningVale Mini Multipurpose Wall Holder with Mobile Charging Point/Stationary Storage/Bathroom acceceries/Remote Holder/...","3.4","192","170.00","599.00","Mobile Phone","Budget","Average","Low"
"BESTOR® Portable Ruff 12 inches LCD Paperless Memo Digital Tablet, LCD Writing Tablet for Kids, 12 Inch Doodle Board Drawi...","3.9","1589","449.00","1299.00","Tablet","Budget","Average","Moderate"
"MorningVale Generic-ID116Bluetooth Smart Fitness Band Watch with Heart Rate Activity Tracker, Step and Calorie Counter, Bl...","2.9","17","300.00","999.00","Other","Budget","Poor","Low"
"Luxor 5 Subject Spiral Premium Exercise Notebook, Single Ruled - (18cm X 24cm), 250 Pages, Pack of 3","4.1","845","336.00","420.00","Laptop","Budget","Good","Low"
"Ant Value Fkbri01 Wired Usb Multi-Device Keyboardâ  (Black)","4.1","11","299.00","699.00","Accessories","Budget","Good","Low"
"ZapcaseThermoplastic Polyurethane Back Case Cover for iPhone 12 | Compatible for iPhone 12 Back Case Cover | Scratch-Resis...","4.2","59","499.00","899.00","Mobile Phone","Budget","Good","Low"
"LG 24Gn650 Ultragear Gaming 24 Inch (60 Cm) LCD 1920 x 1080 Pixels IPS Full Hd - 144Hz, 1Ms, G-Sync Compatible, Freesync P...","4.5","813","15249.00","24500.00","Mobile Phone","Mid Range","Excellent","Low"
"F Gear Blackhawk 40 Ltrs Black Laptop Backpack (3178)","4.3","915","1242.00","2980.00","Laptop","Economy","Good","Low"
"Ceptics India to USA Converter Plug - Type B Canada Travel Adapter, 2 in 1 USA, Japan Plug - Dual Input USA Travel Adapter...","4.7","11804","699.00","1499.00","Accessories","Budget","Excellent","Very Popular"
"AGARO 3.5mm Audio Cable Nylon Braided 24K Gold Plated Aux Cord Male to Male Stereo Hi-Fi Sound for Headphone, Car, Home St...","4.1","110","149.00","449.00","Headphones","Budget","Good","Low"
"Logitech MK295 Wireless USB Keyboard and Mouse Set, SilentTouch Technology, Full Number Keyboard, Shortcut Buttons, Nano U...","4.2","19889","2795.00","2995.00","Accessories","Economy","Good","Very Popular"
"Amazon Brand-Solimo TPU Basic Case for Samsung Galaxy M53 5G - Clear","4.1","537","139.00","399.00","Mobile Phone","Budget","Good","Low"
"RuenTech USB Charger Compatible with Fossil Gen 5 / Gen 4 / Sport Smartwatch Rapid Charger Magnetic (Black)","3.8","2029","384.00","1499.00","Smartwatch","Budget","Average","Moderate"
"truke BTG Alpha True Gaming In Ear Earbuds with 40ms Low Latency Gaming Mode, 7 RGB LEDs, Instant Pairing, AAC Codec, Upto...","3.8","433","899.00","2499.00","Earbuds","Budget","Average","Low"
"boAt Newly Launched Rockerz 255 Max in Ear Earphones with 60H Playtime, EQ Modes, Power Magnetic Earbuds, Beast™ Mode, EN...","4.3","183","1399.00","3990.00","Earbuds","Economy","Good","Low"
"Humble Silicone 19mm Replacement Band Strap with Metal Buckle Compatible with Noise Colorfit Pro 2 , Storm Smart Watch & W...","3.9","5541","266.00","599.00","Smartwatch","Budget","Average","Popular"
"TheGiftKart Shockproof Crystal Clear Back Cover Case for OnePlus 7T | 360 Degree Protection | Protective Design | Transpar...","4.5","316","284.00","999.00","Mobile Phone","Budget","Excellent","Low"
"Fur Jaden Brown Leatherette Anti Theft Casual Laptop Backpack with 15.6 Inch Laptop Pocket","4.2","1475","1789.00","3000.00","Laptop","Economy","Good","Moderate"
"iClever Wireless Keyboard and Mouse Combo - 2.4G Portable Wireless Keyboard Mouse with Rechargeable Battery, Ergonomic Des...","4.2","5564","2650.00","3999.00","Accessories","Economy","Good","Popular"
"Irusu Monster VR Headset with Remote Controller and Conductive Touch Button for VR Supported Smartphones(New Model) (Black)","3.4","2531","1996.00","3200.00","Mobile Phone","Economy","Average","Moderate"
"NISHTECH (1.5 Meter 4K Ultra HD HDMI Male to Male Cable (Black) -Compatible with Laptop, PC, Projector & TV & All HDMI sup...","4.0","1722","149.00","349.00","Laptop","Budget","Good","Moderate"
"Zebronics Zeb-Transformer-k USB Gaming Keyboard with Multicolor LED Effect","4.2","2409","999.00","1549.00","Accessories","Budget","Good","Moderate"
"Onida 80 cm (32 inches) HD Ready Smart LED Fire TV 32HIF3 (Black)","4.3","4579","11490.00","24990.00","Television","Mid Range","Good","Moderate"
"Lolin NodeMCU ESP8266 CP2102 NodeMCU WIFI Serial Wireless Module","4.2","1471","407.00","699.00","Networking","Budget","Good","Moderate"
"ASUS Vivobook 16X (2022), 16-inch (40.64 cms) WUXGA, AMD Ryzen 5 5600H, Thin and Light Laptop (8GB/512GB SSD/Integrated Gr...","4.2","85","49943.00","68990.00","Laptop","Premium","Good","Low"
"Sounce Cleaning Soft Brush Keyboard Cleaner 5-in-1 Multi-Function Computer Cleaning Tools Kit Corner Gap Duster Keycap Pul...","4.6","201","149.00","999.00","Accessories","Budget","Excellent","Low"
"Melbon T708 4G LTE WiFi USB Tri Band Dongle Stick with All SIM Network Support, Plug & Play 4G Data Card with up to 150Mbp...","3.9","64","1489.00","4999.00","Networking","Economy","Average","Low"
"Robustrion Smart Trifold Hard Back Flip Stand Case Cover for Xiaomi Mi Pad 5 Cover 11 inch - Black","4.2","414","399.00","1999.00","Other","Budget","Good","Low"
"ZEBRONICS DC Joker Edition Rocket 500 Bluetooth 5.0 Portable Speaker 20W RMS, TWS, 10 Hour Backup, Built-in Rechargeable B...","4.3","18","3099.00","7999.00","Earbuds","Economy","Good","Low"
"Fastrack Reflex Hello Smart Watch with BT Calling|Bright HD Display|AI Voice Assistant|50+ Sports Modes|100+ Watchfaces|BP...","3.8","511","3995.00","5995.00","Monitor","Economy","Average","Low"
"Fire-Boltt Rage Full Touch 1.28” Display & 60 Sports Modes with IP68 Rating Smartwatch, Sp02 Tracking, Over 100 Cloud Base...","4.1","8828","1899.00","8999.00","Monitor","Economy","Good","Popular"
"TheGiftKart Ultra-Hybrid Crystal Clear Back Case Cover for iPhone 13 Back Cover Case | Slim Fit Shockproof Design | Camera...","4.5","204","399.00","999.00","Mobile Phone","Budget","Excellent","Low"
"Slovic Cell Phone Armband | Adjustable Band fits All iPhone and Android Smartphones | Waterproof & Anti-Sweat Fabric | Cha...","4.0","198","549.00","1000.00","Mobile Phone","Budget","Good","Low"
"Doubledicestore Screen Guard Compatible for Ather 450x/450 plus EV Scooter (transparent)","4.0","1059","251.00","1299.00","Other","Budget","Good","Moderate"
"Automatic Cut Off Timer Socket Plug, for Protect Your Any Rechargeable(Ex:- Mobile, Laptop) Devices from Over Charge (Up t...","4.1","1135","350.00","699.00","Laptop","Budget","Good","Moderate"
"mobistyle iPhone 14 Pro Cover,Luxury Electroplating TPU Logo Cut Case, Individual Camera Protection for Each Lens Back Cov...","3.7","108","339.00","999.00","Mobile Phone","Budget","Average","Low"
"Kodak 80 cm (32 inches) HD Ready Certified Android Smart LED TV 32HDX7XPROBL (Black)","4.1","2590","9499.00","19499.00","Television","Mid Range","Good","Moderate"
"Vivo Y16 (Drizzling Gold, 3GB RAM, 32GB Storage) with No Cost EMI/Additional Exchange Offers","3.9","105","9999.00","13999.00","Mobile Phone","Mid Range","Average","Low"
"EGOTUDE Ultra Hybrid Camera Lens Protection [Never Yellowing] Transparent Back Cover Case for iPhone 14 (Black)","3.9","150","379.00","1999.00","Mobile Phone","Budget","Average","Low"
"Adofys Flexible Gorillapod Tripod with 360° Rotating Ball Head Tripod for All DSLR Cameras(Max Load 1.5 kgs) & Mobile Phon...","4.2","5048","579.00","2499.00","Mobile Phone","Budget","Good","Popular"
"TheGiftKart Shockproof Crystal Clear Nothing Phone 1 Back Cover Case 360 Degree Protection Protective Design Transparent B...","4.2","989","251.00","999.00","Other","Budget","Good","Low"
"Vibez by Lifelong Ornate Smartwatch For Women with HD Display|Body Temprature |24x7 Heart Rate & SpO2 Tracking|8 Sports Mo...","3.9","95","2499.00","11999.00","Monitor","Economy","Average","Low"
"AB SALES Adjustable Computer Arm Rest Ergonomic Attachable Computer Table Arm Support Stand Desk Rests Chair Extender for ...","3.8","1601","499.00","899.00","Other","Budget","Average","Moderate"
"Amazon Brand - Solimo Back case for Apple iPhone SE (2020) (Acrylic_Transparent)","3.9","328","169.00","499.00","Mobile Phone","Budget","Average","Low"
"Parker Vector Standard Roller Ball Pen and Ball Pen - Blue Body, 2 Count (Pack of 1) (9000017309)","4.0","1983","449.00","550.00","Other","Budget","Good","Moderate"
"Imou 360° 1080P Full HD Security Camera White,Human Detection,Motion Tracking,2-Way Audio,Night Vision,Dome Camera with Ex...","4.0","1760","2199.00","6000.00","Camera","Economy","Good","Moderate"
"OFIXO Creative Colorful 400 Sheets Memo Pad Note N Times Post Note Paper Free Stickers Post Sticky Notes Stationary","4.0","3675","199.00","299.00","Other","Budget","Good","Moderate"
"Noise Newly Launched Buds Connect Truly Wireless in Ear Earbuds with 50H Playtime, Quad Mic with ENC, Instacharge(10 min=1...","4.0","694","1499.00","3999.00","Earbuds","Economy","Good","Low"
"MI Portable Bluetooth Speaker with 16W Hi-Quality Speaker, Type C Charging, Upto 13hrs of Playback Time & IPX7 Waterproof...","4.0","4039","2497.00","3499.00","Speakers","Economy","Good","Moderate"
"CEDO Redmi Note 11 Pro / 11 Pro + Plus (5G) Case Back Cover Shockproof Bumper Crystal Clear | 360 Degree Protection TPU+PC...","4.0","483","229.00","999.00","Mobile Phone","Budget","Good","Low"
"Spigen Optik Armor Back Cover Case for Samsung Galaxy S23 Ultra (Poly Carbonate + TPU | Abyss Green)","4.5","194","2499.00","3399.00","Mobile Phone","Economy","Excellent","Low"
"SPAZY CASE Back Cover for Xiaomi Redmi Note 8 Pro (TPU | Black | Classic)","4.2","2127","279.00","1199.00","Mobile Phone","Budget","Good","Moderate"
"Apple 2022 11-inch iPad Pro (Wi-Fi, 128GB) - Space Grey (4th Generation)","4.5","84","75490.00","81900.00","Tablet","Luxury","Excellent","Low"
"Dyazo Height Adjustable, Angle Adjustable, Fully Foldable, Anti-Slip Tabletop Mobile Phone Stand/Holder Compatible for Viv...","4.2","1888","269.00","599.00","Mobile Phone","Budget","Good","Moderate"
"RPM Euro Games 2.4 Ghz Rechargeable Wireless Gaming Mouse | 500 mAh Battery | Adjustable DPI Upto 2400 | 6 Color RGB Light...","4.0","34","499.00","990.00","Accessories","Budget","Good","Low"
"Seagate Ultra Touch 2 TB External Hard Drive Portable HDD USB-C USB 3.0 1yr Mylio Create, 4 Months Adobe CC Photography Pl...","4.5","28685","5695.00","7999.00","Other","Mid Range","Excellent","Very Popular"
"FEDUS Power Cord 1.5M Replacement Power Cable, India Plug IEC Computer Mains Power Cable Cord for Desktop 3 pin Power Cabl...","4.4","119","298.00","499.00","Other","Budget","Good","Low"
"SAFESEED Wall Stand Mobile Holder Mount Phone Multi Purpose Plastic Storage Case Box Organizer for TV AC Remote Toothbrush...","3.7","467","165.00","399.00","Mobile Phone","Budget","Average","Low"
"truke Buds PRO Hybrid Active Noise Cancelling ANC Bluetooth Truly Wireless in Ear Earbuds with mic, Transparency Mode, 12....","3.4","345","1499.00","4499.00","Earbuds","Economy","Average","Low"
"Lapster usb 2.0 mantra cable, mantra mfs 100 data cable (black)","4.1","231","199.00","999.00","Other","Budget","Good","Low"
"Newly Launched Maxima Max Pro Knight Bluetooth Calling smartwatch with 44.5mm Round Active Display of 550 Nits Brightness,...","3.5","1080","2499.00","7500.00","Monitor","Economy","Average","Moderate"
"Mi 67W Sonic Charge Combo |Mi/Xiaomi/Redmi Charger|Superfast 6A Type C Included| Laptops, Tablets & Mobile Charger|(Adapte...","4.1","102","1799.00","2999.00","Laptop","Economy","Good","Low"
"Sony WH-XB910N Extra BASS Noise Cancellation Headphones Wireless Bluetooth Over The Ear Headset with Mic, Alexa Voice Cont...","4.3","6257","14990.00","19990.00","Headphones","Mid Range","Good","Popular"
"ProElite Smart Flip Case Cover for Apple iPad 10.2"" 9th Gen (2021) / 8th Gen / 7th Gen with Stylus Pen, Dark Green","4.3","11466","589.00","1999.00","Tablet","Budget","Good","Very Popular"
"Gear Classic 20L Faux Leather Water Resistant Anti Theft Laptop Bag/Backpack for Men/Women-Tan","4.4","2326","1030.00","1999.00","Laptop","Economy","Good","Moderate"
"KABEER ART Set of Mechanical Lead Pencil, 12 Black Leads And 12 Color Leads","4.0","780","207.00","300.00","Other","Budget","Good","Low"
"Ant Esports GM50 USB Optical Gaming Mouse","4.1","893","299.00","799.00","Accessories","Budget","Good","Low"
"Miracase Upgrade Cover for Airpods Pro 2 2022 Launch Case, Triple Layer Protective Liquid Silicone Case for AirPods Pro 2n...","3.7","402","399.00","899.00","Earbuds","Budget","Average","Low"
"PLIXIO Aluminum Tabletop Laptop Stand Ergonomic Foldable Portable Laptop Stand Holder Compatible for MacBook, HP, Dell, Le...","4.3","227","2057.02","5999.00","Laptop","Economy","Good","Low"
"Rainbow Dots Air Conditioner AC Remote Holder Stand Organiser Wall Mounted Pack of 1","4.3","374","209.00","350.00","Other","Budget","Good","Low"
"Corsair Vengeance LPX 16GB (1x16GB) DDR4 3200MHZ UDIMM C16 Desktop RAM Memory Module","4.6","974","3944.00","7650.00","Other","Economy","Excellent","Low"
"MYVN Fast Charging Adapter (5W) with Data Sync (480mbps) USB Cable Compatible with All iPhone 5, 5s, SE, 6/6s, 6/6Plus, 7/...","3.6","2213","499.00","1999.00","Mobile Phone","Budget","Average","Moderate"
"TheGiftKart Rugged Carbon Fibre Armor Back Cover Case for OnePlus 6T / OnePlus 7 (TPU | Blue)","4.5","888","299.00","999.00","Mobile Phone","Budget","Excellent","Low"
"Lenovo L-Series 60.45 cm (24 inch) FHD IPS Ultraslim Monitor | 16.7 Million Colors, 75Hz, AMD FreeSync, HDMI, Tilt, VESA M...","4.5","593","9300.00","18690.00","Monitor","Mid Range","Excellent","Low"
"Logitech K380 Wireless Multi-Device Keyboard for Windows, Apple iOS, Apple Tv Android Or Chrome, Bluetooth, Compact Space-...","4.5","16899","2495.00","3195.00","Television","Economy","Excellent","Very Popular"
"Robustrion Marble Series Trifold Hard Back Flip Case Cover with Pencil Holder for Apple iPad 10.2 inch 9th Gen 2021 Cover ...","4.3","5015","599.00","2499.00","Tablet","Budget","Good","Popular"
"VEMIGON Hard PC Case Compatible with Apple Watch Series 8 and 7 45mm with Tempered Glass Screen Protector, Full Coverage, ...","3.7","1403","449.00","1099.00","Other","Budget","Average","Moderate"
"Pikkme iPhone 12/12 Pro Back Cover | Flexible Pu Leather | Full Camera Protection | Raised Edges | Super Soft-Touch | Bump...","3.8","256","299.00","999.00","Mobile Phone","Budget","Average","Low"
"Oraimo Wireless Bluetooth Speaker with 8W Studio Quality Sound,Powerful Bass, 5 Hours Playtime, IPX7 Waterproof Portable S...","3.8","399","699.00","2499.00","Speakers","Budget","Average","Low"
"Syga Portable Small Photo Studio Light Box Folding Photography Lighting Tent Kit With Backdrops 23cm*23cm*23cm","3.8","1106","399.00","1250.00","Other","Budget","Average","Moderate"
"Mi Step Out 12 L Mini Backpack (Small Size, Sky Blue, Water Repellant)","4.1","8120","299.00","499.00","Other","Budget","Good","Popular"
"Acko 1 Year Extended Warranty for ACs from Rs-30,000 to Rs-40,000 (Email Delivery)","4.1","316","1349.00","1949.00","Other","Economy","Good","Low"
"Samvardhan 8.5 Inch LCD WritingTablet/Drawing Board/Doodle Board/Writing Pad Reusable Portable E Writer Educational Toys, ...","3.8","1576","249.00","999.00","Tablet","Budget","Average","Moderate"
"Havells Type 3 Surge Protection Adaptor","4.4","31","849.00","1366.00","Other","Budget","Good","Low"
"SENS NUTON 1 with 1.7 IPS Display, Orbiter, 5ATM & 150+ Watch Faces & Free Additional Strap (Royal Silver)","3.9","769","1099.00","4999.00","Monitor","Economy","Average","Low"
"ORICO Aluminum M.2 NVMe SSD Enclosure, Tool-Free 10Gbps USB C Adapter, USB 3.2 M.2 NVMe Reader, External SSD Case Thunderb...","4.2","161","1529.00","2499.00","Accessories","Economy","Good","Low"
"Replacement 22mm Watch Straps Compatible with Samsung Galaxy Watch 46mm/Huawei Watch GT 2/Samsung Gear S3 Classic/Samsung ...","4.1","638","359.00","999.00","Mobile Phone","Budget","Good","Low"
"Strauss Bike Mobile Holder - Adjustable 360° Rotation Bicycle Phone Mount | Bike Accessories | Bike Phone Holder (Black)","3.8","4626","259.00","899.00","Mobile Phone","Budget","Average","Moderate"
"Goldmedal Curve Plus 205101 Plastic 240 i-Strip LED Spike Guard Adaptors (White and Red)","4.5","11802","775.00","787.00","Other","Budget","Excellent","Very Popular"
"pTron Bassbuds Tango ENC, Dedicated Movie Mode, 40Hrs Total Playtime, Bluetooth 5.1 Truly Wireless in Ear Earbuds with Mi...","3.7","24285","899.00","3999.00","Earbuds","Budget","Average","Very Popular"
"SYGA HDMI Switch 4K HDMI Splitter, 1080P HDMI Splitter 1 In 2 Out /2 Input 1 Output, Plug & Play, Manual HDMI Switcher for...","4.0","95","329.00","999.00","Other","Budget","Good","Low"
"Portronics Ear 1 in-Ear Wired Earphones Crystal Clear Sound with Mic. I Metal Earbuds, TPE + Nylon Braided Wire(White)","3.8","272","349.00","599.00","Earbuds","Budget","Average","Low"
"Apple 2020 MacBook Air Laptop M1 chip, 13.3-inch/33.74 cm Retina Display, 8GB RAM, 256GB SSD Storage, Backlit Keyboard, Fa...","4.7","4299","85990.00","99900.00","Laptop","Luxury","Excellent","Moderate"
"Fastrack Reflex Vox Smartwatch|Alexa Built-In|Bright HD Display|Upto 10 Days Battery|5 ATM Water Resistance|Multiple Sport...","4.0","2151","1995.00","6995.00","Monitor","Economy","Good","Moderate"
"SIDRUM DSLR/SLR Camera Shoulder Bag Case with Adjustable Shoulder Strap & Rain Cover, Compatible for Nikon, Canon, Sony Mi...","4.4","905","949.00","1499.00","Camera","Budget","Good","Low"
"VEMIGON Hard PC Case Compatible for PC Apple Watch Series 8 and 7 41mm with Tempered Glass Screen Protector, Full Coverag...","3.7","1403","449.00","1099.00","Other","Budget","Average","Moderate"
"Metal Lazy Stand Bracket Mobile Phone Stand | Flexible | Portable - Foldable | 360 Degree | Gooseneck Long Arm Clip Mobile...","3.7","6","199.00","999.00","Mobile Phone","Budget","Average","Low"
"ARCTIC MX-4 (incl. Spatula, 4 g) - Premium Performance Thermal Paste for All Processors (CPU, GPU - PC, PS4, Xbox), Very h...","4.7","46927","529.00","999.00","Other","Budget","Excellent","Very Popular"
"REDTECH One Plus Latest Mobile USB Type C to 3.5 mm Jack Audio Connector, Noise Cancelling Headphones Jack Converter Audio...","3.7","458","199.00","999.00","Mobile Phone","Budget","Average","Low"
"Tukzer Universal Car Mount Mobile Holder Stand| Strong Suction Cup, Double Shift Locking for Dashboard Windshield| Quick T...","4.0","633","499.00","1499.00","Mobile Phone","Budget","Good","Low"
"Autofy A-12 X-Grip Premium Bike Mobile Charger & Phone Holder Bike Mobile Holder Version 2 for All Bikes Scooters (5V-2A B...","3.8","4856","499.00","1699.00","Mobile Phone","Budget","Average","Moderate"
"Tukzer 4G LTE Wireless USB Dongle Stick with All SIM Network Support | Plug & Play Data Card with up to 150Mbps Data Speed...","3.8","2978","2149.00","4299.00","Other","Economy","Average","Moderate"
"Logitech H151 Wired On Ear Headphones With Mic (Black)","3.7","6670","1495.00","1595.00","Headphones","Economy","Average","Popular"
"F&D E200 3W 2.0 Channel Wired Soundbar - Black","4.0","12449","1399.00","1990.00","Speakers","Economy","Good","Very Popular"
"ENVOUS Smart Watch Charger Magnetic, Charging Cable for Boat Xtend, Noise ColorFit Pulse, Colorfit Ultra/Ultra 2, Color Fi...","4.0","10","189.00","999.00","Smartwatch","Budget","Good","Low"
"Redgear MP44 Control-Type Gaming Mousepad (Black and Red)","4.6","34185","299.00","799.00","Accessories","Budget","Excellent","Very Popular"
"HP 15s, Ryzen 5-5500U, 16GB RAM/512GB SSD 15.6-inches(39.6 cm) FHD, Micro-Edge, Anti-Glare Display/Alexa Built-in/Windows ...","4.3","161","50490.00","59109.00","Monitor","Luxury","Good","Low"
"AmazonBasics Silicone 1.9cm Replacement Band Strap with Metal Buckle For Noise Colorfit Pro 2, Storm Smart Watch (Black)","3.5","3","299.00","599.00","Smartwatch","Budget","Average","Low"
"pTron Bassbuds Revv Wireless in Ear Earbuds with Mic, ENC for Best Calling, 50ms Low Latency, 13mm Driver, Punchy Bass, BT...","3.2","802","899.00","4599.00","Earbuds","Budget","Average","Low"
"REALCASE Designed for iPhone 14 Pro Back Cover Case | Stylish Frameless Matte Hard Skin | Soft TPU Shock Proof Bumper Back...","4.2","29","348.00","999.00","Mobile Phone","Budget","Good","Low"
"ProElite Polyester Tablet sleeve Case Cover for upto 11.5 inch for iPad 10.2/iPad 10.9/Pro 11/ iPad 9.7/ Samsung/Lenovo/Ga...","4.6","609","599.00","1999.00","Tablet","Budget","Excellent","Low"
"Lenovo Tab M10 FHD 3rd Gen (10.1 inch (25.65 cm), 4 GB, 64 GB, Wi-Fi+LTE, Voice Calling), Storm Grey","4.0","215","17999.00","30000.00","Networking","Mid Range","Good","Low"
"TheGiftKart Sleek Back Cover Case for iPhone XR | Slim Fit Protective Design | Ultra Matte Finish | Camera Protection Bump...","4.2","40","259.00","999.00","Mobile Phone","Budget","Good","Low"
"Parker Moments Vector Gold Trim Roller Ball Pen (Silver)","4.5","601","519.00","650.00","Other","Budget","Excellent","Low"
"Amazon Basics 6-Feet VGA to VGA Cable for Monitor, Personal Computer (Black)","4.4","10310","559.00","1295.00","Monitor","Budget","Good","Very Popular"
"Amazon Basics Permanent Markers, Assorted Colours, Pack of 24","4.1","34471","499.00","900.00","Other","Budget","Good","Very Popular"
"Apple Watch SE (2nd Gen) GPS 44mm Starlight Aluminium Case with Starlight Sport Band - Regular","4.6","410","29400.00","32900.00","Other","Premium","Excellent","Low"
"pTron Bassbuds Wave ENC Bluetooth 5.3 Truly Wireless in Ear Earbuds, 40Hrs Total Playtime, Movie Mode & Deep Bass, Low Lat...","3.7","24285","999.00","4599.00","Earbuds","Budget","Average","Very Popular"
"WOW IMAGINE Slim Ultra Soft Rubberised Back Cover for Samsung Galaxy F13 | M13 4G | Inner Velvet Fabric Lining | Matte Sil...","4.3","723","259.00","999.00","Mobile Phone","Budget","Good","Low"
"Blaupunkt BE100 Ultra-Long Playtime with 600mAh Battery Wireless Bluetooth Neckband I Vibration Call Alert I Real Time Mon...","4.0","8565","1299.00","3499.00","Other","Economy","Good","Popular"
"KAVANA Shyne 6 amp to 16 amp Converter/Conversion Plug (5-16A) Converts 6A Socket to 16 A Socket for Geysers, A/C,Refrigra...","4.3","280","269.00","599.00","Other","Budget","Good","Low"
"PTron Newly Launched Musicbot Lite 5W Mini Bluetooth Speaker with 6Hrs Playtime, Immersive Sound, 40mm Driver, BT5.1 with ...","3.4","1809","495.00","1600.00","Speakers","Budget","Average","Moderate"
"Lapster Fast iphone charger cable & Data Sync USB Cable Compatible for iPhone 6/6S/7/7+/8/8+/10/11, ipad charger for iPad ...","3.0","456","199.00","999.00","Mobile Phone","Budget","Average","Low"
"AmazonBasics High-Speed Mini-HDMI (NOT MICRO USB/MICRO HDMI) to HDMI Cable - 3 Feet (Latest Standard)- NOT COMPATIBLE WITH...","4.1","17624","249.00","700.00","Other","Budget","Good","Very Popular"
"Storite 2.5 inch USB 3.0 External Hard Drive Enclosure, SATA to USB3.0 Transparent Portable Hard Disk Adapter for HDD and ...","4.1","323","699.00","1999.00","Accessories","Budget","Good","Low"
"Anycast Wireless WiFi 1080P HDMI Display TV Dongle Receiver Black","3.6","6584","1299.00","2499.00","Television","Economy","Average","Popular"
"Lenovo Tab M10 HD 2nd Gen (10.1 inch(25cm), 4 GB, 64 GB, Wi-Fi+LTE with Calling), Platinum Grey with Metallic Body and Oct...","4.1","2767","15999.00","30000.00","Networking","Mid Range","Good","Moderate"
"TheGiftKart Shockproof Crystal Clear Back Cover Case for OnePlus 10R 5G / 10R Prime 5G | 360 Degree Protection | Protectiv...","4.1","583","255.00","999.00","Mobile Phone","Budget","Good","Low"
"AROPANA USB 2IN1 Audio Adapter External Sound Card USB to Audio 3.5mm Microphone Jack CTIA TRRS [NOT for TV or Car] Stereo...","3.9","1274","599.00","699.00","Television","Budget","Average","Moderate"
"Pebble Cosmos Endure 1.46"" AMOLED Always-On Display Bluetooth Calling IP68 Waterproof Smartwatch 466 * 466 (Jet Black)","4.4","501","4999.00","12999.00","Monitor","Economy","Good","Low"
"Motorola a50 (Rose Gold) - Dual Sim Keypad Mobile with Expandable Memory Upto 32GB, Rear Camera, 1750 mAh Big Battery, 6 I...","4.0","975","1549.00","1999.00","Mobile Phone","Economy","Good","Low"
"Amazon Basics USB A to Lightning PVC Molded Nylon MFi Certified Charging Cable (Black, 1.2 meter)","4.2","34723","739.00","1999.00","Other","Budget","Good","Very Popular"
"Ant Esports GP310 Wireless Gamepad, Compatible for PC & Laptop (Windows 10/8 /7, Steam) / PS3 / Android","3.9","2852","1299.00","3299.00","Laptop","Economy","Average","Moderate"
"Fitbit Charge 5 Advanced Health & Fitness Tracker with Built-in GPS, Stress Management, Sleep Tools, 24/7 Heart Rate, SpO2...","3.9","5430","12799.00","14999.00","Other","Mid Range","Average","Popular"
"VW 60 cm (24 inches) HD Ready Smart LED TV VW24S (Black) (2021 Model)","4.0","7163","6799.00","11999.00","Television","Mid Range","Good","Popular"
"Ceptics Universal Travel Adapter for USA, Canada, Japan, Philippines India to US Plug Adapter - Type B USA Plug - CE Certi...","4.3","16719","721.00","1499.00","Accessories","Budget","Good","Very Popular"
"Maped Essential Soft 17cm Scissor","4.3","4242","140.00","165.00","Other","Budget","Good","Moderate"
"Vivo Y16 (Stellar Black, 3GB RAM, 64GB Storage) with No Cost EMI/Additional Exchange Offers","3.5","86","10499.00","14999.00","Mobile Phone","Mid Range","Average","Low"
"WOW IMAGINE Shock Proof Clear Back Case Mobile Cover for Samsung Galaxy F23 5G (Hard | Hybrid PC + TPU | Full Armour Devic...","4.3","374","259.00","999.00","Mobile Phone","Budget","Good","Low"
"AmazonBasics HDMI to VGA Adapter","4.0","2804","619.00","1000.00","Accessories","Budget","Good","Moderate"
"Stylus-Pen-for-Apple-iPad-Pencil-with-Case, Palm Rejection, Power Display, Tilt Sensitivity, Magnetic Adsorption for 2018-...","4.3","12021","2099.00","5999.00","Tablet","Economy","Good","Very Popular"
"Red Lemon BANGE Captain Business Smart Backpack Waterproof fit 15.6 Inch Laptop Backpack with USB Charging Port,Travel Dur...","4.5","146","3799.00","6999.00","Laptop","Economy","Excellent","Low"
"Amazon Basics 12V 2A UPS for Router, Intercom, CCTV, Set-top Box with Upto 4 Hours Power Backup","4.0","203","1369.00","2999.00","Networking","Economy","Good","Low"
"Pikkme Mi Redmi 10A / Redmi 9 / Redmi 9 Activ / 9C / Poco C31 Flip Case Leather Finish | Inside TPU with Card Pockets | Wa...","4.2","2776","199.00","999.00","Mobile Phone","Budget","Good","Moderate"
"Brother DCP-L2520D Multi-Function Monochrome Laser Printer with Auto-Duplex Printing","4.3","1538","15249.00","19090.00","Printer","Mid Range","Good","Moderate"
"ELV Wall Mount Mobile Holder, Mobile Stand for All Smartphones with Strong Adhesive Strips, Compatible with iPhone, Smartp...","4.3","232","89.00","299.00","Mobile Phone","Budget","Good","Low"
"Amazon Brand - Solimo Back Cover Case for Samsung Galaxy M51 | Compatible for Samsung Galaxy M51 Back Cover Case | 360 Deg...","3.8","6314","119.00","299.00","Mobile Phone","Budget","Average","Popular"
"ProElite Deer Flip case Cover for Lenovo Tab M10 FHD Plus 10.3"" X606V / TB-X606F / TB-X606X , Wine Red (Fits 1st & 2nd Gen)","4.3","3655","489.00","1999.00","Other","Budget","Good","Moderate"
"Redmi 139 cm (55 inches) 4K Ultra HD Android Smart LED TV X55 | L55M6-RA (Black)","4.2","47642","39990.00","54999.00","Mobile Phone","Premium","Good","Very Popular"
"ESR Clear Case Compatible For iPhone 14 Pro Case, Shockproof Thin Silicone Cover, Yellowing-Resistant Slim Transparent TPU...","4.3","1790","664.00","699.00","Mobile Phone","Budget","Good","Moderate"
"TheGiftKart Best Camera Protection Back Cover Case for Google Pixel 6A | Ultra Clear Soft Case | Inbuilt Dust Plugs & Ant...","4.3","301","299.00","999.00","Mobile Phone","Budget","Good","Low"
"Mivi DuoPods A550 Truly Wireless in Ear Earbuds with Quad Mic ENC(Environmental Noise Cancellation), 13mm Powerful Bass, 5...","3.8","8163","1499.00","2999.00","Earbuds","Economy","Average","Popular"
"FLiX (Beetel) USB to iPhone Lightning Textured Pattern Data Sync & 2A Fast Charging Cable, Made in India, 480Mbps Data Syn...","4.0","10079","149.00","249.00","Mobile Phone","Budget","Good","Very Popular"
"Apsara Matt Magic Pencil 2.0 [Pack of 10]","4.3","714","45.00","60.00","Other","Budget","Good","Low"
"Gizga Essentials Multi-Purpose Height-Adjustable Laptop Table, Ergonomic Study Table, Portable, with Docking for Tablet, P...","3.3","3098","1499.00","4399.00","Laptop","Economy","Average","Moderate"
"Western Digital WD 2TB My Passport Portable Hard Disk Drive, USB 3.0 with  Automatic Backup, 256 Bit AES Hardware Encrypti...","4.4","74559","5799.00","7334.00","Other","Mid Range","Good","Very Popular"
"HP v222w 16GB USB 2.0 Pen Drive (Silver)","4.2","5260","299.00","475.00","Other","Budget","Good","Popular"
"PagKis Straight and Curved Stainless Steel Tweezers (Black) - Set of 2","4.4","539","188.00","395.00","Other","Budget","Good","Low"
"CEDO OnePlus USB Type C to 3.5 mm Jack Audio Connector Noise Cancelling Headphones Jack Converter Splitter Audio Adapter f...","3.6","81","299.00","599.00","Mobile Phone","Budget","Average","Low"
"ZOUK Black Printed Handmade Vegan Leather Women's Office Bag for 15.6 inch Laptop with Double Handles - Lattice Lace","4.4","1832","1699.00","4863.00","Laptop","Economy","Good","Moderate"
"Elzzi Microfiber Logo Cut Cover Compatible for iPhone 13 Case Cushion Liquid Soft Silicone Gel Rubber Phone Non-Slip Full ...","4.0","713","449.00","1499.00","Mobile Phone","Budget","Good","Low"
"Xiaomi REDMI Wired High Definition in-Ear Earphones with in-Built HD Mic, Hi-Res Audio Certified, 10 mm Driver, Metal Soun...","4.1","24959","449.00","599.00","Mobile Phone","Budget","Good","Very Popular"
"ABOUTTHEFIT Polycarbonate Smart Trifold Hard Back Flip Stand Case Cover for Tablets Compatible with Lenovo Tab M10 HD TB-X...","4.0","2177","399.00","1499.00","Tablet","Budget","Good","Moderate"
"Energizer Max Alkaline AA Batteries - Pack of 6","4.3","1803","269.00","275.00","Other","Budget","Good","Moderate"
"Winble Silicone Back Cover for OnePlus Nord 2T 5G Back Cover Camera Protection Soft Protective Back Cover Designed for One...","3.9","297","299.00","999.00","Mobile Phone","Budget","Average","Low"
"HP x5600C 64GB OTG (Type C) usb3.2 gen 1 Pen Drive, Grey & Black","4.2","849","919.00","2500.00","Other","Budget","Good","Low"
"Airtel DTH HD Set Top Box | 1 Month Entertainment Pack | Recording Feature | Free Installation","4.3","502","1009.00","1999.00","Other","Economy","Good","Low"
"Belkin USB C to USB-C Fast Charging Type C Cable, 60W PD, 3.3 feet (1 meter) for Laptop, Personal Computer, Tablet, Smartp...","4.4","658","599.00","849.00","Laptop","Budget","Good","Low"
"ESR Thermoplastic Polyurethane Classic Kickstand Case with HaloLock Compatible for iPhone 14 Pro Max, MagSafe-Compatible C...","4.5","2003","1994.00","2299.00","Mobile Phone","Economy","Excellent","Moderate"
"Queen Selection 8.5 inch LCD E-Writer Electronic Writing Pad/Tablet Drawing Board (Paperless Memo Digital Tablet) Black","4.5","2","119.00","999.00","Tablet","Budget","Excellent","Low"
"Caldipree Silicone Case Cover Compatible for 2022 Samsung Smart TV Remote QLED TV BN68-13897A TM2280E (2022-BLACK)","4.3","562","547.00","2999.00","Television","Budget","Good","Low"
"REALCASE Designed for iPhone 14 Pro Max Back Cover Case | Stylish Frameless Matte Hard Skin | Soft TPU Shock Proof Bumper ...","4.1","27","348.00","999.00","Mobile Phone","Budget","Good","Low"
"pTron Bassbuds Pixel with Dedicated Movie/Gaming Mode, 50ms Low Latency, 35Hrs Total Playback Time, Truly Wireless Bluetoo...","3.5","4683","799.00","3499.00","Mobile Phone","Budget","Average","Moderate"
"Fujifilm Instax Mini 9 Instant Camera (Ice Blue)","4.3","10633","4999.00","5530.00","Camera","Economy","Good","Very Popular"
"Brustro Professional Pigment Based Fineliner - Set of 6 (Black)","4.5","2194","439.00","465.00","Other","Budget","Excellent","Moderate"
"OREI USA Travel Adapter, Japan, Philippines Canada Travel Plug, India to USA Converter Plug - 2 in 1 Type B - Perfect for ...","4.3","7836","611.00","999.00","Accessories","Budget","Good","Popular"
"Okami ZenPack LITE Laptop Messenger Bag with USB Fast Charger (Kyoto Black)","4.5","308","2899.00","3699.00","Laptop","Economy","Excellent","Low"
"Robustrion Deer Flip Stand Case Cover [Auto Sleep Wake] with S Pen Holder for Samsung Galaxy Tab S6 Lite Tablet Cover 10.4...","4.5","2969","549.00","1999.00","Mobile Phone","Budget","Excellent","Moderate"
"MYVN LTG TO USB for Fast Charging & Data Sync USB Cable Compatible for iPhone 5/5s/6/6S/7/7+/8/8+/10/11, iPad Air/Mini, iP...","3.7","2299","252.00","999.00","Mobile Phone","Budget","Average","Moderate"
"Sounce Flash/Super VOOC Micro USB 7 Pin Data Sync Fast Charging Cable Compatible for Oppo Reno/Oppo F9 PRo/ F11 pro Upto 4...","3.4","1263","199.00","1899.00","Mobile Phone","Budget","Average","Moderate"
"IONIX Multi-Color LCD Writing Tablet 8.5 Inch Screen, Toys, Kids Toy, 8.5"" Inch Colorful Toddler Doodle Board Drawing Tabl...","3.8","6574","313.00","999.00","Tablet","Budget","Average","Popular"
"Robustrion Smart Trifold Flip Stand Case Cover for iPad 10th Generation Cover iPad Cover 10.9 inch Right Side [Pencil Hold...","4.2","20","589.00","1999.00","Tablet","Budget","Good","Low"
"SanDisk ® Ultra Curve USB 3.2 128GB 100MB/s R Black","4.2","2321","838.00","1700.00","Other","Budget","Good","Moderate"
"Amazon Brand - Solimo Back Cover Case for Realme 6 | Compatible for Realme 6 Back Cover Case | 360 Degree Protection | Sof...","3.9","177","119.00","299.00","Mobile Phone","Budget","Average","Low"
"Simmtronics 4GB DDR3 Desktop RAM 1333 MHz (PC 10600) with 3 Year Warranty","4.1","1468","750.00","3100.00","Other","Budget","Good","Moderate"
"HOBBACHI Smart Watch Fitness Band Smart Watch- Y68 D20 Water Proof Smart Watches SpO2 Full Touch Smartwatch with Workout M...","3.6","1094","399.00","1989.00","Smartwatch","Budget","Average","Moderate"
"ENVOUS Noise_ColorFit Pulse Grand SmartWatch Charger 2 Pin USB Fast Charger Magnetic Charging Cable Adapter (Smart Watch C...","3.9","22","199.00","999.00","Smartwatch","Budget","Average","Low"
"Spigen EZ Fit Privacy Tempered Glass Screen Protector for iPhone 14 Pro - 2 Pack","4.1","146","1599.00","2899.00","Mobile Phone","Economy","Good","Low"
"CLOUDD CR2032 3V Lithium Button Battery Pack 2","2.9","21","199.00","399.00","Other","Budget","Poor","Low"
"HP M270 Backlit USB Wired Gaming Mouse with 6 Buttons, 4-Speed Customizable 2400 DPI, Ergonomic Design, Breathing LED Ligh...","4.3","2464","600.00","700.00","Accessories","Budget","Good","Moderate"
"Rylan Multi-Purpose Sofa Side Height-Adjustable Laptop Table with Docking for Tablet, Study Table, Portable, Ideal for Wor...","4.7","105","1699.00","2199.00","Laptop","Economy","Excellent","Low"
"POPIO Tempered Glass Screen Protector Compatible for Samsung Galaxy M51 / Samsung Galaxy F62 / Samsung Galaxy M52 5G with ...","4.1","1554","219.00","599.00","Mobile Phone","Budget","Good","Moderate"
"EvoFox Falcon X35 Gaming Mouse Pad with Micro-Textured Speed Surface, Non-Slip Rubber Base, Anti-fray Stitched Edges and W...","4.6","920","280.00","699.00","Accessories","Budget","Excellent","Low"
"JB SUPER M3 Colorful Wireless Bluetooth Speakers 3D Mini Electroplating Round Steel Speaker (Random Color)","4.4","5576","499.00","1999.00","Speakers","Budget","Good","Popular"
"EVOTECH M-10 TWS Bluetooth Headset in Ear/Earbuds with Mic/Noise Cancelling/Power Bank/Bluetooth 5.1 Earphones/ 3500mAh Ch...","3.7","22","649.00","999.00","Earbuds","Budget","Average","Low"
"worison Crystal Glass Dip Pen With 12 Colors","4.5","186","699.00","1000.00","Other","Budget","Excellent","Low"
"FUR JADEN Travel Laptop Backpack, Business Backpacks with USB Charging Port, Water Resistant College School Computer Bag f...","4.1","106","989.00","2500.00","Laptop","Budget","Good","Low"
"pTron Fusion Evo v2 10W Bluetooth Speaker 5.0 Mini Soundbar, 10Hrs Playback, Stereo Soundbar for Phone/TV/Laptop/Tablets/P...","3.7","1737","999.00","3799.00","Laptop","Budget","Average","Moderate"
"Lenovo V15 Intel Celeron N4020 15.6"" (39.62 cm) HD 220 nits Antiglare Thin and Light Laptop (4GB RAM/256GB SSD/DOS/Iron Gr...","3.2","183","19990.00","52414.00","Laptop","Mid Range","Average","Low"
"SanDisk Extreme microSD UHS I Card 512GB for 4K Video on Smartphones,Action Cams,Drones 190MB/s Read,130MB/s Write","4.3","201","4106.00","12000.00","Mobile Phone","Economy","Good","Low"
"GiftMax® LED Video Soft Light Panel, for Studio Photography | Video Recording | Conference | YouTube,2700K-5700K CRI95+ | ...","4.2","131","2699.00","4000.00","Other","Economy","Good","Low"
"Syska EBS-0401 Essential 4-Socket Surge Protector with 2M Wire Length (White)","4.1","1076","395.00","599.00","Other","Budget","Good","Moderate"
"Rissachi Premium Heavy Duty Wall Mount Stand for 17 to 32-inch LCD LED TV (Black, Wall Mount)","3.8","1224","699.00","999.00","Television","Budget","Average","Moderate"
"Redragon ARES H120 Gaming Headset with Microphone for PC, Wired Over Ear PC Gaming Headphone with Mic Built-in Noise Reduc...","3.7","2903","499.00","990.00","Headphones","Budget","Average","Moderate"
"Tenda AC10 AC1200 Wireless Smart Dual-Band Gigabit WiFi Router, MU-MIMO, 4 Gigabit Ports, 867Mbps/5 GHz+ 300Mbps /2.4GHz, ...","4.1","32648","2498.00","4900.00","Networking","Economy","Good","Very Popular"
"MARVIK Silicone Band Strap Belt for Realme Smart Band RMA183 (Tracker Not Included)","4.4","106","249.00","999.00","Mobile Phone","Budget","Good","Low"
"Storite PU Leather Multipurpose 24 File Sleeve to Store A4 Professional Files and Folders, Certificate, Legal Size Documen...","4.0","4567","599.00","1299.00","Other","Budget","Good","Moderate"
"VISMIINTREND Fashion Vegan Leather Anti Theft Backpack Purse Bags for Women and Girls | Sling | Casual | Bagpack | College...","4.3","1093","1329.05","2999.00","Other","Economy","Good","Moderate"
"Astigo Compatible Remote for LG LED TV Model (Exactly Same Remote only)","3.9","570","284.00","599.00","Television","Budget","Average","Low"
"LG - 19M38HB, 19 Inch (47cm) 1366 X 768 Pixels, Led HD Ready Monitor, TN Panel with VGA, Hdmi Ports (Black)","4.1","2141","5999.00","9200.00","Mobile Phone","Mid Range","Good","Moderate"
"MOCA Ultra Slim Lightweight PU Leather Magnetic Smart Folio Flip Cover Case for Apple iPad Air 2/iPad A1566/A1567, 2014 La...","4.3","1955","542.00","1499.00","Tablet","Budget","Good","Moderate"
"Faber-Castell Paint Brush Set - Flat, Pack of 7 (Navy Blue)","4.4","2460","348.00","400.00","Other","Budget","Good","Moderate"
"Stealodeal Hard Disk Case Cover for Seagate, Toshiba, WD, Sony, Transcend, Lenovo, HP & Hitachi 2.5 HDD External Hard Disk...","4.4","1041","474.00","999.00","Other","Budget","Good","Moderate"
"Fitbit FB507BKBK Versa 2 Health & Fitness Smartwatch with Heart Rate, Music, Alexa Built-in, Sleep & Swim Tracking, Black/...","4.1","143611","11010.00","14999.00","Smartwatch","Mid Range","Good","Very Popular"
"Dyazo Vegan PU Leather Mouse Pad, Extended Desk Mat for Work from Home /Office / Gaming, Reversible Anti-Slip, Design Wate...","4.6","386","699.00","1799.00","Accessories","Budget","Excellent","Low"
"ONUMTZ Oneplus Upgraded USB Type C to 3.5 mm Jack Audio Connector with Noise Cancelling Headphones Jack Converter Audio Ad...","3.4","1676","189.00","999.00","Mobile Phone","Budget","Average","Moderate"
"Apple iPhone 14 Pro (128 GB) - Deep Purple","4.6","306","122999.00","129900.00","Mobile Phone","Luxury","Excellent","Low"
"Hisense 139 cm (55 inches) 4K Ultra HD Smart IPS QLED TV 55U7H (Black)","3.9","381","44999.00","79990.00","Television","Premium","Average","Low"
"Robustrion Smart Trifold Hard Back Flip Stand Case Cover for New iPad 9.7 inch 2018/2017 5th 6th Generation Model A1822 A1...","4.3","5291","549.00","2499.00","Tablet","Budget","Good","Popular"
"ProElite Smart PU Flip Case Cover for Apple iPad 10.2"" 9th Gen (2021) / 8th Gen / 7th Gen with Pencil Holder, Black","4.3","4560","599.00","1999.00","Tablet","Budget","Good","Moderate"
"Prolet 20mm Nylon Sport Replacement Bands and Loop Compatible With (ONLY 20mm Lugs Size) Amazfit GTS 2 Mini, Amazfit Bip,A...","4.1","250","299.00","699.00","Other","Budget","Good","Low"
"ProElite Smart Case for iPad Pro 11 inch 2022/2021 4th/3rd Generation [Auto Sleep/Wake Cover] [Pencil Holder] [Soft Flexib...","4.4","1341","899.00","1999.00","Tablet","Budget","Good","Moderate"
"ACESHLEY 19mm Soft Silicone Smartwatch Strap/Band with Black Metal Buckle Strap for Noise ColorFit Pulse, Noise ColorFit P...","3.7","669","299.00","999.00","Smartwatch","Budget","Average","Low"
"Redmi 10000mAh Lithium Polymer Power Bank with 10 Watt Fast Charging, (White)","4.2","36399","1149.00","1999.00","Mobile Phone","Economy","Good","Very Popular"
"Miracase Upgrade Cover for Airpods Pro 2 2022 Launch Case, Triple Layer Protective Liquid Silicone Case for AirPods Pro 2n...","3.7","402","299.00","699.00","Earbuds","Budget","Average","Low"
"Tukzer Large Size (795mm x 298mm x 3.45mm) Extended Gaming Mouse Pad| Stitched Embroidery Edges| Non-Slip Rubber Base |for...","4.6","1530","449.00","1999.00","Accessories","Budget","Excellent","Moderate"
"Oblivion USB LED Desk Light Adjustable & Eye Protection | Portable & Flexible Table Lamp for Reading, Working on PC, Lapto...","4.6","72","149.00","399.00","Other","Budget","Excellent","Low"
"Onsitego 2 Years Extended Warranty for Small Appliances (Rs.5001-10000) (Email Delivery - No Physical Kit)","3.9","4755","599.00","999.00","Other","Budget","Average","Moderate"
"POPIO Tempered Glass Screen Protector Compatible for Samsung Galaxy S21 FE 5G (Black) with Edge to Edge Coverage and Easy ...","4.3","65","150.00","599.00","Mobile Phone","Budget","Good","Low"
"Affix Auto-Align Technology Tempered Glass Screen Guard for iPhone 11 and for iPhone XR (6.1 Inch) | Easy Installation Fra...","4.3","1372","699.00","1999.00","Mobile Phone","Budget","Good","Moderate"
"Redmi 11 Prime (Flashy Black, 6GB RAM, 128GB Storage) | Prime Design | High Performance Helio G99 | 50 MP AI Triple Cam | ...","4.1","290","13999.00","16999.00","Mobile Phone","Mid Range","Good","Low"
"Ringke Fusion-X Compatible with Samsung Galaxy S23 Ultra 5G Case Cover Military Camo Hard Back Soft TPU Bumper Scratch Res...","4.7","265","1699.00","2399.00","Mobile Phone","Economy","Excellent","Low"
"truke Air Buds+ Bluetooth 5.1 Truly Wireless in Ear Earbuds with Mic Noise Cancellation(AI-ENC) for HD Calls, Upto 48hrs o...","3.6","1690","1099.00","3699.00","Earbuds","Economy","Average","Moderate"
"M.G.R.J® Tempered Glass Screen Protector for Fossil Gen 5E (42mm / 44mm) (Men & Women) (Pack of 2)","4.0","205","169.00","999.00","Other","Budget","Good","Low"
"AUTO SNAP 9 Inch HD 1280 Android Double Din Stereo Player 12 Android Version Gorilla Glass IPS Display Car Stereo Touch Sc...","4.1","56","5090.00","15999.00","Monitor","Mid Range","Good","Low"
"boAt Dual QC-PD Port Rapid Car Charger with 18W Qualcomm Quick Charge 3.0 Fast Charge, Smart IC Protection, Universal Comp...","4.3","2481","617.00","1499.00","Accessories","Budget","Good","Moderate"
"Amozo Back Cover For iPhone 12/ 12 Pro ( Poly Carbonate|Blue )","4.1","2293","284.00","999.00","Mobile Phone","Budget","Good","Moderate"
"TECH8 USA, Undetectable USB Mouse Jiggler, Works in Background, Keeps Teams, Skype, Lync and PC Active, No Software, Plug-...","4.3","929","999.00","1999.00","Accessories","Budget","Good","Low"
"Arxona Metallic camera ring lens protector (Tempered Glass) Black Colour for Apple Iphone 11/12/12 Mini to Protect the cam...","3.8","336","149.00","499.00","Mobile Phone","Budget","Average","Low"
"Redmi SonicBass Wireless in Ear Earphones with Mic Noise Cancellation, IPX4 Splash & Sweat Proof, Multi-Point Dual Pairin...","3.8","8004","1299.00","1599.00","Mobile Phone","Economy","Average","Popular"
"Amazon Brand - Solimo Thermoplastic Polyurethane Soft & Flexible Back Cover for Xiaomi Redmi Note 8 Pro (Transparent)","4.0","124","139.00","299.00","Mobile Phone","Budget","Good","Low"
"Samsung 25W Original Charger PD 3.0 USB C Adapter Compatible for Samsung Mobiles Phone Galaxy S20 FE 5G, S20+ 5G, S21, S21...","3.7","9","789.00","1599.00","Mobile Phone","Budget","Average","Low"
"Amkette iGrip Drive Compact Car Phone Holder with Quick Release Function | Strong and Durable | Silicone Base Clamp | Stic...","4.8","13","699.00","1199.00","Other","Budget","Excellent","Low"
"CEDO Xiaomi Redmi Pad (10.6 Inch) Flip Cover | Leather Finish | 360 Degree Rotate Flip Cover | Shockproof Style Back Cover...","4.8","19","399.00","999.00","Mobile Phone","Budget","Excellent","Low"
"Ambrane 20W USB Dual Port BoostedSpeed Charger with Power Delivery & Quick Charge, Made in India, Multi-Layer Protection, ...","3.9","789","699.00","1299.00","Accessories","Budget","Average","Low"
"Peiroks LCD Writing Pad/ Tablet for Kids, Study Tab, e-Slate, Notebook, Portable writting Learning Slate Erasable Electric...","4.3","1416","399.00","1999.00","Laptop","Budget","Good","Moderate"
"Sounce Watch Case Compatible for Fire-Boltt Ninja 3 Tempered Glass Screen Protector,HD Clear Touch Sensitive Ultra Thin TP...","4.0","5579","99.00","999.00","Other","Budget","Good","Popular"
"YAMAHA PSR-E373 61-Keys Portable Keyboard","4.6","1992","13963.00","15490.00","Accessories","Mid Range","Excellent","Moderate"
"Fire-Boltt Ninja Calling 1.69"" (4.29cm) Bluetooth Calling Smart Watch, Dial Pad, Speaker, AI Voice Assistant with 450 NITS...","4.1","33447","1999.00","7999.00","Speakers","Economy","Good","Very Popular"
"Fujifilm Instax Mini 9 Instant Camera (Smokey White)","4.3","10633","4299.00","5530.00","Camera","Economy","Good","Very Popular"
"Faber-Castell 379024 CS Acrylic Colours 9ML Set of 24","4.6","1288","534.00","590.00","Other","Budget","Excellent","Moderate"
"Redgear Shadow Vox Gaming Auxiliary, USB Unidirectional Microphone with RGB Lighting, Adjustable Tripod and Echo & Gain Co...","4.4","588","1799.00","3499.00","Other","Economy","Good","Low"
"HP Deskjet Ink Advantage 2778 AIO Printer, Copy, Scan, WiFi, Bluetooth, USB, Simple Setup Smart App, Ideal for Home.","3.8","2093","6299.00","7818.00","Printer","Mid Range","Average","Moderate"
"Spigen Rugged Armor Back Cover Case Compatible with Samsung Galaxy S20 FE 5G (TPU | Black)","4.5","20751","999.00","1699.00","Mobile Phone","Budget","Excellent","Very Popular"
"GoRogue Stud Foldable Wooden Mini Lapdesk for Couch, Sofa Bed, Study Tray Table Stand for Writing (Walnut)","4.2","1988","601.00","1499.00","Other","Budget","Good","Moderate"
"Pikkme Mi Redmi 10A / Redmi 9 / Redmi 9 Activ / 9C / Poco C31 Flip Cover Magnetic Leather Wallet Case Shockproof TPU for M...","4.2","2776","199.00","999.00","Mobile Phone","Budget","Good","Moderate"
"MICROWARE VGA to HDMI Adapter VGA to HDMI Converter VGA Male to HDMI Female with 3.5MM Audio Jack Full HD 1080P for Connec...","3.5","480","549.00","1999.00","Accessories","Budget","Average","Low"
"Ajanta Extension Cord Heavy Duty Wire Spike & Surge Guard 4 Way Extension Boards Charging Station with Multiple Plug for H...","4.3","1582","653.00","695.00","Other","Budget","Good","Moderate"
"Onsitego 2 Year Extended Warranty for Small Household Appliances from Rs. 1001-1500 (Email Delivery - No Physical Kit)","5.0","1","125.00","249.00","Other","Budget","Excellent","Low"
"Regor Tabletop Finger Grip & Mobile Holder Mobile Stand Phone Holder for Hand & Mobile Back Holder Grip Great for Selfie &...","4.2","2199","325.00","500.00","Mobile Phone","Budget","Good","Moderate"
"CP PLUS 2MP Full HD Wi-fi CCTV Camera | 360°View PT Camera | Human Detection & Motion Tracking | Cloud Monitoring | 2-Way ...","3.9","239","1999.00","7600.00","Television","Economy","Average","Low"
"Emilydeals Charger for Fitbit Versa 3/Versa 4/Sense/Sense 2, Replacement Charging Cable Cord for Fitbit Sense/Sense 2/Vers...","4.6","341","427.00","999.00","Accessories","Budget","Excellent","Low"
"DUDAO USB C to 3.5Mm Aux Audio Cable, Type C to 3.5Mm Aux Cord Pin Adapter for OnePlus 7Pro/7/6t/8/Nord and All Type C Mob...","3.9","153","215.65","557.00","Mobile Phone","Budget","Average","Low"
"Nokia T20 Tab with 10.36 Inch(26cm) 2K Screen, Low Blue Light, Wi-Fi, 8200mAh Battery, Android 11 with 2 Years of OS Upgra...","4.0","1150","14099.00","19499.00","Networking","Mid Range","Good","Moderate"
"JIYAMART Foldable Wooden Laptop Bed Tray Table, Multifunction Lap Tablet Desk with Cup Holder, Perfect for Eating Breakfas...","4.8","13","399.00","799.00","Laptop","Budget","Excellent","Low"
"UN1QUE X1 Mini Fan Portable Hand Fan with Powerful Brushless Motor - Small, Lightweight,3 Speeds,USB Rechargeable for Indo...","3.4","9","499.00","999.00","Other","Budget","Average","Low"
"HyperX Cloud Stinger 2 Core Essential PC Gaming Wired Headset, Lightweight Over-Ear Headset with mic, Swivel-to-Mute Funct...","4.3","34","3090.00","4797.00","Headphones","Economy","Good","Low"
"Verilux® Wireless Mouse Rechargeable, Upgraded Ultra Slim 2.4G Silent Cordless Mouse Computer Mice 1600 DPI with USB Recei...","4.1","361","791.00","1152.00","Accessories","Budget","Good","Low"
"Honor MagicBook X14, 11th Gen Intel Core i5-1135G7, 14-inch (35.56 cm) FHD IPS Anti-Glare Thin and Light Laptop (8GB/512GB...","4.1","27","48990.00","66999.00","Laptop","Premium","Good","Low"
"IKALL K100 1.8 Inch Display Keypad Mobile (Dual Sim, 1000 mAh Battery) (Blue)","3.5","10","699.00","999.00","Mobile Phone","Budget","Average","Low"
"Amazon Brand - Solimo Thermoplastic Polyurethane Anti Dust Plug Mobile Cover Soft and Flexible Back Cover for Samsung Gala...","4.1","62","149.00","499.00","Mobile Phone","Budget","Good","Low"
"Gizga Essentials Professional Super Air Blower Pump for Cleaning Dust with Hi Performance Silicone Squeeze Bulb for DSLR C...","3.9","2269","149.00","399.00","Camera","Budget","Average","Moderate"
"boAt BassHeads 100 Delhi Capitals Edition Wired in Ear Earphones with Super Extra Bass, with mic, Hawk Inspired Design and...","4.1","375110","474.00","1499.00","Other","Budget","Good","Very Popular"
"TheGiftKart Ultra-Hybrid Crystal Clear Back Cover Case for iPhone 11 | Anti-Slip Grip Built-in | Bold Camera Protection Bu...","4.4","4","259.00","999.00","Mobile Phone","Budget","Good","Low"
"ELV Direct Tabletop Vertical Laptop Stand Holder, Desktop Aluminum Lapdesk Laptop Stand with Adjustable Dock Size, Fits Al...","4.3","673","799.00","1999.00","Laptop","Budget","Good","Low"
"Wayona Nylon Braided 6Ft Usb Data Sync And Charging Cable For Iphones, Ipad Air, Ipad Mini, Ipod Nano And Ipod Touch (6Ft,...","4.2","25351","419.00","1299.00","Mobile Phone","Budget","Good","Very Popular"
"Nokia G21 Android Smartphone, Dual SIM, 3-Day Battery Life, 6GB RAM + 128GB Storage, 50MP Triple AI Camera | Dusk","4.0","3521","13399.00","16999.00","Mobile Phone","Mid Range","Good","Moderate"
"AUNO Foldable Laptop Lap Desk, Portable Computer Bed Table Tray with Phone Stand and Cup Holder for Bed/Couch/Sofa Workin...","4.0","26","219.00","699.00","Laptop","Budget","Good","Low"
"IFITech Bulb Shape Indoor HD 2304*1296 (3 Megapixels) CCTV WiFi Camera | Motion Sensor LED Light | Pan/Tilt & 110� Wide An...","3.3","177","1895.00","4500.00","Mobile Phone","Economy","Average","Low"
"Samsung Galaxy Tab A8 10.5 inches Display, RAM 4 GB, ROM 64 GB Expandable, Wi-Fi+LTE Tablets, Silver,SM-X205NZSEINU","4.3","3191","19999.00","28799.00","Mobile Phone","Mid Range","Good","Moderate"
"Omron HN 286 Ultra Thin Automatic Personal Digital Weight Scale With Large LCD Display and 4 Sensor Technology For Accurat...","4.1","6557","1699.00","2620.00","Monitor","Economy","Good","Popular"
"Amazon Basics 16-Gauge Speaker Wire - 50 Feet, Transparent","4.4","12321","399.00","795.00","Speakers","Budget","Good","Very Popular"
"OpenTech® Tempered Glass Screen Protector Compatible for Samsung Galaxy M32 / F22 / A32 / A31 (Transparent) Full Screen Co...","4.0","9927","149.00","999.00","Mobile Phone","Budget","Good","Popular"
"CEDO Samsung M53 (5G) Case Back Cover Shockproof Bumper Crystal Clear | 360 Degree Protection TPU+PC | Camera Protection |...","4.1","97","229.00","999.00","Camera","Budget","Good","Low"
"POPIO Type C Dash Charging USB Data Cable for OnePlus Devices","3.9","8398","350.00","599.00","Mobile Phone","Budget","Average","Popular"
"Hello Zone Exclusive Matte Finish Soft Back Case Cover for Apple iPhone 5 / 5S / Se - Black","3.9","91","149.00","699.00","Mobile Phone","Budget","Average","Low"
"SKYVIK SIGNI X Mobile Camera 20x Macro Lens Kit","3.9","3577","1079.00","1499.00","Mobile Phone","Economy","Average","Moderate"
"Redmi K50i 5G (Phantom Blue, 8GB RAM, 256GB Storage)| Flagship Mediatek Dimensity 8100 Processor | 144Hz Liquid FFS Display","4.0","7756","26999.00","35999.00","Mobile Phone","Premium","Good","Popular"
"TAGG Sonic Angle 2 14W Portable Bluetooth Speakers Wireless with Dedicated Bass Radiator || Dual Stereo, Waterproof, 10 hr...","4.1","294","1799.00","6999.00","Speakers","Economy","Good","Low"
"Spigen Ultra Hybrid Back Cover Case for iPhone 11 (TPU + Poly Carbonate | Crystal Clear)","4.4","100251","1199.00","1899.00","Mobile Phone","Economy","Good","Very Popular"
"BKN® Universal Mobile Stand for Table with Adjustable Height | 360 Degree Rotation Mobile Holder for Live Broadcast | Bed...","3.4","25","293.00","1199.00","Mobile Phone","Budget","Average","Low"
"Powerpak 5-in-1 Collapsible Photo Light Reflector 42"" (110 cm), Multi Color","4.4","1211","949.00","1400.00","Other","Budget","Good","Moderate"
"Belkin Privacy Tempered Glass for iPhone 12/12 Pro Screen Protector with Easy Application Tray","4.0","418","601.00","3466.00","Mobile Phone","Budget","Good","Low"
"mobistyle iPhone 14 Pro Max Cover,Luxury Electroplating TPU Case, Individual Camera Protection for Each Lens Back Cover fo...","3.8","56","424.00","999.00","Mobile Phone","Budget","Average","Low"
"Fossil Gen 5E Smartwatch with AMOLED Screen, Wear OS by Google, Built-in Speaker for Phone Calls, Google Assistant, SpO2, ...","3.9","12323","11995.00","18495.00","Speakers","Mid Range","Average","Very Popular"
"OJOS Compatible with MacBook Air 13.6 inch Case 2022 Release A2681 M2 Chip with Liquid Retina Display & Touch ID, Protecti...","4.1","170","1099.00","3999.00","Laptop","Economy","Good","Low"
"DIGITEK® (DTR 455 LT) (51 Inch) Tripod for Smartphones & Cameras with Mobile Holder and Carry Bag, Max Operating Height - ...","3.6","7321","699.00","999.00","Mobile Phone","Budget","Average","Popular"
"Amazon Basics USB A to Lightning Aluminum with Nylon Braided MFi Certified Charging Cable (Grey, 1.8 meter)","4.2","21501","1049.00","1999.00","Other","Economy","Good","Very Popular"
"boAt Stone 1200 14W Bluetooth Speaker with Upto 9 Hours Battery, RGB LEDs, IPX7 and TWS Feature((Techno Purple)","4.2","15462","3699.00","6990.00","Earbuds","Economy","Good","Very Popular"
"Oraimo Palm Wireless Bluetooth Speaker Portable Speaker with 8W Studio Quality Sound, Powerful Bass, 5 Hours Playtime, IPX...","3.8","399","699.00","2499.00","Speakers","Budget","Average","Low"
"OpenTech® Tempered Glass Screen Protector Compatible for Xiaomi Poco F3 / Poco F3 GT/Poco F4 / Poco F4 GT/Poco X3 / Poco X...","4.3","4103","299.00","999.00","Mobile Phone","Budget","Good","Moderate"
"OREI US to India Converter Plug, Universal Adapter Plug India, USA, UK to India Adapter Plug - Type D Adapter - 2 in 1 Can...","4.3","7836","442.00","749.00","Accessories","Budget","Good","Popular"
"Amazon Basics Tough Rugged Shockproof with Lock Cover Case Compatible with AirPods Pro 2 / AirPods Pro GEN-2 (2022)","3.9","80","519.00","1499.00","Earbuds","Budget","Average","Low"
"DIGITEK® (DRL 018) Professional 46 CM (18 inch) Big LED Ring Light with 2 Color Modes Dimmable Lighting, Photo-shoot, Vide...","4.0","4707","3899.00","5995.00","Other","Economy","Good","Moderate"
"JK Cedar - A4, 500 Sheets, 100 GSM, 1 Ream","4.2","749","620.00","1000.00","Other","Budget","Good","Low"
"Amazon Basics LED Ring Light (12-inch) with Hot Shoe Adapter, Stand & Cameras, and 3 Temperature Modes","4.5","6493","1299.00","2399.00","Camera","Economy","Excellent","Popular"
"TP-Link AC1750 Mbps Smart WiFi Gaming Dual_Band Gigabit Wireless Internet Router for Home, for Alexa, VPN Server, Parental...","4.4","12233","2999.00","7999.00","Networking","Economy","Good","Very Popular"
"BESTOR® Portable Ruff 12 inches LCD Paperless Memo Digital Tablet Notepad Scribble Board/E-Writer/Writing/Drawing Pad/Digi...","3.9","1589","449.00","1399.00","Tablet","Budget","Average","Moderate"
"CEDO Samsung M12 / A12 / F12 Tempered Glass | Screen Protector Full Glue Coverage Edge to Edge Tempered Glass for Samsung ...","3.9","2668","149.00","999.00","Other","Budget","Average","Moderate"
"Amazon Brand - Solimo Silicone Mobile Case for Apple iPhone 13 (Clear)","3.8","172","119.00","299.00","Mobile Phone","Budget","Average","Low"
"F&D A140X 74 W 2.1 Channel Bluetooth Multimedia Speakers with Subwoofer Satellite Speaker, Remote, Digital FM & USB (Black)","4.1","4038","3899.00","4990.00","Speakers","Economy","Good","Moderate"
"TheGiftKart Shockproof Crystal Clear Back Cover Case for OnePlus 5T | 360 Degree Protection | Protective Design | Transpar...","4.2","70","284.00","999.00","Mobile Phone","Budget","Good","Low"
"LUNAGARIYA, Protective Cover for Sony HD Smart Android 4K LED TV Remote Control,PU Leather Cover Holder (Before Placing Or...","4.1","1282","249.00","399.00","Television","Budget","Good","Moderate"
"Leaf Bass Wireless Bluetooth Over Ear Headphones with Mic and 10 Hours Battery Life, Over Ear Headphones with Super Soft C...","3.8","19229","999.00","1999.00","Headphones","Budget","Average","Very Popular"
"Mivi Duopods A25 Bluetooth Truly Wireless in Ear Earbuds with Mic with 40Hours Battery, 13Mm Bass Drivers & Made in India....","3.6","35627","1099.00","1999.00","Earbuds","Economy","Average","Very Popular"
"BISMAADH 35 in 1 Gayatri Mantra Chanting Box Mini Plug Device (White)","4.1","146","299.00","699.00","Other","Budget","Good","Low"
"Spigen EZ Fit Tempered Glass Screen Protector Guard for iPhone 14/13/13 Pro - 2 Pack (Privacy)","4.2","1555","1599.00","2899.00","Mobile Phone","Economy","Good","Moderate"
"Portronics Adapto 62 POR-1062 USB Wall Adapter with 2.4A Fast Charging Single USB Port Without Cable for All iOS & Android...","3.9","5156","269.00","399.00","Accessories","Budget","Average","Popular"
"OFIXO Durable Soft 1.50 Meter 150 cm Sewing Tailor Tape Body Measuring Measure Ruler Dressmaking","4.2","3260","149.00","299.00","Other","Budget","Good","Moderate"
"CEDO Tempered Glass for iPad 7, 8, 9 Gen - 10.2 inch | Screen Protector Tempered Glass for iPad Tab 7th / 8th / 9th Genera...","4.2","2347","349.00","999.00","Tablet","Budget","Good","Moderate"
"OpenTech® Tempered Glass Screen Protector Compatible for Google Pixel 6A with Edge to Edge Coverage and Easy Installation kit","4.2","381","289.00","999.00","Mobile Phone","Budget","Good","Low"
"AmazonBasics Magnetic Framed Dry Erase White Board, 23 x 35 Inch","4.3","14542","1599.00","2500.00","Other","Economy","Good","Very Popular"
"Blaupunkt SBA10 10W Bluetooth Soundbar Speaker for TV with Bluetooth, AUX, USB, TWS Mini Soundbar for TV/PC/Projectors/Tab...","3.9","11455","1199.00","2499.00","Earbuds","Economy","Average","Very Popular"
"Pilot Frixion C3 Roller Ball Pen","4.3","700","263.00","285.00","Other","Budget","Good","Low"
"LG 139 cm (55 inches) 4K Ultra HD Smart LED TV 55UQ7500PSF (Ceramic Black)","4.3","1658","45990.00","79990.00","Television","Premium","Good","Moderate"
"Oblivion USB LED Desk Light Adjustable & Eye Protection | Portable & Flexible Table Lamp for Reading, Working on PC, Lapto...","4.6","72","99.00","169.00","Other","Budget","Excellent","Low"
"XTRENGTH Advanced HD+ Full Glue Tempered Glass Screen Protector designed for Google Pixel 6 (6.4"") - Edge to Edge Full Scr...","4.2","783","249.00","999.00","Mobile Phone","Budget","Good","Low"
"(Renewed) Boult Drift Bluetooth Calling, 1.69inch HD Display Smartwatch (Blue Strap, Free Size)","3.6","6","1274.00","7999.00","Monitor","Economy","Average","Low"
"Faber-Castell Grip Erasable Crayon Set - Pack of 24 (Assorted)","4.5","4231","162.00","165.00","Other","Budget","Excellent","Moderate"
"Ultra New Series Ultra Smart Watch Ultra Smartwatch Men Women Bluetooth Call Waterproof Wireless Charging HD Screen (Orange)","2.7","6","1790.00","5999.00","Smartwatch","Economy","Poor","Low"
"BESTOR ® 8K HDMI 2.1 Cable 48Gbps 9.80FT/ Ultra High Speed HDMI Braided Cord-4K@120Hz 8K@60Hz, DTS:X, HDCP 2.2 & 2.3, HDR ...","4.4","511","719.00","1999.00","Other","Budget","Good","Low"
"Softly Print 12A Q2612A Toner Cartridge for HP Laserjet Laserjet 1010, 1012, 1018, 1020, 1020 Plus, 1022, 3050, 3052, 3055...","3.9","579","599.00","2199.00","Other","Budget","Average","Low"
"HP 430 Multi-Device Bluetooth Wireless Mouse with 4 Programmable Buttons/ 800 DPI - 4000 DPI/Fast Scrolling/Compatibility ...","4.5","113","1498.00","2999.00","Accessories","Economy","Excellent","Low"
"Crysendo Headphone Cushion for Boat Rockers 510 Headphones | Replacement Ear Cushion Foam Cover Ear Pads Soft Cushion | PU...","4.3","14","499.00","849.00","Headphones","Budget","Good","Low"
"Amazon Brand - Solimo Soft & Flexible Back Cover for OnePlus 6T (Transparent)","4.1","165","139.00","499.00","Mobile Phone","Budget","Good","Low"
"Samsung Galaxy S23 Ultra 5G (Phantom Black, 12GB, 256GB Storage)","4.4","91","124999.00","149999.00","Mobile Phone","Luxury","Good","Low"
"Inefable (16 Pcs) Multicoloured Protection Spiral Cable & Wire Protectors Spring Wire for All Wired Accessories for USB Ch...","3.8","236","99.00","599.00","Other","Budget","Average","Low"
"Lenovo L-Series 68.58 cm (27 inch) FHD IPS Ultraslim Monitor |16.7 Mn Colors, 75Hz, 4ms, AMD FreeSync, HDMI, TUV Eye Comfo...","4.4","249","11699.00","21390.00","Monitor","Mid Range","Good","Low"
"JGD PRODUCTS Premium Transparent Soft Silicon Back Cover for Samsung Galaxy F23 5G (2022) [Transparent] Crystal Clear","4.0","211","149.00","699.00","Mobile Phone","Budget","Good","Low"
"Electvision Remote Control for led Smart tv Compatible with VU Smart Led (Without Voice)","3.8","232","349.00","999.00","Television","Budget","Average","Low"
"Zeffcon® - Combo Pack of 10 Pc BNC Connector with Copper Wire Moulded - 18CM and 10 Pc DC Power Pigtail Male Cables with ...","3.7","1153","165.00","999.00","Other","Budget","Average","Moderate"
"rts (2 Pack) USB 3.1 Type C USB C Female to USB Male Adapter USB-C Female to USB Male, USB Type C Female to USB OTG Adapte...","4.3","5216","294.00","4999.00","Accessories","Budget","Good","Popular"
"RISSACHI Heavy Duty TV Wall Mount Bracket for 14 inch to 42 inch LCD/LED/Monitor/Smart TV, Fixed Universal TV Wall Stand (...","3.8","395","349.00","499.00","Television","Budget","Average","Low"
"Ceptics India to European Travel Adapter (Schuko) - Type E/F India to Europe - CE Certified - RoHS Compliant - White - 1 P...","4.3","16719","390.00","749.00","Accessories","Budget","Good","Very Popular"
"Parker Frontier Stainless Steel Roller Ball Pen (Ink - Blue)","4.3","1598","519.00","650.00","Other","Budget","Good","Moderate"
"Nokia 225 4G Dual SIM Feature Phone with Long Battery Life, Camera, Multiplayer Games, and Premium Finish – Black Colour","3.5","5650","3749.00","4399.00","Camera","Economy","Average","Popular"
"Pidilite Fevicryl Acrylic Painting Color (Prussian Blue, 500ml)","4.5","158","209.00","350.00","Other","Budget","Excellent","Low"
"boAt Airdopes 393ANC True Wireless in Ear Earbuds with 32dB Hybrid ANC, Quad Mics with ENx™ Tech, 30 Hours Playback,Beast™...","3.7","67","2299.00","4990.00","Earbuds","Economy","Average","Low"
"Pikkme Redmi Note 7 Pro/Note 7 /Note 7S Flip Cover Case | Leather flip Back Covers Cases for Redmi Note 7 Pro/Note 7 / Not...","4.2","1616","199.00","999.00","Mobile Phone","Budget","Good","Moderate"
"Panasonic Single Line Digital Cordless Telephone, Black","4.0","8063","2648.00","3400.00","Other","Economy","Good","Popular"
"SKYVIK TRUHOLD StickOn Magnetic Mount Mobile or Remote Holder for Car-Bike-Scooter-Home-Kitchen-Office-Desk-(Silver)","4.3","953","674.00","1299.00","Mobile Phone","Budget","Good","Low"
"AEIDESS Tempered Glass Screen Guard Compatible for OnePlus 7 Pro / 7T Pro with Edge to Edge Full Screen Coverage With Inst...","4.0","1613","251.00","999.00","Mobile Phone","Budget","Good","Moderate"
"WOW IMAGINE Soft Rubberised Back Cover | Inner Velvet Fabric Lining | Full Device & Camera Protection Back Case for 1+ One...","4.0","695","199.00","999.00","Camera","Budget","Good","Low"
"Kingston DataTraveler Exodia DTX/64 GB Pen Drive USB 3.2 Gen 1 (Multicolor)","4.2","23277","479.00","700.00","Other","Budget","Good","Very Popular"
"Mobilife LED Video Light,Camera Light,Computer Light for Zoom Meeting Photography Lighting 100 LED Beads with Clip and 3 C...","4.3","242","1699.00","3999.00","Camera","Economy","Good","Low"
"Amazon Brand - Solimo Back Cover for Samsung Galaxy M31 Prime / M31 / F41 (Silicone | Clear)","3.9","7416","139.00","399.00","Mobile Phone","Budget","Average","Popular"
"Rapidotzz Band Straps - 3 Pcs (Unisex) | Removable Straps ONLY for Amazfit Huami Bip, Amazfit Bip Lite, Noise, Firebolt, b...","3.9","11227","379.00","1499.00","Other","Budget","Average","Very Popular"
"DUDAO X14PROT Type-C Wired Earphones HiFi Stereo Headset in-Ear Attractive Designs Headphones with Microphone & Noise Canc...","3.8","11","809.10","1490.00","Headphones","Budget","Average","Low"
"CASON (DEVICE OF C)-Professional 8 X 40 HD Binoculars Powerful Lens 8X Zoom Portable Binocular Telescope with Pouch Outdoo...","3.9","2860","1775.00","2995.00","Other","Economy","Average","Moderate"
"Tough Lee Silicone Back Cover for OnePlus Nord 2 5G (Transparent)","4.1","221","227.00","999.00","Mobile Phone","Budget","Good","Low"
"Creative Pebble Plus 2.1 USB-Powered Desktop Speakers with Powerful Down-Firing Subwoofer and Far-Field Drivers, 8W RMS wi...","4.3","67650","3399.00","5999.00","Speakers","Economy","Good","Very Popular"
"Generic ESP8266 Nodemcu Esp8266 Lua Amica Wifi Internet of Things Development Board Cp2102 Iot","4.2","2127","339.00","799.00","Networking","Budget","Good","Moderate"
"AMKETTE PowerPro iPhone Fast Charging Cable, USB to 8-Pin Fast Charging with Up to 480 Mbps Transfer Speed and 1 Year warr...","4.0","723","99.00","299.00","Mobile Phone","Budget","Good","Low"
"Wayona Nylon Braided (2 Pack) USB Syncing and Charging Cable sync and Charging Cable for Iphone, Ipad, (3 FT Pack of 2, Bl...","4.2","25351","599.00","1999.00","Mobile Phone","Budget","Good","Very Popular"
"Portronics My Buddy D Wood Multipurpose Movable & Adjustable Table for Computer & Laptop(Sky Blue)","3.7","4","1699.00","2999.00","Laptop","Economy","Average","Low"
"Scarters Mouse Pad Vol. I for Work from Home/Office | Vegan Leather | Anti-Skid, Anti-Slip, Reversible use, Dual Color | S...","4.5","7547","329.00","799.00","Accessories","Budget","Excellent","Popular"
"Zipline Synthetic Leather Executive SMALL messenger bag for upto 13"" Laptop/Tablet for men women with multiple compartment...","3.9","240","938.00","2199.00","Laptop","Budget","Average","Low"
"Spigen Liquid Air Back Cover Case Compatible with iPhone 14 (TPU | Navy Blue)","4.5","176","899.00","2099.00","Mobile Phone","Budget","Excellent","Low"
"MAYA BALLE® Camera Lens Protector Compatible for iPhone 14/iPhone 14 Plus, [Anti-Scratch] Premium Tempered Glass Film Alum...","4.1","50","236.55","899.00","Mobile Phone","Budget","Good","Low"
"Robustrion Smart Trifold Hard Back Flip Stand Case Cover for Apple iPad 10.2 Cover iPad 9th Generation Cover 2021 8th Gen ...","4.3","5883","549.00","1999.00","Tablet","Budget","Good","Popular"
"ZEBRONICS Zeb-Blitz USB Gaming Wired On Ear Headphones with Mic with Dolby Atmos, RGB Led, Windows Software, Simulated 7.1...","4.2","1007","2399.00","5999.00","Headphones","Economy","Good","Moderate"
"Kodak Photo Paper High Gloss 200 GSM A4 Size 100 sheets","4.2","612","715.00","1500.00","Other","Budget","Good","Low"
"ESR Screen Protector Compatible with iPad 10.2 inch 9th Gen 2021/iPad 8th Gen 2020/iPad 7th Gen 2019, Scratch-Resistant 9H...","4.3","8055","1329.00","1699.00","Tablet","Economy","Good","Popular"
"OpenTech® Tempered Glass Screen Protector Compatible for Nothing Phone 1 with Edge to Edge Coverage and Easy Installation kit","4.2","381","251.00","999.00","Other","Budget","Good","Low"
"Amkette iGrip Easy View One Touch Car Mount for Dashboard and Windshield | 360 Degree Rotation | Compact Design | Re-usabl...","4.0","5539","664.00","999.00","Other","Budget","Good","Popular"
"Portronics Konnect J8 3-in-1 (USB A + Type C to 8 Pin + Type C) Fast Charging Cable with 60W Max Output, Nylon Braided, Fo...","4.9","11","479.00","799.00","Other","Budget","Excellent","Low"
"Smart Watch for men women boys 1.3"" OLED HD Display, Multiple watch Faces, SpO2 Monitoring, Sleep Monitor for Boys, Girls,...","4.6","16","399.00","1899.00","Monitor","Budget","Excellent","Low"
"Verilux ® USB C Hub, 6 in 1 Aluminum Multiport Adapter with 4K HDMI(30Hz), PD 87W&USB C Data Transfer, USB 3.0/2.0 Port, S...","4.0","2489","1189.00","1754.00","Accessories","Economy","Good","Moderate"
"Solotravel Electronic Gadget Accessories Nylon Organizer Bag For Cables Charger Power Cord Power Bank Hard Disk Headphone...","4.4","205","689.00","1299.00","Headphones","Budget","Good","Low"
"TheGiftKart Ultra-Hybrid Crystal Clear Back Cover Case for iPhone 12/12 PRO | Anti-Slip Grip Built-in | Bold Camera Protec...","4.8","16","259.00","999.00","Mobile Phone","Budget","Excellent","Low"
"8.5 inch LCD Writing pad for Kids Tablet Toys for Boys Girls Kid | Writing Tablet | Drawing pad Board | Digital Notepad | ...","4.5","88","348.00","999.00","Tablet","Budget","Excellent","Low"
"Amazon Brand - Solimo Portable Tyre Inflator, 12V (Black)","4.0","4426","1499.00","3000.00","Other","Economy","Good","Moderate"
"TheGiftKart Ultra-Hybrid Crystal Clear Back Case Cover for iPhone 14 PRO Back Cover Case | Slim Fit Shockproof Design | Ca...","4.6","153","399.00","999.00","Mobile Phone","Budget","Excellent","Low"
"Samsung Galaxy A14 5G (Light Green, 8GB, 128GB Storage) | Triple Rear Camera (50 MP Main) | Upto 16 GB RAM with RAM Plus |...","3.5","106","20999.00","22999.00","Mobile Phone","Premium","Average","Low"
"Spigen Ultra Hybrid Magfit Back Cover Case Compatible with MagSafe Designed for iPhone 14 Pro (TPU + Poly Carbonate | White)","4.5","2498","2299.00","3699.00","Mobile Phone","Economy","Excellent","Moderate"
"FUR JADEN Anti Theft 15.6 Inch Laptop Backpack with USB Charging Port and Anti Theft Pocket For Men Women Boys Girls","4.7","168","889.00","2000.00","Laptop","Budget","Excellent","Low"
"Half Moon 55 litres Travelling Laptop Bag/Rucksack Backpack for Luggage Travel Journey Trekking Hiking Bags for Men Women ...","4.0","324","979.00","2199.00","Laptop","Budget","Good","Low"
"Nokia 3310 Dual SIM Keypad Phone with MP3 Player, Wireless FM Radio and Rear Camera | Grey","4.1","17536","3749.00","4399.00","Camera","Economy","Good","Very Popular"
"rts [2 Pack] USB Type C to USB Male Adapter Mini Hi-speed USB Female (Type-C) to USB 2.0 Male Fast Charging & Data Sync OT...","4.3","5216","294.00","4999.00","Accessories","Budget","Good","Popular"
"iBall Decor 9-2.0 USB Powered Computer Multimedia Speakers with in-line Volume Controller, Black","4.0","11220","750.00","1599.00","Speakers","Budget","Good","Very Popular"
"Tecno Pop 5 LTE (Ice Blue, 2GB RAM,32GB Storage) | Front Flash | 8MP Dual Camera","4.1","6376","6299.00","8999.00","Camera","Mid Range","Good","Popular"
"ESR Clear Case Compatible For iPhone 14 and iPhone 13 Case, Shockproof Thin Silicone Cover, Yellowing-Resistant Slim Trans...","3.7","7021","474.00","1299.00","Mobile Phone","Budget","Average","Popular"
"Nokia C01 Plus 4G, 5.45” HD+ Screen, Selfie Camera with Front Flash (Grey)","3.4","3361","5335.00","7999.00","Camera","Mid Range","Average","Moderate"
"truke Fit 1+ Bluetooth 5.1 Truly Wireless in Ear Earbuds with mic, Dedicated Gaming Mode, 48hrs of Playtime, IPX4, Touch C...","3.6","5240","799.00","2799.00","Earbuds","Budget","Average","Popular"
"Epaal® Spiral Triple Color (2 Pcs) 1.4 Meters Each-Full Size Cable Cord Charger Protector Saver Winder for iPhone & Androi...","4.3","2278","189.00","299.00","Mobile Phone","Budget","Good","Moderate"
"Amazon Basics High Speed HDMI Cable (Gold-Plated, A Male to A Male) - Supports 4K @60Hz and Audio Return (6 Feet)","4.4","47","539.00","899.00","Other","Budget","Good","Low"
"Golden Wolf Backpack 35L Expandable Travel Backpack for Men and Women Anti-theft Laptop Bag with Lock Water-resistant Conv...","4.3","34","2564.00","4999.00","Laptop","Economy","Good","Low"
"iClever DK03 Bluetooth Keyboard and Mouse Set, Rechargeable Dual-Mode (Bluetooth + 2.4G) Wireless Keyboard and Mouse Set, ...","3.9","833","3499.00","3999.00","Accessories","Economy","Average","Low"
"rts High Speed Updated Mini Displayport Thunderbolt to HDMI Adapter for Unibody MacBook Pro iMac MacBook Air Mac Mini Lapt...","3.7","1216","364.00","2999.00","Laptop","Budget","Average","Moderate"
"Juarez JRZ23UK/NA 23"" Concert Size Ukulele Kit, AQUILA Strings, Sapele Body, Rosewood Fingerboard, Matte Finish, with Bag ...","4.2","5625","2529.00","3990.00","Other","Economy","Good","Popular"
"Agaro Blaze USBA to TypeC Nylon Braided 1.2M Cable","4.3","16085","129.00","495.00","Other","Budget","Good","Very Popular"
"AEIDESS Tempered Glass Screen Protector Compatible For Google Pixel 6A with Edge to Edge Coverage and Easy Installation Kit","3.9","887","219.00","999.00","Mobile Phone","Budget","Average","Low"
"iEDS Premium Sticky Lens Guard for Insta360 One X3 Action Camera Lens Guard","3.3","8","1299.00","2999.00","Camera","Economy","Average","Low"
"Tower Mouth Organ/Harmonica Key-C 24 Holes 48 Tones With Scale Changer","4.2","1255","749.00","999.00","Other","Budget","Good","Moderate"
"Sony WI-C310 Wireless Headphones with 15 Hrs Battery Life, Quick Charge, Magnetic Earbuds for Tangle Free Carrying, BT ver...","3.9","4641","2049.00","3290.00","Earbuds","Economy","Average","Moderate"
"Apple iPhone 14 Pro Max (128 GB) - Space Black","4.5","294","127999.00","139900.00","Mobile Phone","Luxury","Excellent","Low"
"POPIO Tempered Glass Compatible for Samsung Galaxy M31s / Samsung Galaxy A51 with Full Screen Coverage (except edges) and ...","3.9","8759","150.00","599.00","Mobile Phone","Budget","Average","Popular"
"Dell MS5120W-Black Pro Wireless Dual Connectivity Mouse (Bluetooth 5.0/Wireless 2.4G) with Programmable Button and 3Y Adva...","4.4","149","1999.00","3699.00","Accessories","Economy","Good","Low"
"boAt Wave Call Smart Watch, Smart Talk with Advanced Dedicated Bluetooth Calling Chip & Airdopes 121v2 in-Ear True Wireles...","3.8","23231","3198.00","10980.00","Earbuds","Economy","Average","Very Popular"
"Airtel DigitalTV HD Setup Box Remote","3.9","152","188.99","499.00","Television","Budget","Average","Low"
"SanDisk Ultra Shift USB Flash Drive USB 3.0, 100MB/s R, 64GB","4.2","69","449.00","1000.00","Other","Budget","Good","Low"
"CrossBeats Mini Bluetooth Receiver Wireless Bluetooth Car Adapter Mini Portable 3.5mm Aux Adapter and Build-in Mic for Car...","4.0","3558","1039.00","4999.00","Accessories","Economy","Good","Moderate"
"GOVO GOBASS 455 in Ear Wired Earphones with HD Mic for Calls, 10mm Dynamic Driver, Noise Cancellation (Platinum Black)","4.0","125","399.00","1149.00","Other","Budget","Good","Low"
"Binatone Trend 1 Digital Corded Landline Phone with Dedicated Flash Button, Wall Mounted Supported, alphanumerical keypad,...","4.0","4466","649.00","999.00","Other","Budget","Good","Moderate"
"Careflection || Bluetooth Receiver/Hands-Free Car Kit, Portable 3.5mm Bluetooth Aux Adapter Wireless Music Streaming for H...","2.7","20","299.00","599.00","Accessories","Budget","Poor","Low"
"Enlinea Edge to Edhe Screen Protector | Screen Guard for Ola S1 Pro | OLA S1 | OLA Air (Glossy)","3.9","348","249.00","999.00","Other","Budget","Average","Low"
"PiBOX India, USB 3.0 Hard Drive Docking Station (USB to SATA Docking Station) with 10TB+ Drive Support for 2.5 Inch & 3.5 ...","4.3","2150","1299.00","2999.00","Other","Economy","Good","Moderate"
"OpenTech® Tempered Glass Screen Protector Compatible for Fossil Gen 6 (Pack of 2) with Easy Installation kit","4.3","116","299.00","999.00","Other","Budget","Good","Low"
"Quantum Rapid Strike Mechanical Wired Gaming Keyboard with Dedicated Multimedia Keys, 6-Colour RGB LED, 12 Adjustable Ligh...","4.3","221","1424.00","2499.00","Accessories","Economy","Good","Low"
"iPhone Original 20W Super Fast PD Smart Charger with Cable Lighting Compatible for iPhone 14| 14 Plus| 13| iPhone 13 Pro| ...","3.3","7","839.00","1999.00","Mobile Phone","Budget","Average","Low"
"Parzo Ear Cushions for Bose QC35 - Ultra Soft Ear Pads Compatible with Bose Quietcomfort 35 & 35 ii Headphones (QC35 Cushi...","4.3","1705","990.00","1300.00","Headphones","Budget","Good","Moderate"
"Amazon Brand - Solimo Back Cover Case for Mi Redmi 9A / Mi Redmi 9i / Mi Redmi 9A Sport / Mi Redmi 9i Sport | (TPU | Matte...","4.0","429","139.00","299.00","Mobile Phone","Budget","Good","Low"
"IFB 6.5 Kg 5 Star Top Load Washing Machine Aqua Conserve (TL-REW 6.5KG AQUA, White, Hard Water Wash, Smart Sense)","4.3","2678","17590.00","19990.00","Other","Mid Range","Good","Moderate"
"G.SKILL Ripjaws SO-DIMM 8GB (1 * 8GB) DDR4 3200MHz CL22-22-22-52 1.20V Laptop Memory RAM - F4-3200C22S-8GRS","4.7","1362","1775.00","6599.00","Laptop","Economy","Excellent","Moderate"
"ZYNK CASE Back Cover for OnePlus 7T (Silicone_Black)","4.3","1129","299.00","1199.00","Mobile Phone","Budget","Good","Moderate"
"Zebronics BT4440RUCF 4.1 Channel Multimedia Speakers","4.0","12999","2799.00","4699.00","Speakers","Economy","Good","Very Popular"
"iPhone Original 20W PD Adapter Compatible for i-Phone 14/14 Plus/ 14 Pro/ 14 Pro Max, i-Phone 13/13 Pro/13 Pro Max/13 Min...","5.0","3","475.00","1499.00","Mobile Phone","Budget","Excellent","Low"
"GM 3061 EBook 4+4 Spike Adaptor with Individual Switch, Indicator, Safety Shutter, International Sockets & Surge Protector","4.5","1579","830.00","1034.00","Other","Budget","Excellent","Moderate"
"TheGiftKart Ultra-Hybrid Crystal Clear Back Cover Case for iPhone 14 Pro MAX | Slim Fit Shockproof Design | Camera Protect...","4.5","62","399.00","999.00","Mobile Phone","Budget","Excellent","Low"
"RESTONE Clear Magnetic Case for iPhone 12/12 Pro 6.1, Slim Fit Hard Back Soft Silicone TPU Bumper Cover, Cute Thin Shockpr...","4.4","1702","494.00","1999.00","Mobile Phone","Budget","Good","Moderate"
"CEDO Redmi Note 9 Back Cover | Matte Soft Silicon Flexible | Camera Bump Protection | All Side Shock Proof Rubberised Back...","4.1","1698","149.00","999.00","Mobile Phone","Budget","Good","Moderate"
"GIZGA essentials 14.1 inches Neoprene Protective Reversible Sleeve for laptopss, Notebook, Netbook, ChromeBook, Microsoft ...","4.1","3629","209.00","499.00","Laptop","Budget","Good","Moderate"
"Doubledicestore Tempered Glass Screen Protector Compatible for Samsung Galaxy M31 /M21 /M30/ A50S / A50 /A30S /A30/F41 wit...","3.9","4413","149.00","999.00","Mobile Phone","Budget","Average","Moderate"
"TRAXOT UI Water Proof Smart Watch Latest Bluetooth 1.3"" LED with Daily Activity Tracker, Heart Rate Sensor, BP Monitor, Sp...","3.4","79","499.00","2999.00","Monitor","Budget","Average","Low"
"Laptop Table Mate Multi Purpose Foldable, Adjustable Strong Table with 6 Heights, 3 Angles Adjustable for Laptop, Study, K...","4.5","2","849.00","999.00","Laptop","Budget","Excellent","Low"
"Rapidotzz Mi Band Straps - Pack of 1 (Black, Unisex) | Removable Straps ONLY for MI Band 3 and 4 | MultiColour | Free Size...","4.2","5127","269.00","1499.00","Other","Budget","Good","Popular"
"Red Lemon Swiss Cut Design Medium 26 L Laptop Backpack Outdoor Backpack fits 15.6 inch Multifunctional Laptop Bag Backpack...","4.4","632","1899.00","3999.00","Laptop","Economy","Good","Low"
"JBL Endurance Run 2, Sports in Ear Wired Earphones with Mic, Pure Bass, Sweatproof, Flexsoft eartips, Magnetic Earbuds, Fl...","4.2","25356","1199.00","1799.00","Earbuds","Economy","Good","Very Popular"
"Storite PU Leather Pocket Size Stainless Steel Multi Business Visiting Wallet Debit Credit Card Holders for Men & Women (...","4.4","696","299.00","1199.00","Other","Budget","Good","Low"
"D-Link R15 AX1500 Eagle PRO AI Dual-Band Smart Router, Wi-Fi 6, 4 Gigabit Ports, 4 External Antennae, Voice Control, Paren...","3.7","556","2659.00","5400.00","Networking","Economy","Average","Low"
"OILOCO Lighting Earphone for Calling and Music Compatible with i-Phone 6/7/8/X/11/12/13-6 Plus/7 Plus/8 Plus/XR/XR Max/11 ...","5.0","2","579.00","1499.00","Other","Budget","Excellent","Low"
"OFFENBERG Foldable Laptop Table with Cup Holder, Study Table, Bed Table, Breakfast Table, Foldable & Portable.->> (Wood)","4.0","10","225.00","999.00","Laptop","Budget","Good","Low"
"Acer Extensa 15 Lightweight Laptop Intel Core i3 11th Gen Processor - (8 GB/ 512 GB SSD/ Windows 11 Home/ 1.7kg/ Black/ El...","4.0","573","34490.00","44999.00","Laptop","Premium","Good","Low"
"Philips Audio Mms8085B/94 2.1 Channel 80W USB Multimedia Speaker System with Convertible Soundbar and Multi-Connectivity O...","4.0","12499","7490.00","9690.00","Speakers","Mid Range","Good","Very Popular"
"Sennheiser CX 300s Wired in Ear Earphones with Mic (Black)","4.0","4960","2762.00","3490.00","Other","Economy","Good","Moderate"
"EVM 2.5"" 512GB SATA SSD Next-gen 3D TLC NAND Internal SSD, Flash Fast Performance Ultra Low Power Consumption (EVM25, Black)","4.1","200","2214.00","7999.00","Other","Economy","Good","Low"
"Luminous LMU1202, 12V/24W, Micro DC UPS for WiFi Modem & Router, Power Backup & Protection","4.1","1743","1799.00","4000.00","Networking","Economy","Good","Moderate"
"FLiX (Beetel Flow 03M USB Type A to Micro USB Braided Charge and data Sync Cable, upto 15W(3A) super fast charging, upto 4...","4.0","10079","79.58","299.00","Other","Budget","Good","Very Popular"
"Poly by Plantronics - Blackwire 3220 Wired On Ear Headphones with Mic (Black)","4.1","827","3900.00","6499.00","Headphones","Economy","Good","Low"
"Syvo S-510 PRO 55-Inch (140CM) Aluminium Tripod, Universal Lightweight Tripod with Carry Bag for All Smart Phones, Gopro, ...","4.3","28644","898.00","4499.00","Other","Budget","Good","Very Popular"
"Wayona Nylon Braided (2 Pack) Lightning to USB Syncing and Fast Charging Data Cable Compatible for iPhone 13, 12, 11, X, ...","4.2","25351","649.00","1999.00","Mobile Phone","Budget","Good","Very Popular"
"tizum Earphone Carrying Case - Multi Purpose Pocket Storage with Carabinr Hook, Travel Organizer for Earphones, Pen Drive...","4.3","6407","229.00","699.00","Other","Budget","Good","Popular"
"Spigen Thin Fit Cover Case for Apple Watch SE2 / 6 / SE / 5/4 (44mm) Polycarbonate - Black (Watch not Included)","4.1","14226","899.00","1699.00","Other","Budget","Good","Very Popular"
"Epson T7741 Black Ink Bottle C13T774198","4.3","874","717.00","839.00","Other","Budget","Good","Low"
"Spigen Tough Armor Back Cover Case Compatible with OnePlus 11 (TPU + Poly Carbonate | Black)","4.0","12","2799.00","3099.00","Mobile Phone","Economy","Good","Low"
"Xifo LYF Earth 1 (3GB RAM, 32GB Storage) 4G Smartphone in White Colour","2.6","30","4199.00","25800.00","Mobile Phone","Economy","Poor","Low"
"Western Digital WD 5TB Elements Portable Hard Disk Drive, USB 3.0, Compatible with PC, PS4 and Xbox, External HDD (WDBHDW0...","4.4","25571","9648.00","13500.00","Other","Mid Range","Good","Very Popular"
"ZOUK Orange Wave Printed Handmade Vegan Leather Women's Office Bag for 15.6 inch Laptop with Double Handles - Tidalwave","4.4","1832","1699.00","4863.00","Laptop","Economy","Good","Moderate"
"VMT Stock OnePlus11R 5G Back Cover PC Back Case with Bumper Drop Protection Case Cover for OnePlus 11R 5G","3.0","6","299.00","999.00","Mobile Phone","Budget","Average","Low"
"GEOCARTER Multi-Purpose Wall Mount Mobile Holder Accessories Mobile Phone Charging Stand | Self Adhesive Smartphone AC TV ...","4.3","78","349.00","499.00","Mobile Phone","Budget","Good","Low"
"M.G.R.J® Tempered Glass Screen Protector Compatible for Samsung Galaxy Tab S6 Lite / S6 Lite (2022) (S Pen Compatible) (S...","4.1","1524","299.00","1999.00","Mobile Phone","Budget","Good","Moderate"
"Robustrion Trifold Flip Stand Back Case Cover for Realme Pad 10.4 inch - Black","4.3","583","469.00","1999.00","Mobile Phone","Budget","Good","Low"
"HB PLUS M3 Colorful Wireless Bluetooth Speakers Mini Electroplating Round Steel Speaker (Random Color) (Black)","4.1","25","407.00","1299.00","Speakers","Budget","Good","Low"
"Seagate One Touch 2TB External HDD with Password Protection – Space Gray, for Windows and Mac, with 3 yr Data Recovery Ser...","4.5","28685","5799.00","8999.00","Other","Mid Range","Excellent","Very Popular"
"Cosmic Byte CB-GK-18 Firefly Per-Key RGB TKL Mechanical Keyboard with Swappable Outemu Red Switch, Macros, Software (Black)","4.1","1668","2349.00","4999.00","Accessories","Economy","Good","Moderate"
"Pikkme iPhone 7/8 Back Cover | Flexible Pu Leather | Full Camera Protection | Raised Edges | Super Soft-Touch | Bumper Cas...","4.1","166","299.00","999.00","Mobile Phone","Budget","Good","Low"
"R for Rabbit Lullabies Automatic Swing Baby Cradle with Remote Control & Mosquito Net, Soothing Musical Swing Cradles, Ele...","3.9","1385","8991.00","10998.00","Other","Mid Range","Average","Moderate"
"Eveready Heavy Duty 1050 R20 Battery (Pack of 2)","4.1","492","58.01","90.00","Other","Budget","Good","Low"
"Lenovo Tab P11 Plus Tablet (11 inch (27.94 cm), 6 GB, 128 GB, Wi-Fi+LTE, Voice Calling), Slate Grey with 2K Display, Quad ...","4.3","353","26499.00","39000.00","Tablet","Premium","Good","Low"
"Crysendo Headphone Cushion Compatible with JBL Infinity Glide 500 & 700 Ear Cushion Pads | Replacement Ear Pad Covers | Pr...","4.4","255","449.00","849.00","Headphones","Budget","Good","Low"
"HAMMER Bash Over The Ear Wireless Bluetooth Headphones with Mic, Deep Bass, Foldable Headphones, Fast Pairing, Upto 8 Hour...","4.0","747","1999.00","8245.00","Headphones","Economy","Good","Low"
"CEDO Samsung M31 / F41 / M31 Prime Flip Cover | Leather Finish | Inside Pockets & Inbuilt Stand | Shockproof Wallet Style ...","4.1","4558","229.00","999.00","Other","Budget","Good","Moderate"
"Noise Flair in-Ear Wireless Bluetooth Smart Neckband Earphone with Touch Controls, 35 Hour Playtime, Environmental Cancell...","3.7","23273","1799.00","3999.00","Other","Economy","Average","Very Popular"
"Amazon Basics High Speed HDMI Cable (Gold-Plated, A Male to A Male) - Supports 4K @60Hz and Audio Return (3 Feet)","4.4","47","409.00","699.00","Other","Budget","Good","Low"
"Newlike Samsung Galaxy A14 5g Bumper Transparent Back Cover Clear Thin Case - for Samsung Galaxy A14 5g","3.6","5","249.00","999.00","Mobile Phone","Budget","Average","Low"
"Storite 45CM High Speed Micro USB 3.0 Cable A to Micro B for External & Desktop Hard Drives Black","4.2","2035","299.00","799.00","Other","Budget","Good","Moderate"
"SGJET 4 Universal Socket 3 Switch Multi Plug Extension Board/Extension Cord","3.3","137","179.00","499.00","Other","Budget","Average","Low"
"Pikkme Samsung Galaxy M30s / M21 / M21 2021 Flip Cover| PU Leather Finish | 360 Protection | Wallet & Stand | Strong Magne...","4.1","4918","199.00","999.00","Mobile Phone","Budget","Good","Moderate"
"FLiX Usb Charger,Flix (Beetel) Bolt 2.4 Dual Poart,5V/2.4A/12W Usb Wall Charger Fast Charging,Adapter For Android/Iphone 1...","3.8","2441","244.00","599.00","Mobile Phone","Budget","Average","Moderate"
"HP x5600B 64GB OTG (Type B) usb3.2 Pen Drive, Grey & Black","4.0","284","649.00","2300.00","Other","Budget","Good","Low"
"TheGiftKart Crystal Clear Back Cover Case for Samsung Galaxy A23 4G / A23 5G | 360 Degree Protection | Shock Proof Design...","4.4","318","279.00","999.00","Mobile Phone","Budget","Good","Low"
"OREI India to USA Converter Plug, Japan, Canada Adapter - Type B USA Travel Adapter - 2 in 1 - Perfect for Laptop, Camera ...","4.3","11400","548.00","999.00","Laptop","Budget","Good","Very Popular"
"DEVCOMM Silicone Keyboard Skin Protector Keyguard Keyboard Dust Cover Keyboard Skin for Laptop 15.6 inches (3.93 x 11.99 x...","3.4","52","98.00","99.00","Laptop","Budget","Average","Low"
"Pidilite Fevicryl Acrylic Painting Color (Lemon Yellow, 500ml)","4.4","184","259.00","310.00","Other","Budget","Good","Low"
"XP-PEN Star03 V2 8192 Levels of Pressure Sensitivity, Battery-Free Stylus, 8 Shortcut Keys and 8 nibs Graphics Drawing Tab...","4.3","3748","4499.00","7499.00","Other","Economy","Good","Moderate"
"ZEBRONICS Gaming AC32FHD LED Curved 165Hz 80cm (32"") 1920x1080 Pixels FHD Resolution Monitor with Display Port + HDMI Dual...","4.0","134","16999.00","44999.00","Mobile Phone","Mid Range","Good","Low"
"Robustrion Trifold Flip Cover for Apple iPad Cover 10.2 inch / iPad 9th Generation Cover / iPad 8th Generation / iPad 7th ...","4.3","5883","599.00","1999.00","Tablet","Budget","Good","Popular"
"Lenovo GX20K11840 45W Laptop Adapter/Charger with Power Cord for Select Models of Lenovo (Round pin) - Black","4.1","410","1299.00","2490.00","Laptop","Economy","Good","Low"
"CEDO Samsung M33 5G Back Cover | Matte Soft Silicon Flexible | Camera Bump Protection | All Side Shock Proof Rubberised Ba...","3.9","513","149.00","999.00","Camera","Budget","Average","Low"
"STXXOR A-1 Armband for Running Waterproof Washable Mobile Holder Arm Band for Fitness Gym Outdoor Sports, Armband for iPho...","4.3","109","149.00","999.00","Mobile Phone","Budget","Good","Low"
"TheGiftKart Back Case Cover for Samsung Galaxy S21 FE 5G Back Case Cover | Tough Armor Bumper | Ring Holder & Kickstand i...","4.3","177","399.00","999.00","Mobile Phone","Budget","Good","Low"
"Logitech K380 Wireless Multi-Device Bluetooth Keyboard for Windows, Apple iOS, Apple Tv, Android Or Chrome, for Pc/Mac/Lap...","4.5","16899","2495.00","3195.00","Accessories","Economy","Excellent","Very Popular"
"BlueRigger High Speed HDMI Cable with Ethernet - Supports 3D, 4K 60Hz, Audio Return - Latest Version (10 Feet / 3 Meters)","4.4","44647","399.00","18899.00","Other","Budget","Good","Very Popular"
"Verilux® Wireless Mouse Rechargeable, Upgraded Ultra Slim 2.4G Silent Cordless Mouse Computer Mice 1600 DPI with USB Recei...","4.1","361","791.00","1543.00","Accessories","Budget","Good","Low"
"AmazonBasics USB A to Lightning PVC Molded Nylon MFi Certified Charging Cable for Tablet, Personal Computer, Smartphone (B...","4.2","34723","609.00","1999.00","Mobile Phone","Budget","Good","Very Popular"
"Boosty® 6x9FT Chroma Green Backdrop Green Screen Background Photo Light Studio Green Photography Background for VFX Editin...","3.8","1301","329.00","899.00","Other","Budget","Average","Moderate"
"Hanumex® 8x12 FT Premium Professional Backdrop Chromakey Screen Background Photo Light Studio Photography Background for V...","3.9","6486","496.00","1199.00","Other","Budget","Average","Popular"
"Portable In-Ear TWS Bluetooth L-21 Earbuds Bluetooth Headset with Chaging Case (with Mic)","3.3","163","399.00","799.00","Earbuds","Budget","Average","Low"
"Ambrane 50000mAh Power Bank, 20W Fast Charging, Metallic Body, Triple Output, Type C PD (Input & Output), Li-Polymer, Mult...","4.1","599","4499.00","6999.00","Accessories","Economy","Good","Low"
"OFIXO Card","3.8","404","198.00","199.00","Other","Budget","Average","Low"
"AFRITEE Desk Pad Protector Mat - Dual Side PU Leather Desk Mat Large Mouse Pad Waterproof Desk Organizers Office Home Tabl...","4.2","8217","535.00","1299.00","Accessories","Budget","Good","Popular"
"Redgear Blaze 7 Colour Backlit Wired Gaming Keyboard with Full Aluminium Body Windows Key Lock","4.3","8808","999.00","1499.00","Accessories","Budget","Good","Popular"
"HP Smart Tank 589 All-in-one WiFi Colour Printer (Upto 6000 Black and 6000 Colour Pages Included in The Box). - Print, Sca...","3.7","8","14599.00","17829.00","Printer","Mid Range","Average","Low"
"Spigen Ultra Hybrid Magfit Back Cover Case Compatible with MagSafe Designed for iPhone 14 Pro Max (TPU + Poly Carbonate | ...","4.3","3342","2299.00","3699.00","Mobile Phone","Economy","Good","Moderate"
"TheGiftKart Crystal Clear Back Cover Case for OnePlus Nord 2 5G / OnePlus Nord 2 5G Pac-Man Edition | 360 Degree Protectio...","4.3","4397","284.00","999.00","Mobile Phone","Budget","Good","Moderate"
"iClever GK08 Wireless USB Keyboard and Mouse Set - Type-C Rechargeable Wireless Keyboard Ergonomic Full Size Design with N...","4.2","6752","2699.00","3999.00","Accessories","Economy","Good","Popular"
"TheGiftKart Crystal Clear Back Cover Case for Mi Redmi K20 / K20 Pro | 360 Degree Protection | Shock Proof Design | Transp...","4.2","242","284.00","999.00","Mobile Phone","Budget","Good","Low"
"Samsung Galaxy S23 5G (Phantom Black, 8GB, 256GB Storage)","4.4","127","79999.00","95999.00","Mobile Phone","Luxury","Good","Low"
"Zebronics Zeb-County 3 Portable Wireless Speaker Supporting Bluetooth v5.0, FM Radio, Call Function, Built-in Rechargeable...","3.8","5564","549.00","999.00","Speakers","Budget","Average","Popular"
"Rapidotzz Band Straps - 3 Pcs (Unisex) | Removable Straps ONLY for Amazfit Bip, Amazfit GTS, Galaxy Watch Active 2, Gear S...","3.9","11227","389.00","1499.00","Mobile Phone","Budget","Average","Very Popular"
"Samsung Galaxy A14 5G (Black, 4GB, 64GB Storage) | Triple Rear Camera (50 MP Main) | Upto 8 GB RAM with RAM Plus | Travel ...","3.5","106","16499.00","18499.00","Mobile Phone","Mid Range","Average","Low"
"Syvo S-11 Camera Tripod, Mini Flexible Tripod Stand with Hidden Phone Holder w Cold Shoe Mount, 1/4'' Screw for Magic Arm,...","4.3","28644","999.00","2999.00","Camera","Budget","Good","Very Popular"
"INVICTO TG113 Portable Bluetooth Speaker with USB/Micro SD Card/AUX/Mic Multimedia Speaker System Super Bass Compatible wi...","3.4","48","299.00","999.00","Speakers","Budget","Average","Low"
"TheGiftKart Crystal Clear Back Cover Case for Motorola Moto G52 / G82 5G | 360 Degree Protection | Shock Proof Design | Tr...","4.1","182","349.00","999.00","Other","Budget","Good","Low"
"ikis 2 pcs Portable Mini USB Dragon Fan with 2 Leaf Connect with Laptop, Smartphone, Powerbank, USB Adapter/Hub (Multicolour)","3.6","367","149.00","415.00","Laptop","Budget","Average","Low"
"OFIXO RFID Credit Card Holder Protector Credit Card Wallet Slim RFID Metal Credit Card Case for Women or Men (MATT Black)","4.0","4070","296.00","499.00","Other","Budget","Good","Moderate"
"IFB 20 Litre Solo Microwave Oven (20PM-MEC2) White","4.3","3640","5899.00","7190.00","Other","Mid Range","Good","Moderate"
"AEIDESS Tempered Glass/Screen Guard Compatible for OnePlus 8 with Edge to Edge Full Screen Coverage (Transparent) Installa...","4.0","2214","251.00","999.00","Mobile Phone","Budget","Good","Moderate"
"GoldMedal (EA Poonawala) 360° Power Strip High Grade Adapter (With 6-Outlet International Sockets, Master Switch, Indicator)","4.5","2561","590.00","645.00","Accessories","Budget","Excellent","Moderate"
"Humble Stainless Steel 19mm Chain Strap with Magnetic Buckle Compatible with Noise Colorfit Pro 2 , Boat Storm Smart Watch...","3.9","730","309.00","799.00","Smartwatch","Budget","Average","Low"
"Paraspapermart PPM Rubber Band - Fluorescent Color 2 inch Pack of 50 Grams - for Office/Home and Kitchen Use","4.1","1029","165.00","250.00","Other","Budget","Good","Moderate"
"Acer 109 cm (43 inches) H Series 4K Ultra HD Android Smart LED TV AR43AR2851UDPRO (Black)","4.4","2687","25999.00","36990.00","Television","Premium","Good","Moderate"
"4 Way Spike and Surge Guard","4.1","594","346.60","399.00","Other","Budget","Good","Low"
"dr.com Smart UPS Mini Size 8000mAh Battery 6 Hours uninterrupted Power Backup for Router, Home Camera, LED Lights, Smartph...","4.1","3074","1599.00","2499.00","Camera","Economy","Good","Moderate"
"AGARO 3.5mm Aux Male to Female Extension Cable, Audio Cable with Microphone Gold Plated Jack Nylon Braided for Car, Media ...","4.2","98","199.00","499.00","Other","Budget","Good","Low"
"ProElite Smart Flip Case Cover for Apple iPad 9.7 inch 5th/6th Gen Air 1 Air 2 A1822 A1823 A1893 A1954 with Stylus Pen, Tr...","4.3","3886","549.00","1499.00","Tablet","Budget","Good","Moderate"
"Priefy 20W PD Charger for iPhone 14 | iPhone 14 Pro Type C Power Charger Adapter with USB C to Light-ning Cable Compatible...","4.2","182","1199.00","1899.00","Mobile Phone","Economy","Good","Low"
"Rapidotzz Band Straps - 3 Pcs (Unisex) | Removable Straps ONLY for Honor Band 4 Honor Band 5| MultiColour | Free Size | On...","3.6","2171","379.00","1499.00","Other","Budget","Average","Moderate"
"Sony TV - Remote Compatible for Sony LED Remote Control Works with Sony LED TV by Trend Trail Speed tech & Remote hi Remot...","3.7","365","199.00","499.00","Television","Budget","Average","Low"
"GRANDSE Virtual Reality Headset 3D Glasses Anti-Radiation","3.6","3","599.00","999.00","Headphones","Budget","Average","Low"
"U & I Titanic Series Uinb-3987 Bluetooth Wireless In Ear Earphones With Mic Black","3.7","4801","449.00","1999.00","Other","Budget","Average","Moderate"
"Eveready Ultima Alkaline AAA Battery - 4 Pcs","4.3","290","139.00","170.00","Other","Budget","Good","Low"
"TheGiftKart Tough Armor Bumper Back Cover Case for Mi Redmi Note 11 / Note 11s | Ring Holder & Kickstand in-Built | 360 De...","4.3","878","395.00","999.00","Mobile Phone","Budget","Good","Low"
"KABEER ART Super Combo Mechanical Pencil with 5 Black Lead Refills And 12 Color Lead Refills","4.0","310","199.00","300.00","Other","Budget","Good","Low"
"Amazon Basics 4 Port USB 2.0 HUB, 0.3m Length, 37.5 Grams","4.0","435","309.00","999.00","Other","Budget","Good","Low"
"Saregama Carvaan Mini Hindi 2.0 - Bluetooth Speaker (Terracotta Brown)","4.2","20094","2190.00","2590.00","Speakers","Economy","Good","Very Popular"
"Cosmic Byte C3070W Nebula 2.4G Wireless Gamepad for PC/PS3 supports Windows XP/7/8/10, Rubberized Texture (Camo Red)","4.1","11997","1748.00","2199.00","Other","Economy","Good","Very Popular"
"SanDisk Cruzer Force USB Flash Drive, CZ71 16GB, USB2.0, Durable Metal Casing","4.3","6054","309.00","500.00","Other","Budget","Good","Popular"
"Noise ColorFit Ultra 2 LE with 1.78"" Always On AMOLED Display, 368x448px (326 PPI) Best in Class Resolution, 100+ Watch Fa...","3.9","1698","1999.00","6999.00","Monitor","Economy","Average","Moderate"
"MOCA Vintage 7.9-inch Folio Flip Cover case for Apple iPad Mini 1/2/3/A1432/A1454/ A1455/ A1489/ A1601/ A1490/A1491/ A159...","4.4","2187","399.00","1499.00","Tablet","Budget","Good","Moderate"
"ZEBRONICS Zeb-Bang Pro Bluetooth Wireless On Ear Headphones with Mic V5.0, 30H Backup, Foldable, Call Function, Voice Assi...","3.7","422","899.00","2499.00","Headphones","Budget","Average","Low"
"HP 5 ltrs (2 cms)backpack(1D0M5PA_black)","4.2","920","1199.00","1999.00","Other","Economy","Good","Low"
"Doubledicestore Tempered Glass Screen Protector Compatible for Xiaomi Mi 11X / Xiaomi Mi 11X Pro with 11D Full Coverage an...","4.1","5774","149.00","999.00","Other","Budget","Good","Popular"
"Ambrane 20000mAh Power Bank with 10.5W Fast Charging, Dual USB Output, Made in India, Multi-Layer Protection, Wide Compati...","3.5","52","1399.00","2499.00","Accessories","Economy","Average","Low"
"Newly Launched Fire_Bolt Ring 3 Smart Watch Charging Cable USB Fast Charger Magnetic Charging Cable Adapter (Charger only ...","1.8","11","199.00","999.00","Smartwatch","Budget","Poor","Low"
"Telca Silicon Case Cover Compatible with Noise vs104 Only (NOT for vs104 PRO)","4.2","89","278.00","999.00","Other","Budget","Good","Low"
"7SEVEN® Infrared Non Voice oneplus Remote | 1+ Android TV Remote | Replacement of Original one plus smart tv Remote with N...","3.5","112","399.00","999.00","Mobile Phone","Budget","Average","Low"
"TheGiftKart Flip Back Cover Case for Redmi 10 / Redmi 10 Power | Dual-Color Leather Finish | Inbuilt Stand & Pockets | Wal...","4.2","222","299.00","999.00","Mobile Phone","Budget","Good","Low"
"Novtech Adjustable Tabletop Laptop Stand Riser Ventilated Portable Foldable Compatible with MacBook Notebook Tablet Tray D...","3.6","156","299.00","1999.00","Laptop","Budget","Average","Low"
"Parker Classic Stainless Steel GT Ball Pen","4.3","2354","419.00","490.00","Other","Budget","Good","Moderate"
"Amazon Basics 4G LTE WiFi USB Dongle Stick with All SIM Support | Plug & Play Data Card with up to 150Mbps Data Speed, Hot...","3.6","304","2269.00","4399.00","Networking","Economy","Average","Low"
"Lenovo IdeaPad 3 11th Gen Intel Core i3 15.6"" FHD Thin & Light Laptop(8GB/512GB SSD/Windows 11/Office 2021/2Yr Warranty/3m...","4.0","379","38476.00","59890.00","Laptop","Premium","Good","Low"
"Motorola Tab (11inch, 4GB, 64GB, WiFi+LTE Calling), Modernist Teal with Mediatek Helio G90T Processor, Quadcore Speakers w...","4.3","12","22999.00","35000.00","Speakers","Premium","Good","Low"
"URBN 27000 mAh 65W Ultra Fast Charging Compact Power Bank | Type C Power Delivery (Input& Output) | Quick Charge | Two-Way...","3.0","19","3999.00","6999.00","Accessories","Economy","Average","Low"
"Natraj Assorted Vinyl Leather Cover 200 Pocket 4 X 6 inch Album Multicolour","4.3","532","519.00","1099.00","Other","Budget","Good","Low"
"Cosmic Byte H11 Gaming Wired Over-ear Headset with Microphone (Black/Orange, Pack Of 1)","4.1","7666","749.00","1199.00","Headphones","Budget","Good","Popular"
"Ambrane 36W Fast Car Charger with Dual Output, Qualcomm Quick Charge 3.0 Compatible with all Cars for iPhone, All Smartpho...","4.2","2322","482.00","999.00","Mobile Phone","Budget","Good","Moderate"
"Amozo Shockproof Liquid Silicone Designed for iPhone 14 / iPhone 13 Back Cover Case Gel Rubber Full Body Protection Anti-S...","4.0","120","284.00","999.00","Mobile Phone","Budget","Good","Low"
"TheGiftKart Ultra-Hybrid Crystal Clear Back Cover Case for Samsung Galaxy S22 Ultra 5G | Slim Fit Shockproof Design | Came...","4.0","214","399.00","999.00","Mobile Phone","Budget","Good","Low"
"Quess Care Total Protection Plan for 1 Year Protection for Mobile - Price Between 10001 to 15000 (Email Delivery)","3.5","177","649.00","1249.00","Mobile Phone","Budget","Average","Low"
"Storite 3.5mm Jack 1 Male to 2 Female Stereo Headphone Earphone Jack Y Splitter Audio Auxiliary Adapter Cable (Black)","3.8","3375","229.00","699.00","Headphones","Budget","Average","Moderate"
"Laprite Premium Ultra Thin Keyboard Cover Protector for MacBook Air 13"" A2179, A2337 M1 Chip Year 2020 - Transparent","4.1","2403","499.00","1500.00","Laptop","Budget","Good","Moderate"
"Fastrack Reflex Curv Unisex Activity Tracker Smart Watch, 2.5D Curved Display, AI-Enabled Coach, Multiple Sports Mode, Com...","3.8","403","2495.00","6495.00","Monitor","Economy","Average","Low"
"KABEER ART Yellow Sponge Dabber Set of 5 pc","4.1","1200","175.00","250.00","Other","Budget","Good","Moderate"
"Redmi 11 Prime (Flashy Black, 4GB RAM, 64GB Storage) | Prime Design | High Performance Helio G99 | 50 MP AI Triple Cam | 5...","4.1","290","11999.00","14999.00","Mobile Phone","Mid Range","Good","Low"
"Samsung Original Travel Adapter (15W, Black)","4.5","26","999.00","1199.00","Accessories","Budget","Excellent","Low"
"CROSSVOLT Tough Rugged Cover Case Compatible with Airpod 3rd Gen(2021)","4.3","635","289.00","999.00","Earbuds","Budget","Good","Low"
"AmazonBasics AAA Performance Alkaline Non-rechargeable Batteries (36 Count) - Appearance May Vary","4.4","351441","639.00","900.00","Other","Budget","Good","Very Popular"
"ESR HaloLock Universal MagSafe Ring, Magnetic Wireless Charging Conversion Kit, MagSafe Sticker, Compatible with iPhone 1...","4.2","9032","664.00","1299.00","Mobile Phone","Budget","Good","Popular"
"CraftDev Kids Stamp Set Motivation Sticker School Scrapbooking Stamp DIY Teachers Self Inking Praise Reward Stamps(No Ink ...","3.9","341","230.00","499.00","Other","Budget","Average","Low"
"Audio-Technica Ath-M20X Wired Over Ear Headphones Without Mic (Black)","4.5","20208","4499.00","7788.00","Headphones","Economy","Excellent","Very Popular"
"Blaupunkt Newly Launched SBA15 14W Bluetooth Soundbar I 2000 mAh Battery I TurboVolt Charging I AUX, Bluetooth, USB & TWS ...","3.9","11455","1199.00","2999.00","Earbuds","Economy","Average","Very Popular"
"ESR Compatible with iPad Air 5th Generation Case and iPad Air 4th Generation Case (10.9 inch), Trifold Smart Case, Compati...","4.5","14735","1424.00","2799.00","Tablet","Economy","Excellent","Very Popular"
"Fire-Boltt Ring Bluetooth Calling Smartwatch with SpO2 & 1.7” Metal Body with Blood Oxygen Monitoring, Continuous Heart Ra...","4.1","44638","2299.00","9999.00","Monitor","Economy","Good","Very Popular"
"WOW IMAGINE Shock Proof Clear Back Cover Case Mobile Cover for 1+ OnePlus Nord CE 2 Lite 5G (Hard | Hybrid PC + TPU | Full...","4.1","340","251.00","999.00","Mobile Phone","Budget","Good","Low"
"Vivo 2E Bluetooth Truly Wireless in Ear Earbuds with Mic 30Hrs Ultra Battery Life (Moonlight White)","3.7","220","2098.00","5999.00","Mobile Phone","Economy","Average","Low"
"Panasonic Evolta AAA Alkaline Advanced Power, Extra Power Formula, no Mercury add, Anti-Leak Seal, Protects Power for up t...","4.3","4926","263.00","360.00","Other","Budget","Good","Moderate"
"Gadget Deals Hard Disk Cover/ Hard Disk Drive Pouch case for 2.5"" HDD Cover WD Seagate Slim Sony Dell Toshiba (Black)","4.3","1369","199.00","999.00","Other","Budget","Good","Moderate"
"Amazfit Zepp E Stylish Smart Watch CircleVersion , Health and Fitness Tacker with Heart Rate, SpO2 and REM Sleep Monitorin...","4.1","751","5999.00","12999.00","Monitor","Mid Range","Good","Low"
"Texet PS-SC1EX Portable Strip Cut Shredder | Cuts 6 Sheets at a time | for both credit and debit cards | Advanced Over Hea...","3.4","2697","1699.00","4999.00","Other","Economy","Average","Moderate"
"SAISAN Adhesive Carton Packing High Strength Tape (Brown, 2inch/48mm x 65m) - Pack of 6","3.7","435","240.00","499.00","Other","Budget","Average","Low"
"Pilot Pen Cartridge Blue ink Pack of 12 pcs for V7 with Key-Chain","4.1","255","220.00","240.00","Other","Budget","Good","Low"
"KABEER ART Set of 6 Different Sizes Synthetic Flat Paint Brush for Nail Brush Art, Artist Acrylic Painting(Synthetic Hair;...","3.9","1303","175.00","250.00","Other","Budget","Average","Moderate"
"Belkin Apple Certified Lightning to USB Charge and Sync Cable for iPhone, iPad, Air Pods, 39.6 inch (100cm) Black","4.4","823","999.00","1699.00","Mobile Phone","Budget","Good","Low"
"Accuprints 2023 Size 7 by 9.5 inch planner calendar Black and white","4.3","443","229.00","599.00","Other","Budget","Good","Low"
"Pragati Systems® Genius Melamine (Non-Magnetic) Whiteboard for Office, Home and School (GWB6090), Lightweight Aluminium Fr...","4.4","2764","1166.74","1680.00","Other","Economy","Good","Moderate"
"HP 14s, 5th Gen AMD Ryzen 3- 8GB RAM/512GB SSD 14 inches(35cm) Laptop, FHD IPS Micro-Edge Display/ Backlit Keyboard/Alexa/...","4.2","863","38690.00","50597.00","Laptop","Premium","Good","Low"
"CLAVIER Polyurethane Hard Carrying Case Portable Protection Storage Bag for Earphone Headset Headphone Black","4.1","7651","150.00","299.00","Headphones","Budget","Good","Popular"
"Gaiatop Mini Portable Fan, Powerful Hand Fan Cute Design 3 Speed Dual Motors Personal Small Desk Fan with Base, Lightweigh...","4.5","858","809.00","1299.00","Other","Budget","Excellent","Low"
"Dynotrek Zipper 15.6 Inch Laptop Sleeve Case Cover with Charger Pouch Handle for Men Women Compatible Chromebook 15 Aspire...","4.2","6358","449.00","1599.00","Laptop","Budget","Good","Popular"
"ASUS Vivobook 14, Intel Core i7-1165G7 11th Gen, 14"" (35.56 cm) FHD, Thin and Laptop (16GB/512GB SSD/Intel Iris Xe Graphic...","4.1","269","56990.00","80990.00","Laptop","Luxury","Good","Low"
"Amazon Brand - Solimo Silicone Back Cover for Samsung Galaxy M12 - Transparent","4.1","6851","139.00","399.00","Mobile Phone","Budget","Good","Popular"
"Amazon Brand - Solimo Basic Case for Apple iPhone Xs (Silicone_Transparent)","4.1","75","139.00","499.00","Mobile Phone","Budget","Good","Low"
"Portronics Pixel 2 Wireless Bluetooth Portable Speaker with Micro SD, 3.5mm Aux, 3W Output, Retro Volume Knob(Black)","3.8","106","549.00","1499.00","Mobile Phone","Budget","Average","Low"
"NOYMI Silicone 2 in 1 Universal Car Mobile Holder Car Phone Holder with Refillable Aromatic Tablet Perfect for Dashboard A...","3.7","625","474.00","2599.00","Mobile Phone","Budget","Average","Low"
"realme narzo 50 5G (Hyper Black, 4GB RAM+128GB Storage) Dimensity 810 5G Processor | 48MP Ultra HD Camera","4.2","3327","14499.00","18999.00","Mobile Phone","Mid Range","Good","Moderate"
"Generic Whirlpool AC Compatible Remote(White)","3.7","608","312.00","599.00","Other","Budget","Average","Low"
"Everycom Tripod Phone Smartphone Mount Adapter Clip Holder Adjustable Bracket for Mini & Professional Tripod (Black)","3.9","231","99.00","299.00","Mobile Phone","Budget","Average","Low"
"YELLOWFIN Quick Release Universal Adjustable Car Mobile Phone Holder for Dashboard | Windshield with Long Telescopic Arm 3...","4.5","1059","649.00","1600.00","Mobile Phone","Budget","Excellent","Moderate"
"TP-Link USB WiFi Dongle 300Mbps High Gain Wireless Network Wi-Fi Adapter for PC Desktop and Laptops. Supports Win10/8.1/8/...","4.2","183124","899.00","2499.00","Laptop","Budget","Good","Very Popular"
"Kanget Type C Female to Lightning Male Adapter, Compatible with All iOS Devices (iOS 13 or Above)","3.9","2181","499.00","1499.00","Accessories","Budget","Average","Moderate"
"Sounce Earphone Case Cover for Boat Airdopes 161, Soft Silicone Skin Case Cover Shock-Absorbing Protective Case with Keych...","4.7","100","199.00","999.00","Earbuds","Budget","Excellent","Low"
"Amazon Brand - Solimo Soft & Flexible Shockproof Thermoplastic Polyurethane Back Cover for OnePlus 7 (Transparent)","3.8","186","139.00","499.00","Mobile Phone","Budget","Average","Low"
"Homeboss 7 in 1 Screen Cleaner and Gadget Sanitizer Spray Kit for Smartphone, Labtop, Camera (Incl: 100ml Spray, Microfibr...","4.0","504","175.00","597.00","Mobile Phone","Budget","Good","Low"
"SH-12 Wireless Bluetooth Over the Ear Headphone with Mic (Black)","3.5","855","475.00","799.00","Headphones","Budget","Average","Low"
"AEC Ultra Premium Microfiber Cleaning Cloth for Mobile Screen, Camera Lenses, Tablets, Monitors etc Pack of 3","4.3","961","399.00","995.00","Mobile Phone","Budget","Good","Low"
"Google Pixel 6 Charger Original Compatible with Cellular Phones Google Pixel 7, Google Pixel 7 Pro, Google Pixel 6A, Googl...","4.6","307","799.00","1599.00","Mobile Phone","Budget","Excellent","Low"
"ZEBRONICS Zeb-County Wireless Bluetooth Portable Speaker with Supporting Carry Handle, USB, SD Card, AUX, FM & Call Functi...","3.9","66450","549.00","999.00","Speakers","Budget","Average","Very Popular"
"65W Charger for OnePlus Nord CE 2 5G Ultra Charger Original Adapter Like Qualcomm QC 4.0 Quick Charge, Rapid, Dash, VOOC, ...","3.0","2","664.00","1599.00","Mobile Phone","Budget","Average","Low"
"Ytm 10 Pcs (5 Pair) for Samsung Level u Earbuds | Earbuds for Samsung Level U &U2 | Replacement Black Original Earbuds | P...","4.0","917","198.00","499.00","Earbuds","Budget","Good","Low"
"Zebronics ZEB-BT701RUCF Wireless Bluetooth Multimedia Speaker With Supporting AC3 Audio, SD Card, USB, AUX, FM & Remote Co...","3.5","488","2999.00","6999.00","Speakers","Economy","Average","Low"
"proffisy 12A Toner Cartridge for HP 12A Q2612A High Yield Compatible for HP Laserjet M1005 MFP,1020,1010/1012/1018/1022/10...","4.2","2076","759.00","2099.00","Other","Budget","Good","Moderate"
"ORICO 2.5 inch USB C Hard Drive Enclosure USB 3.1 Gen 2 to SATA III External Hard Drive Case for SSD HDD 9.5 7mm Tool-Free...","3.6","136","649.00","850.00","Other","Budget","Average","Low"
"Aroma® NB119 Carter Pro Bluetooth Wireless In Ear Neckband with Long Lasting Playtime 48 Hrs, Smart Voice Assistant, Dual ...","3.1","50","391.00","2299.00","Other","Budget","Average","Low"
"Wooum Cable and Electronic Accessories Storage Bag, Carrying and Traveling Case for Wires Charger USB Digital Gadget Power...","4.1","20","284.05","899.00","Accessories","Budget","Good","Low"
"Consistent 4 GB DDR3 Desktop ram,1600Mhz","3.8","447","598.00","1949.00","Other","Budget","Average","Low"
"TVS ELECTRONICS Champ Heavy Duty Membrane Wired Keyboard | Array of 104 Keys |Multimedia Functions|Membrane Keys| Compatib...","3.8","1106","799.00","995.00","Accessories","Budget","Average","Moderate"
"COOLCOLD USB Mic, Mic for PC, Microphone for PC, Noise Cancelling USB Microphone, Recording Mic for Laptop Desktop Mac, Pl...","3.9","2095","599.00","1999.00","Laptop","Budget","Average","Moderate"
"TECHONTO 22MM Watch Band Strap with Stainless Steel Buckle Compatible with ColorFit Pro 4/Pro 4 Max/Ultra/Ultra 2, Amazfit...","4.0","572","250.00","1099.00","Other","Budget","Good","Low"
"POPIO Screen Protector Tempered Glass Compatible for Samsung Galaxy M51 / A71 / Note 10 Lite (Transparent) Full Screen Cov...","4.0","3662","219.00","599.00","Mobile Phone","Budget","Good","Moderate"
"TheGiftKart Ultra-Hybrid Crystal Clear Back Cover Case for OnePlus 7 | 360 Degree Protection | Shockproof Design | Hard Ba...","5.0","2","284.00","999.00","Mobile Phone","Budget","Excellent","Low"
"TheGiftKart Sleek Back Cover Case for Google Pixel 7 | Slim Fit Protective Design | Ultra Matte Finish | Camera Protection...","4.4","124","284.00","999.00","Mobile Phone","Budget","Good","Low"
"SAFWE – SM-02 - Speaker Wall Mount Stand - Bracket 2 Nos for 5 mm & 6.35mm (¼ inch) Thread Hole/Keyhole Speakers Universal...","4.5","1420","699.00","1499.00","Speakers","Budget","Excellent","Moderate"
"Sony WI-C100 Wireless Headphones with Customizable Equalizer for Deep Bass & 25 Hrs Battery, DSEE-Upscale, Splash Proof, 3...","3.6","3259","1399.00","2790.00","Headphones","Economy","Average","Moderate"
"(Renewed) boAt Rockerz 370 5.0 Bluetooth Wireless Over Ear Headphones With Mic, Immersive Audio, Lightweight Ergonomic Des...","3.5","780","845.00","2499.00","Headphones","Budget","Average","Low"
"Brother DCP-T525W - Wi-Fi Color Ink Tank Multifunction (Print, Scan & Copy) All in One Printer for Home & Office","4.2","221","14599.00","17790.00","Printer","Mid Range","Good","Low"
"Redmi Note 11 Pro (Phantom White, 8GB RAM, 128GB Storage)| 67W Turbo Charge | 120Hz Super AMOLED Display | Charger Include...","4.0","3476","19999.00","24999.00","Mobile Phone","Mid Range","Good","Moderate"
"TheGiftKart Tough Armor Back Cover Case for Samsung Galaxy A50s / A50 / A30s | Tough Armor Bumper | Ring Holder & Kickstan...","4.5","124","349.00","999.00","Mobile Phone","Budget","Excellent","Low"
"SiSAH 4 Channel 220V Wireless Remote Control Switch","4.2","288","599.00","1099.00","Other","Budget","Good","Low"
"Ant Esports KM500W Gaming Backlit Keyboard and Mouse Combo, LED Wired Gaming Keyboard, Ergonomic & Wrist Rest Keyboard, Pr...","4.2","4179","1199.00","1999.00","Accessories","Economy","Good","Moderate"
"Tizum Double Padded TZ-HDD 2.5-inch External Hard Drive Case (Black)","4.5","3880","349.00","799.00","Other","Budget","Excellent","Moderate"
"Portronics Mport 7 Multiport 7-in-1 USB Hub with Convertible Heads, Compatible for Laptop, MacBook & Type-C Devices with T...","4.7","7","749.00","1299.00","Laptop","Budget","Excellent","Low"
"Parker Vector Standard Fountain Pen Chrome Trim Fine Nib with 3 Free Ink Cart | Body Color - Orange | Ink Color - Blue","4.1","6641","319.00","375.00","Other","Budget","Good","Popular"
"Portronics Radian 16W Bluetooth Stereo Soundbar with Multicolour LED Lights, in-Built FM Radio, Built in Mic, Aux in 3.5m...","3.5","143","1249.00","3999.00","Speakers","Economy","Average","Low"
"Archer Tech Lab, Squall 300 RGB Gaming Laptop Cooling Pad with Aluminium Metal Grid, 5 Turbo Fans, Dual USB Ports, 7 Adjus...","4.0","166","2463.00","8140.00","Laptop","Economy","Good","Low"
"BLAST INN USB OTG for iPhone/iPad, Compatible with iOS 14 and Later, USB Female Support Connect USB Flash Drive, Keyboard,...","4.1","191","599.00","899.00","Mobile Phone","Budget","Good","Low"
"Paroxysm Spy Pen Hidden Mini Camera with Audio/Video Recorder 32GB Supportable Multifunction Home Security Rechargeable Bu...","1.3","5","699.00","1999.00","Camera","Budget","Poor","Low"
"Lenovo Tab M10 HD 2nd Gen (10.1 inch (25.65 cm), 3 GB, 32 GB, Wi-Fi) with Metallic Body and Octa Core Processor","4.1","2233","11998.00","20000.00","Networking","Mid Range","Good","Moderate"
"Samsung 146 cm (58 inches) Crystal 4K Pro Series Ultra HD Smart LED TV UA58AUE70AKLXL (Black)","4.3","7879","48490.00","80900.00","Television","Premium","Good","Popular"
"iBELL 5MPLUS Extension Cord / Board with 5 Meter Cord Length, 5 Way Multi Socket Spike Guard, 2500W, 10A, Individual Switc...","4.5","1322","826.00","1450.00","Other","Budget","Excellent","Moderate"
"SAFESEED Wall Stand Mobile Holder Mount Phone Multi Purpose Plastic Storage Case Box Organizer for TV AC Remote Toothbrush...","3.7","467","190.00","599.00","Mobile Phone","Budget","Average","Low"
"TheGiftKart Genuine Liquid Silicone Back Cover Case for Samsung Galaxy S23 5G | Soft Micro-Fibre Lining Inside | Total Cam...","4.8","6","329.00","999.00","Mobile Phone","Budget","Excellent","Low"
"MorningVale Wireless Bluetooth Portable Speaker (Multicolour)","3.5","1346","370.00","899.00","Speakers","Budget","Average","Moderate"
"VU 164 cm (65 inches) The GloLED Series 4K Smart LED Google TV 65GloLED (Grey)","4.5","1263","52999.00","85000.00","Television","Luxury","Excellent","Moderate"
"Matrix 500GB SATA Hard Drive for Desktop (HDD) 3.5 Inch SATA 6 GB/s 7200 RPM High Speed Data Transferability Boost The Per...","3.8","17","900.00","3099.00","Other","Budget","Average","Low"
"LOHAYA Bluetooth Voice Command Remote for Xiaomi Redmi Mi Smart Android Tv Remote Control Compatible With Mi 4A 4A Pro 4k ...","3.3","291","711.55","1999.00","Mobile Phone","Budget","Average","Low"
"SanDisk ® Ultra Curve USB 3.2 64GB 100MB/s R Green","4.2","2321","468.00","950.00","Other","Budget","Good","Moderate"
"pTron Bassbuds Xtreme in Ear Bluetooth Truly Wireless in Ear Earbuds with mic, 32Hrs Playtime, BT5.3, 13mm Driver, Stereo ...","3.3","332","899.00","4599.00","Earbuds","Budget","Average","Low"
"SATYAM KRAFT 50 Pcs Paper Small Traditional Printed Gift Tag for Notecards, Gifting, Anniversary, Christmas, Birthday Than...","4.3","395","206.00","1200.00","Other","Budget","Good","Low"
"boAt Blaze Smart Watch with 1.75” HD Display, Fast Charge, Apollo 3 Blue Plus Processor, 24x7 Heart Rate & SpO2 Monitor, M...","3.8","2962","1499.00","6990.00","Monitor","Economy","Average","Moderate"
"Amazon Brand - Solimo Soft Flexible Back Cover for Xiaomi Redmi Note 8 (Transparent)","3.9","305","139.00","299.00","Mobile Phone","Budget","Average","Low"
"Saregama Carvaan Mini Hindi 2.0- Music Player with Bluetooth/FM/AM/AUX (Skyline Blue)","4.2","20094","2190.00","2590.00","Other","Economy","Good","Very Popular"
"Trinetra 20W USB-C Type Silicone Charger Charger case Cover Looking Cartoon Lightning Compatible with 360 Degrees 18-20W D...","4.6","3","315.00","499.00","Accessories","Budget","Excellent","Low"
"TP-Link RE205 AC750 Universal Wireless Dual Band Range Extender, Broadband/Wi-Fi Extender, WiFi Booster/Hotspot with Ether...","4.1","3873","2099.00","3999.00","Networking","Economy","Good","Moderate"
"HUION Inspiroy H640P 6*4 inch Graphics Drawing Tablet with Battery-Free Stylus 8192 Pressure Sensitivity 6 Customized Hot ...","4.3","1334","2899.00","6999.00","Tablet","Economy","Good","Moderate"
"Electvision Compatible for Samsung Smart 4K Ultra HD TV Monitor Remote Control Replacement of Original Samsung TV Remote f...","5.0","2","299.00","3500.00","Television","Budget","Excellent","Low"
"CEDO Samsung Tab A8 10.5 inch Flip Cover | Leather Finish | 360 Degree Rotate Flip Cover | Shockproof Style Back Cover Cas...","4.2","77","399.00","999.00","Other","Budget","Good","Low"
"LIRAMARK Shockproof Protective Silicone 360° Cover Case with Buckle Designed for JBL Tune 230NC TWS (Midnight Blue)","4.0","80","299.00","599.00","Earbuds","Budget","Good","Low"
"Pikkme Oneplus 5T Smoke Cover Protective Shockproof Matte Hard Back Case Cover for Oneplus 5T (Black)","4.3","320","199.00","259.00","Mobile Phone","Budget","Good","Low"
"POPIO Tempered Glass Screen Protector Compatible for OnePlus 6 with Edge to Edge Coverage and Easy Installation kit, Pack ...","4.1","2375","299.00","599.00","Mobile Phone","Budget","Good","Moderate"
"Belkin Essential Series 3-Socket Surge Protector Universal Socket with 5ft Heavy Duty Cable (Grey)","4.5","20940","1129.00","1299.00","Other","Economy","Excellent","Very Popular"
"YAMAHA PSR-F52 PORTABLE KEYBOARD WITH 61 KEYS","4.3","371","7200.00","7990.00","Accessories","Mid Range","Good","Low"
"Samsung Galaxy Tab A7 Lite 8.7 inches, Slim Metal Body, Dolby Atmos Sound, RAM 3 GB, ROM 32 GB Expandable, Wi-Fi+4G Tablet...","4.2","5174","12999.00","17500.00","Mobile Phone","Mid Range","Good","Popular"
"Amozo Liquid Silicon Smooth Shockproof, Camara Protection with Fabric Lining Inside Back Case Cover for OnePlus Nord (Sili...","4.2","667","249.00","999.00","Mobile Phone","Budget","Good","Low"
"Amazon Basics USB Adaptor with 1 Universal AC Socket and 2 USB Ports (Black)","3.9","8","299.00","999.00","Other","Budget","Average","Low"
"ADOFYS Helmet Chin Strap Mount with Mobile Clip & Screw Compatible with All Smart Phones Go pro Hero 9/8/7/6,SJCAM, Yi, DJ...","3.8","878","399.00","1699.00","Mobile Phone","Budget","Average","Low"
"ZEBRONICS Zeb-Juke Bar 2550 Soundbar with 35W Rms, Power Dual Drivers, Bt V5.0, Optical in, Aux, USB Input, Wall Mount, Re...","3.9","243","2699.00","6199.00","Speakers","Economy","Average","Low"
"Wings Phantom 250 Wireless Earbuds, with 30 Hours Playtime, Bullet Charge, 40ms Low Latency, Bluetooth 5.2, 13mm Drivers, ...","3.9","295","899.00","2999.00","Earbuds","Budget","Average","Low"
"Tukzer 5-Replacement Tip Compatible with Tukzer Stylus Pen for iPad Palm Rejection, 2nd Gen Compatible for (2018-2021) iPa...","4.2","6472","399.00","999.00","Tablet","Budget","Good","Popular"
"IFB 7.0 Kg 5 Star Top Load Washing Machine Aqua Conserve (TL-RES 7.0KG AQUA, Light Grey, Hard Water Wash, Smart Sense)","4.1","714","18990.00","21550.00","Other","Mid Range","Good","Low"
"Zoook Rocker Thunder Bluetooth Party Speaker 20 watts with Karaoke Mic/TF/FM/Lights/USB/Party Speaker/TWS/Echo Control/Blu...","3.6","5169","1993.00","2499.00","Earbuds","Economy","Average","Popular"
"JBL Cinema SB120, Dolby Digital Soundbar with Built-in Subwoofer for Deep Bass, 2.0 Channel Home Theatre with Remote, HDMI...","3.9","3945","8999.00","10999.00","Speakers","Mid Range","Average","Moderate"
"Spigen EZ Fit Tempered Glass Screen Protector for iPhone 14/13/13 Pro - 2 Pack (Sensor Protection)","4.6","4521","1599.00","2899.00","Mobile Phone","Economy","Excellent","Moderate"
"Newly Launched Pebble Cosmos Prime Bluetooth Calling Smart Watch,Largest 1.91"" Bezel-less Edge-to-Edge Display,600 Nits Br...","3.8","3655","3999.00","7499.00","Monitor","Economy","Average","Moderate"
"Yantralay Silicone Lanyard Sleeve Protective Cover + 6PCS Tempered Glass Screen Guard with Silicone Lens Cover Compatible ...","4.2","1098","449.00","799.00","Other","Budget","Good","Moderate"
"NoiseFit Force Rugged Round Dial Bluetooth calling Smart Watch with 1.32"" HD screen, Functional Crown, 550 NITS, 7 days ba...","3.9","588","2999.00","5999.00","Smartwatch","Economy","Average","Low"
"One Plus Type C to 3.5mm Audio Jack, car Audio Connector USB Type c, Headphone Converter Cable Stereo Jack Splitter Compat...","3.6","344","179.00","999.00","Headphones","Budget","Average","Low"
"Cosmic Byte Stardust Wired On Ear Headphones with Mic Flexible for PS4, Xbox One, Laptop, PC, iPhone and Android Phones (B...","4.0","3497","699.00","1149.00","Laptop","Budget","Good","Moderate"
"ZOBAK 3-in-1 Multifunctional Extendable Bluetooth Selfie Stick Tripod with Detachable Wireless Remote Compatible with iPho...","3.9","501","448.00","1199.00","Other","Budget","Average","Low"
"ProElite Deer Flip case Cover for Realme Pad 10.4 inch, Wine Red","4.4","1410","489.00","1999.00","Mobile Phone","Budget","Good","Moderate"
"Amkette EvoFox X-Team Fireblade USB Gaming Keyboard and Mouse Set with Space-Saving TKL Design, Breathing LED Effects, Ant...","4.1","614","1329.00","1899.00","Accessories","Economy","Good","Low"
"TRUNISH Multi-Purpose Laptop Desk for Study and Reading with Foldable Non-Slip Legs Reading Table Tray, Laptop Table, Lapt...","3.8","887","269.00","699.00","Laptop","Budget","Average","Low"
"TheGiftKart Back Cover Soft Case for Samsung Galaxy A14 5G | Best Camera Protection | Inbuilt Dust Plugs & Anti-Slip Grip...","5.0","3","269.00","999.00","Mobile Phone","Budget","Excellent","Low"
"7 in 1 USB-C Hub (3 x USB-A 3.0 Ports, 1 x USB-C Power Delivery, 1 x SD,1 x TF-Card,1 x 4K HDMI) Compatible with Windows,M...","4.1","150","1999.00","5999.00","Other","Economy","Good","Low"
"iBELL CP808 8 Channel SMPS for CCTV Output 150-285 V, Power Supply Adapter for up to 8 CCTV Cameras (Pack of 1)","4.3","911","693.00","1050.00","Television","Budget","Good","Low"
"Blushinsta Selfie Stick, Extendable Selfie Stick with Wireless Remote and Tripod Stand, Portable, Lightweight, Compatible ...","4.2","33","399.00","1599.00","Other","Budget","Good","Low"
"Asus ROG BP1501 39.62 cm (15.6-inch) Gaming Laptop Backpack (Black)","4.3","875","1499.00","2990.00","Laptop","Economy","Good","Low"
"Pecan™ Premium Mini Metal Folding Portable Laptop Stand Non-Slip Base Tabletop Risers for 10-17 Inch Laptop & Keyboard & T...","5.0","2","329.00","999.00","Laptop","Budget","Excellent","Low"
"SKYVIK TRUHOLD Magnetic AC Air-Vent/Dashboard Car Mount Mobile Phone Holder","4.2","2771","899.00","1499.00","Mobile Phone","Budget","Good","Moderate"
"Cotbolt Silicone Case Cover Compatible for Samsung BN59-01312A QLED 8K 4K Smart TV Remote Shockproof Protective Remote Cov...","4.0","917","349.00","999.00","Television","Budget","Good","Low"
"Nokia T10 Android™ 12 Tablet with 8” HD Display, 8MP Rear Camera, AI face Unlock, All-Day Battery, WiFi + 4G Volte | 4 + 64GB","3.9","96","13999.00","15499.00","Tablet","Mid Range","Average","Low"
"AmazingHind Leatherette Files for documents.File folders for documents.Certificate File Holder to Store Your documents (B...","4.2","5658","597.00","1299.00","Other","Budget","Good","Popular"
"iPhone Original 20W C Type Fast PD Charger Compatible with I-Phone13/13 mini/13pro/13 pro Max I-Phone 12/12 Pro/12mini/12 ...","3.8","230","799.00","1799.00","Mobile Phone","Budget","Average","Low"
"ONSITEGO 2 Year Extended Warranty for Audio Systems","3.9","940","398.00","999.00","Other","Budget","Average","Low"
"Spigen Ultra Hybrid Back Cover Case Compatible with iPhone 14 Pro max (TPU + Poly Carbonate | Matte Black)","4.2","523","1599.00","2599.00","Mobile Phone","Economy","Good","Low"
"Hammonds Flycatcher Genuine Leather Laptop Bag for Men/Office Bag for Men, Brushwood | Fits Upto 16 Inch Laptop/MacBook| L...","4.3","4649","2705.00","9999.00","Laptop","Economy","Good","Moderate"
"Winble Case for iPhone 14 Pro Max Cover | Metal Camera Guard Acrylic Clear Protective Back | Back Cover Case for iPhone 14...","4.9","22","499.00","999.00","Mobile Phone","Budget","Excellent","Low"
"JNKC Mini Wi-Fi Full Wireless Motion Camera Audio and Video Live Feed with Wireless Recorded with Night Vision and Motion ...","4.2","48","999.00","1999.00","Camera","Budget","Good","Low"
"ZEB-SD26 256 GB Solid State Drive, TLC, SATA II & SATA III Interface","4.0","62","1399.00","7499.00","Other","Economy","Good","Low"
"TheGiftKart Ultra-Hybrid Crystal Clear Back Cover Case for Samsung Galaxy S23 5G | 360 Degree Protection | Shockproof Desi...","4.7","24","284.00","999.00","Mobile Phone","Budget","Excellent","Low"
"RISSACHI 26-55 Inches Fixed LED LCD Plasma Wall Mount Bracket with Heavy-Duty Max VESA 400 x 400 50 Kg Weight Capacity","3.8","895","499.00","999.00","Other","Budget","Average","Low"
"Uniball Eye UB157 Roller Pen (Blue, Green, Pink, Violet, Wine Red Pack Of 5)","4.5","1102","399.00","450.00","Other","Budget","Excellent","Moderate"
"OpenTech® Silicone Protection Bumper Case Cover for Samsung Galaxy Watch 4 (44mm) Full Coverage (Black)","4.4","396","399.00","999.00","Mobile Phone","Budget","Good","Low"
"LXCN® Car Rearview Mirror Phone Holder 360 Degree Extendable and Retractable, Universal 360° Car Rearview Mirror Mobile Ho...","3.6","9","399.00","1199.00","Mobile Phone","Budget","Average","Low"
"Dell KM5221W Pro Wireless USB Keyboard and Mouse Set Quiet Keyboard, Full-Sized Keyboard, Ambidextrous Mouse, Upto 36 Mont...","4.2","5656","2299.00","4499.00","Accessories","Economy","Good","Popular"
"TAAPSEE DC 12V 2A Power Supply Adapter, AC 100-240V to DC 12Volt Transformers, Switching Power Source 3528/5050 LED Strip ...","3.5","288","249.00","799.00","Accessories","Budget","Average","Low"
"CEDO Redmi 10A / Poco C31 Back Cover | Matte Soft Silicon Flexible | Camera Bump Protection | All Side Shock Proof Rubberi...","3.9","273","149.00","999.00","Mobile Phone","Budget","Average","Low"
"BESTOR® USB C to HDMI Adapter, 6 in 1 USB C Hub Laptop USB C Adapter MacBook HDMI Multiport Adapter Docking Hub Station wi...","4.0","290","1099.00","2999.00","Laptop","Economy","Good","Low"
"HP M24f 23.8-Inch(60.47cm) Eye Safe Certified Full HD 1920 x 1080 Pixels IPS 3-Sided Micro-Edge LED Monitor, 75Hz, AMD Fre...","4.4","2962","12899.00","15547.00","Mobile Phone","Mid Range","Good","Moderate"
"Archer Tech Lab Recurve 100 Ultra Light 69g Wired Gaming Mouse with 3600 DPI and 6 Buttons, 7 Color RGB , Gaming Grade Sen...","4.2","128","393.00","1799.00","Accessories","Budget","Good","Low"
"Admiz Cleaner Fluid Gel LCD Cleaning Kit, Liquid Solution with Cloth to Clean Mobile/Laptop Screen Pack of 3","3.8","164","155.00","499.00","Laptop","Budget","Average","Low"
"RoboCraze UNO R3 SMD Board compatible with Arduino | Development Board with USB cable","4.0","684","601.00","1490.00","Other","Budget","Good","Low"
"TheGiftKart Tough Armor Samsung Galaxy M33 5G Bumper Back Case Cover | Ring Holder & Kickstand in-Built | 360 Degree Prote...","4.3","699","395.00","999.00","Mobile Phone","Budget","Good","Low"
"KREVIA Binocular for Long Distance | Professional Adults Telescopic Durbin for Bird Watching Trekking Sports | Zoom-12x40...","3.9","3206","1899.00","4999.00","Other","Economy","Average","Moderate"
"AmazonBasics 3.5mm to 2-Male RCA Adapter cable - 4 feet","4.4","71432","439.00","800.00","Accessories","Budget","Good","Very Popular"
"HUMBLE® Bike Phone Holder, 360 Rotation Silicone Bicycle Phone Holder/Mount, Universal Motorcycle Handlebar Mount Compatib...","4.1","424","255.00","599.00","Other","Budget","Good","Low"
"Kadence Drum Stick Maple Wooden Tip 7A","4.3","210","279.00","330.00","Other","Budget","Good","Low"
"Gear Classic 20L Faux Leather Water Resistant Anti Theft Laptop Bag/Backpack for Men/Women-Black","4.4","2608","1030.00","1999.00","Laptop","Economy","Good","Moderate"
"HUMBLE Universal Waterproof Smartphone Protective Pouch for Pool, Beach for All Smartphones-Random Color","3.9","482","199.00","599.00","Mobile Phone","Budget","Average","Low"
"Portronics Harmonics Twins S3 Smart TWS Bluetooth 5.2 Earbuds with 20 Hrs Playtime, 8 MM Drivers, Lightweight Earbuds(Black)","3.8","185","749.00","1999.00","Earbuds","Budget","Average","Low"
"M.G.R.J® Tempered Glass Screen Protector for Samsung Galaxy Tab S8 / S7 (SM-X700 / SM-X706 / SM-T870 / SM-T875 / SM-T876B)...","4.1","536","299.00","1999.00","Mobile Phone","Budget","Good","Low"
"TheGiftKart Sleek Back Cover Case for Google Pixel 6A | Slim Fit Protective Design | Ultra Matte Finish | Camera Protectio...","4.3","301","299.00","999.00","Mobile Phone","Budget","Good","Low"
"Mantra Mfs 100 Biometric Fingerprint Scanner with rd Service","3.9","155","2548.00","3500.00","Printer","Economy","Average","Low"
"Rhymestore 360 Degree Universal Mobile Cellphone Stand car Accessories Smartphone Holder Phone Mount Phone Holder","4.0","10","275.00","399.00","Mobile Phone","Budget","Good","Low"
"Pikkme Oppo F9 / F9 Pro / A5 / A5s /A7 / A11k /A12/ Realme 2 / 2 Pro / Realme U1 Flip Cover Magnetic Leather Wallet Case S...","4.2","438","199.00","999.00","Mobile Phone","Budget","Good","Low"
"SWAPKART [2 PACK Fast Charging Cable and Data Sync USB Cable Compatible for iPhone 6/6S/7/7+/8/8+/10/11, 12, 13 Pro max iP...","4.0","832","299.00","699.00","Mobile Phone","Budget","Good","Low"
"Urbanmade Mouse Pad Large Office Table Accessories Desk Mat Large Gaming Mouse Pad Desk Accessories Extended Mouse Pad Gam...","4.5","201","699.00","1499.00","Accessories","Budget","Excellent","Low"
"upReale Universal PUBG & Free Fire Game Pro Player Full Hand Gaming Gloves, Anti-Sweat Breathable, Touch Finger Nano-Silve...","5.0","3","199.00","215.00","Other","Budget","Excellent","Low"
"Amazfit Zepp E Stylish Smart Watch CircleVersion , Health and Fitness Tacker with Heart Rate, SpO2 and REM Sleep Monitorin...","4.1","751","6999.00","12999.00","Monitor","Mid Range","Good","Low"
"Universal a.c. Remote Baba 1001 (Pack of 1)","4.0","19","299.00","699.00","Other","Budget","Good","Low"
"ZEBRONICS A22FHD LED (21.5"") (54.61 cm) LED 1920x1080 Pixels FHD Resolution Monitor with HDMI + VGA Dual Input, Built-in S...","3.8","510","5499.00","21999.00","Mobile Phone","Mid Range","Average","Low"
"Samsung Galaxy A14 5G (Light Green, 4GB, 64GB Storage) | Triple Rear Camera (50 MP Main) | Upto 8 GB RAM with RAM Plus | T...","3.5","106","16499.00","18499.00","Mobile Phone","Mid Range","Average","Low"
"Spigen Liquid Air Back Cover Case for iPhone 11 (TPU | Matte Black)","4.6","22526","1099.00","1699.00","Mobile Phone","Economy","Excellent","Very Popular"
"YOUTH MOBI Tempered Glass Screen Protector For Apple Watch Ultra (49mm) With Easy Installation Kit; Transparent - Pack of 1","4.0","71","143.00","599.00","Other","Budget","Good","Low"
"Tenda U3 WiFi Dongle 300Mbps USB Wireless Adapter, 2.4GHz, 2 Internal Antennas, USB 2.0, WPS, Soft AP Mode, Supports Windo...","4.1","6280","599.00","1200.00","Networking","Budget","Good","Popular"
"Action Pro 4-Way Adjustment Base Front Chin Mount Full Face Helmet Compatible with GoPro Hero 10 9 8 7 6 5 4 3+ 3 SJCAM YI...","3.7","199","268.00","599.00","Other","Budget","Average","Low"
"Amazon Brand - Solimo Acrylic Transparent Case (Hard Back & Soft Bumper Cover with Cushioned Edges) for Apple iPhone 7","4.0","170","149.00","499.00","Mobile Phone","Budget","Good","Low"
"BenQ GW2780T 27 inch (68cm) 1920 X 1080 Pixels IPS Full HD Ultra-Slim Bezel Monitor- Height Adjustment, Eye Care, Anti-Gla...","4.4","18748","15990.00","24990.00","Mobile Phone","Mid Range","Good","Very Popular"
"Lenovo ThinkBook 15 G3 Ryzen 3 15.6"" FHD Thin and Light Laptop (8GB RAM/512GB SSD/Windows 11 Home/Fingerprint Reader/Miner...","4.4","5","35990.00","58500.00","Laptop","Premium","Good","Low"
"Ash & Roh® 50Pcs Cute Animal Stickers,Vinyl Waterproof Stickers for Laptop,Bumper,Skateboard,Water Bottles,Computer,Phone,...","3.9","363","199.00","599.00","Laptop","Budget","Average","Low"
"Spigen Liquid Air Back Cover Case for iPhone 12 Mini (TPU | Matte Black)","4.5","4950","999.00","1699.00","Mobile Phone","Budget","Excellent","Moderate"
"TheGiftKart Ultra-Hybrid Crystal Clear Back Case Cover for Samsung Galaxy S23 5G | Shockproof Design | Camera Protection B...","4.6","50","399.00","999.00","Mobile Phone","Budget","Excellent","Low"
"realme Buds Q2s Bluetooth Truly Wireless in Ear Earbuds with Mic, Fast Charging & Up to 30Hrs Playtime (Green)","3.9","2315","1999.00","3499.00","Mobile Phone","Economy","Average","Moderate"
"Oaky Premium Keyboard Skin Cover Compatible with MacBook Air 13.6 inch M2 A2681 2022 & MacBook Pro 14/16 inch M1 Pro/Max A...","4.0","358","349.00","1299.00","Laptop","Budget","Good","Low"
"BROLAVIYA Overhead Video Mobile Stand with 10inch Ring Light, Metal Arm,1/4"" Male Adaptor for Camera,Gopro,Mobile Bracket ...","4.0","191","1499.00","1995.00","Mobile Phone","Economy","Good","Low"
"TABLE MAGIC Multipurpose Laptop Table Mat Finish Top Work Home Study (TM Regular Mandala Black)(Polypropylene,Alloy Steel)","4.3","11329","1498.00","2490.00","Laptop","Economy","Good","Very Popular"
"Luxor 5 Subject Single Ruled Notebook - B5, 70 GSM, 300 pages","4.4","3017","120.00","200.00","Laptop","Budget","Good","Moderate"
"Amkette Pocket Mate FM Radio with Bluetooth Speaker - Type C Charging, Antenna, Multiple Playback,12 Hrs Playtime, and Num...","5.0","6","1139.00","1899.00","Speakers","Economy","Excellent","Low"
"FOLX FNO01 New Flexible Silicone Ocean Sport Bands Compatible With Apple Watch Band For Men Women, Replacement Straps For ...","4.1","256","498.00","1999.00","Other","Budget","Good","Low"
"Rts&trade; High Speed 3D Full HD 1080p Support (10 Meters) HDMI Male to HDMI Male Cable TV Lead 1.4V for All Hdmi Devices-...","4.2","961","598.00","4999.00","Television","Budget","Good","Low"
"CEDO Clear Case for iPhone 11 | Soft Flexible Full Protection Shock Proof TPU Back Cover for iPhone 11 (Transparent)","4.0","881","199.00","999.00","Mobile Phone","Budget","Good","Low"
"Cooler Master Cryofuze Violet Thermal Paste - For Processor, GPU, Console, Laptop | 12.6 W/m-K Thermal Conductivity | Exce...","4.2","29","399.00","1099.00","Laptop","Budget","Good","Low"
"Amazon Brand - Solimo Back Cover for Samsung Galaxy M31 Prime / M31 / F41 (Silicone | Clear)","3.8","3066","139.00","499.00","Mobile Phone","Budget","Average","Moderate"
"RUSHIL WERE Wall Holder with Mobile Charging Point/Stationary Storage/Bathroom qacceceries/Remote Holder/makup Brush Holde...","3.6","27","104.00","499.00","Mobile Phone","Budget","Average","Low"
"WOW IMAGINE for Samsung Galaxy F13 M13 4G Slim Ultra Soft Rubberised Back Cover Inner Velvet Fabric Lining Matte Silicone ...","4.4","253","199.00","999.00","Mobile Phone","Budget","Good","Low"
"CP PLUS 4G Sim Card Router | Supports Wi-fi 2.4G | MIMO Enabled | 300Mbps Speed | Supports WPS - Ready to use Plug and Pla...","3.8","35","2346.00","5300.00","Networking","Economy","Average","Low"
"FEDUS 10 Meter 32.8 Feet Long Switch Board Extension | Pack 1 Extension Boards with Switch,Extension Board with Long Wire,...","4.3","714","493.00","899.00","Other","Budget","Good","Low"
"Luxor Fine Writer Black Color (pack Of 10 Pen)","4.3","13753","108.00","120.00","Other","Budget","Good","Very Popular"
"SupCares Edge to Edge Tempered Glass for iPhone 14, iPhone 13 and 13 Pro (6.1 Inch) with Easy Self Installation Kit | Black","4.4","393","289.00","799.00","Mobile Phone","Budget","Good","Low"
"Lava Hero Punch(Charcoal Grey),Stylish Design, 3 Day Battery Backup, FM with Recording, Keypad Mobile, Basic Mobile","3.8","1851","900.00","1249.00","Mobile Phone","Budget","Average","Moderate"
"QOCXRRIN USB Type C OTG Adapter USB Mouse, Pendrive Connector & 2in1 OTG Adapter, USB 3.0 Female to Micro-USBConnector Alu...","3.8","84","99.00","799.00","Accessories","Budget","Average","Low"
"SYGA Headphones EarPads Cushions Replacement - Compatible with Bose QuietComfort 15 QC15 QC25 QC2 QC35/ Ae2 Ae2i Ae2w Soun...","4.2","442","449.00","650.00","Headphones","Budget","Good","Low"
"Tukzer Large Size (795mm x 298mm x 3.45mm) Extended Gaming Mouse Pad| Stitched Embroidery Edges| Non-Slip Rubber Base |for...","4.6","1530","549.00","1999.00","Accessories","Budget","Excellent","Moderate"
"JetLife Universal Mobile Holder/Pouch-Bag for All Scooters Scooty Activa Jupiter EV's | X1 Model (Navy Blue)","4.3","2911","399.00","799.00","Mobile Phone","Budget","Good","Moderate"
"CROSSVOLT Compatible for supervooc Dash Warp / 6Amp / 65W / 30W / 20W / Type C Charger Cable | Fast Data Sync Charging Cab...","4.1","27","289.00","999.00","Accessories","Budget","Good","Low"
"RISSACHI Heavy Duty Wall & Ceiling Mounts for 14 to 42 inch LED/LCD TV (Black)","3.8","161","699.00","1499.00","Television","Budget","Average","Low"
"Tabelito Nylon, Pearl Cotton Hybrid Laptop Bag Sleeve Case Cover Pouch for laptops (Grey, 15.6 Inches/39.6Cm)","4.2","3308","299.00","1499.00","Laptop","Budget","Good","Moderate"
"Spigen Liquid Air Back Cover Case Compatible for Google Pixel 7 (TPU | Matte Black)","4.7","1106","999.00","1599.00","Mobile Phone","Budget","Excellent","Moderate"
"ESR Tempered-Glass Screen Protector Compatible with iPhone 14 Pro Max [3 Pack], with Easy Installation Frame, Military-Gra...","4.6","1967","1044.00","1399.00","Mobile Phone","Economy","Excellent","Moderate"
"F&D 11 Watts F-203G 2.1 Wired Channel Multimedia Speakers System (Black)","4.0","12102","1899.00","2990.00","Speakers","Economy","Good","Very Popular"
"EGOTUDE Ultra Hybrid Matte Frosted Translucent Back Cover Case for iPhone 13 (Frost Black, TPU+Polycarbonate)","4.2","585","474.00","1499.00","Mobile Phone","Budget","Good","Low"
"JGD PRODUCTS USB 2.0 A to 5 pin Mini USB B Cable for External HDDS/Camera/Card Readers, etc (33 CM)","4.2","12","149.00","699.00","Camera","Budget","Good","Low"
"Spigen Ultra Hybrid Magfit Back Cover Case Compatible with MagSafe Designed for iPhone 14 Pro (TPU + Poly Carbonate | Zero...","4.5","2498","2299.00","3699.00","Mobile Phone","Economy","Excellent","Moderate"
"Fujifilm Instax Mini 9 Instant Camera (Lime Green)","4.3","10633","4299.00","5530.00","Camera","Economy","Good","Very Popular"
"Egate K9 Pro-Max Android 9.0 Projector for Home 4k, Full HD 1080p Native 630 ANSI 6600 Lumens LED, 4D Digital Keystone wit...","3.8","280","15980.00","30000.00","Other","Mid Range","Average","Low"
"ASUS MW203 Multi-Device Wireless Silent Mouse, 2.4GHz with USB Nano Receiver, 2400 DPI Optical Tracking, 6 Buttons, Compat...","4.4","162","1598.00","3990.00","Accessories","Economy","Good","Low"
"Acer Aspire 5 Gaming Laptop Intel Core i5 12th gen (12-Cores) Processor (16 GB/512 GB SSD/Windows 11 Home/4GB Graphics/NVI...","4.1","171","61990.00","84999.00","Laptop","Luxury","Good","Low"
"boAt Airdopes 441 Pro True Wireless in Ear Earbuds with mic, Upto 150 Hours Playback, Signature Sound, IWP Technology, IPX...","4.0","148271","2999.00","6990.00","Earbuds","Economy","Good","Very Popular"
"TheGiftKart Crystal Clear Back Cover Case for Samsung Galaxy M33 5G | 360 Degree Protection | Shock Proof Design | Transpa...","4.2","924","251.00","999.00","Mobile Phone","Budget","Good","Low"
"Wilbeva Cleaner Kit for Airpods Pro 1 2 3 & Headphones Earbuds and Case, Revolutionary Cleaning Pen for Bluetooth Earphone...","4.3","3470","198.00","999.00","Earbuds","Budget","Good","Moderate"
"Noise Newly Launched Evolve 2 Play AMOLED Display Smart Watch with Fast Charging, Always On Displa, 50 Sports Modes, Hindi...","3.8","1486","1999.00","5999.00","Monitor","Economy","Average","Moderate"
"Techgadget Wireless USB Bluetooth Music Receiver Adapter for Home Theatre Car Speakers MP3 (N-1215)","3.1","1355","149.00","499.00","Speakers","Budget","Average","Moderate"
"Dyazo QC 12V Fast Car Charger Back Seat Charging 4 USB Ports Compatible for Qualcomm 3.0, Samsung Galaxy, Note, iPhone, Ne...","4.0","4913","649.00","1999.00","Mobile Phone","Budget","Good","Moderate"
"Careflection || Coding/Programming Sticker Decals - Pack of 16 (Vinyl Stickers,Multipurpose use for Walls,Suitcase,Laptop,...","3.8","276","150.00","799.00","Laptop","Budget","Average","Low"
"eller santé® 15W Wireless Charger MONTCLAD SERIES Fast charging pad| PD & Qi-Certified with Type C Cable Fireproof ABS for...","4.1","1214","899.00","2999.00","Accessories","Budget","Good","Moderate"
"HP 15s AMD Ryzen 3-5300U 15.6inch(39.6cm) FHD Laptop (8GB RAM/512GB SSD, Micro-Edge, Anti-Glare Display/Radeon Graphics/Wi...","4.1","1242","38490.00","47142.00","Laptop","Premium","Good","Moderate"
"Amkette Hush Pro Acura 2.4 Ghz Silent Switch Wireless Mouse with Ergonomic Design, High Precision 3 DPI Settings, Smart Au...","3.4","104","299.00","699.00","Accessories","Budget","Average","Low"
"TheGiftKart Crystal Clear Samsung Galaxy S20 FE / S20 FE 5G Back Cover Case | 360 Degree Protection | Shock Proof Design |...","4.2","1988","299.00","999.00","Mobile Phone","Budget","Good","Moderate"
"iBOND 65 Watt Warp Charger for Oneplus 65W Wrap Charging with USB to C Cable Charger Compatible for OnePlus 10/10 Pro/9/9 ...","4.6","3","448.95","1299.00","Mobile Phone","Budget","Excellent","Low"
"Printme Silicone Protective Case Cover for OnePlus Nord Buds, Anti Fall Anti Dust, with Hook headphone Case *Case Cover on...","3.7","464","269.00","699.00","Mobile Phone","Budget","Average","Low"
"A Accessories kart Case for Oneplus 11 5G Case, Crystal Clear Case ipaky Slim Anti Scratch TPU Shockproof Protective Phone...","3.1","12","247.00","599.00","Mobile Phone","Budget","Average","Low"
"FACTOR NOTES Notebooks Pack of 2: A5 Sized, 90 GSM,288 Pages (144 x 2) Journal Diary(Kraft/Dot Grid)","4.4","2046","268.00","599.00","Laptop","Budget","Good","Moderate"
"DAHSHA Pocket Sized Stitched PU Leather Credit Card Holder Visiting Business Card Case Wallet with Magnetic Shut for Men &...","4.1","982","295.00","1799.00","Other","Budget","Good","Low"
"MOROFY Stainless Steel Adjustable Link Band for Apple Watch Ultra Band 49mm 45mm 44mm 42mm With Butterfly Folding Clasp Br...","4.1","162","2083.00","3099.00","Other","Economy","Good","Low"
"Tenda F3 300Mbps Wireless Wi-Fi Router (White, Single_Band Not a Modem, 300 megabits_per_Second)","4.2","5131","1098.00","2500.00","Networking","Economy","Good","Popular"
"Spigen Liquid Air Back Cover Case for Samsung Galaxy S23 (TPU | Abyss Green)","4.7","178","1499.00","1699.00","Mobile Phone","Economy","Excellent","Low"
"Spigen Faux Leather, Polyurethane leather, Thermoplastic Polyurethane Rugged Armor Pro Cover Case Designed for Samsung Gal...","4.5","2068","2199.00","4499.00","Other","Economy","Excellent","Moderate"
"Westinghouse 80 cm (32 inches) HD Ready Smart Certified Android LED TV WH32SP12 (Black)","4.3","2285","8999.00","17499.00","Television","Mid Range","Good","Moderate"
"Tough Lee (Pack of 2 Tempered Glass Screen Guard Protector for Apple iPhone 14 / Apple iPhone 13, Apple iPhone 13 Pro (Wil...","4.2","184","142.00","999.00","Mobile Phone","Budget","Good","Low"
"Hoteon USB Desk Fan, Portable Table Cooling Fan with 3 Speeds, 4.6in Desktop Double Fan with Dual Modes, Powered by USB, S...","4.2","1435","1424.00","2499.00","Other","Economy","Good","Moderate"
"gaiatop Small Table Fan, 6.5 Inch Ultra-quiet, 90° Adjustment for Better Cooling, 3 Speeds Portable Mini Powerful Desktop ...","4.3","2179","899.00","1899.00","Other","Budget","Good","Moderate"
"Godrej Security Solutions EVE PRO panTilt Smart WiFi Security Camera for Home with 350 Degree 3MP (HD) | 2-Way Audio | Nig...","3.9","63","2399.00","4199.00","Camera","Economy","Average","Low"
"Virtutron 2.4 Amp 2 Port USB Car Charger Adapter Compatible for All Mobile Cellular Phones iPhone X/Xr/Xs/Max/8/7/Plus, Vi...","5.0","2","189.00","999.00","Mobile Phone","Budget","Excellent","Low"
"Tower Mouth Organ Harmonica 24 Holes Key-C With Scale Change Option, Silver","4.1","2086","749.00","999.00","Other","Budget","Good","Moderate"
"Pebble Newly Launched Cosmos Prime Bluetooth Calling Smart Watch, Largest 1.91"" Bezel-Less Edge-to-Edge Display, 600 Nits ...","3.8","3655","3799.00","7499.00","Monitor","Economy","Average","Moderate"
"Onsitego 1 year Extended Warranty for Small Appliances (Rs. 10,001-15,000) (Email Delivery - No Physical Kit)","3.9","680","355.00","1299.00","Other","Budget","Average","Low"
"Mini Boost Series Splash Proof Nano Bluetooth Speaker for Call and Music (5 watts)","3.6","24","359.00","999.00","Speakers","Budget","Average","Low"
"Tough Lee Tempered Glass Screen Guard for Samsung Galaxy Tab A8 10.5 inch (2022) (SM-X200NZSEINU) (Pack of 1) (WILL NOT FI...","4.1","208","331.00","999.00","Mobile Phone","Budget","Good","Low"
"Amazon Brand - Solimo Back Cover Case for Realme X2 / Realme XT | Compatible for Realme X2 / Realme XT Back Cover Case | 3...","3.9","41","139.00","299.00","Mobile Phone","Budget","Average","Low"
"Cosmic Byte CB-GK-25 Pandora TKL Mechanical Keyboard Upgraded with Swappable Outemu Blue Switches and Rainbow LED (Black/G...","4.2","475","1699.00","2499.00","Accessories","Economy","Good","Low"
"Doodle Writing Tomorrow Today Small PU Leather Soft Cover Pocket Size Corporate Executive Diary Notebook (80 GSM, 192 Sing...","3.9","976","266.00","445.00","Laptop","Budget","Average","Low"
"Sounce Replacement Band Strap for Xiaomi Mi Band 2 / Xiaomi MI Band HRX Edition/Xiaomi Mi Band HRX Version (Device not Inc...","3.1","2292","99.00","999.00","Other","Budget","Average","Moderate"
"LN MART Compatible with Xiaomi Mi Watch Lite Strap Sports Smart Accessory Compatible with Redmi Watch Band Bracelet Compat...","3.6","112","299.00","999.00","Mobile Phone","Budget","Average","Low"
"Boult Audio Airbass Propods X Bluetooth Truly Wireless in Ear Earbuds with Mic, 32H Playtime, Fast Charging Type-C, Ipx5 W...","3.4","13565","1499.00","5999.00","Earbuds","Economy","Average","Very Popular"
"Robustrion Pack of 1 Anti-Scratch & Smudge Proof Premium Tempered Glass Screen Protector for Lenovo Tab M10 HD 2nd Gen TB-...","4.1","715","349.00","1499.00","Other","Budget","Good","Low"
"Titan Talk S with 1.78"" AMOLED Display|Advanced BT Calling|Music Storage with Wireless Audio Connect|100+ Sports Modes|Ani...","3.5","11","8995.00","12995.00","Monitor","Mid Range","Average","Low"
"SKYVIK TRUHOLD Car Dashboard & Windshield Cradle (Clutch) Phone Stand Holder","4.1","2341","1068.00","1999.00","Other","Economy","Good","Moderate"
"HUMBLE Silicone 19mm Replacement Band Strap with Metal Buckle Compatible with Noise Colorfit Pro 2 , Storm Smart Watch & W...","3.9","5541","266.00","599.00","Smartwatch","Budget","Average","Popular"
"Oppo A16k (Midnight Black, 3GB RAM, 32GB Storage) with No Cost EMI/Additional Exchange Offers","4.1","294","9490.00","13990.00","Mobile Phone","Mid Range","Good","Low"
"OnePlus 24 inch Full HD LCD Monitor LED Backlit IPS Panel with 3-Side Bezel Less, USB Type-C connectivity with 18W Chargin...","3.5","16","11999.00","19999.00","Mobile Phone","Mid Range","Average","Low"
"TheGiftKart Crystal Clear Back Cover Case for Samsung Galaxy M33 5G | 360 Degree Protection | Shock Proof Design | Transpa...","4.2","924","279.00","999.00","Mobile Phone","Budget","Good","Low"
"Emallee Galaxy Watch 4 Charger EMallee Charging Dock for Samsung Galaxy Watch4 Classic Watch 3 Active & Active 2 Accessori...","4.2","2078","818.00","3999.00","Mobile Phone","Budget","Good","Moderate"
"Gizga Essentials Earphone Earpod Cleaning Pen, AirPod, Earbuds, Headphones, Wireless Earphones, 3-in-1 Multifunctional Cle...","3.9","457","199.00","599.00","Earbuds","Budget","Average","Low"
"Amazon Brand - Solimo in Ear Wired Earphones with Mic, 9mm Driver, Gold Plated Jack, Angular Ear Hooks (Black)","3.1","56","109.00","119.00","Other","Budget","Average","Low"
"Saregama Carvaan Premium- Portable Music Player with 5000 Preloaded Songs, FM/BT/AUX (Oakwood Brown)","4.4","9068","7090.00","7390.00","Other","Mid Range","Good","Popular"
"INEFABLE Mi Band 5 and 6 Strap Original Band Strap M5/M6 - Pack of 1 - Wine - (Device Not Included - Not Compatible with M...","4.0","38","99.00","399.00","Other","Budget","Good","Low"
"AmazonBasics HAMA299068 RJ45 Cat-5e Ethernet Patch/LAN Cable for Router (14 Feet/4.26 Meters, White)","4.3","3603","229.00","600.00","Networking","Budget","Good","Moderate"
"Faber-Castell Triangular Colour Pencils - Pack of 12 (Assorted)","4.3","484","98.00","100.00","Other","Budget","Good","Low"
"Eveready 1015 Carbon Zinc AA Batteries - 20 Pieces","4.4","969","299.00","360.00","Other","Budget","Good","Low"
"CASEOLOGY by Spigen Parallax Back Cover Case Compatible with Samsung Galaxy S23 Ultra (TPU and PC | Midnight Green)","4.5","206","1519.00","3165.00","Mobile Phone","Economy","Excellent","Low"
"BOBO Non-Toxic TPU and Plastic Universal Waterproof Pouch (XL 2021 Model) Cellphone Dry Bag Case for iPhone, Samsung, Pixe...","4.1","10555","299.00","999.00","Mobile Phone","Budget","Good","Very Popular"
"DishanKart A3 120GSM Sketch Book/Artist Pad/Drawing Note Book 50 Sheets 100 Pages for Students, Artists for Painting, Acry...","4.3","447","469.00","799.00","Other","Budget","Good","Low"
"Cosmic Byte H11 Gaming Headset with Microphone (Black/Blue)","4.1","7666","749.00","1199.00","Headphones","Budget","Good","Popular"
"BITZAG M i Smart Watch D116 Bluetooth Smart Watch Touch Screen Bluetooth SmartWatch with Activity Tracker, Heart Rate Sens...","3.7","10","409.00","999.00","Smartwatch","Budget","Average","Low"
"AirCase Office Sling Messenger Bag fits upto 15.6"" Laptop/Macbook, Detachable Shoulder Strap, Waterproof, Shockproof, Spac...","3.8","1159","1451.00","3599.00","Laptop","Economy","Average","Moderate"
"Amozo Frameless Ultra Slim Flexible Back Case Cover for iPhone 12 / iPhone 12 Pro (Polycarbonate | Black)","5.0","1","299.00","999.00","Mobile Phone","Budget","Excellent","Low"
"Arctic Hunter Sling Bag for Men,Chest Bag for Men Crossbody Bag for Men Stylish Shoulder Bag for Men Water&Scratch Resista...","4.5","527","1804.00","3999.00","Other","Economy","Excellent","Low"
"Hanumex® 8x10 FT Premium Professional Chroma Green Background Wrinkle Free for Photo & Video Backdrop Chromakey Screen Bac...","3.9","6486","379.00","899.00","Other","Budget","Average","Popular"
"iVoltaa Ethernet Cable CAT6A Cable Dual Shielded (SF/UTP) Professional Series - 10Gigabit/Sec LAN Network/High Speed Inter...","4.5","2413","239.00","1399.00","Other","Budget","Excellent","Moderate"
"BLAXSTOC DC-787 Foldable Mobile Tabletop Stand Adjustable Phone Holder and iPad Stand & For Bed , Table, Office, Video Rec...","3.8","72","99.00","599.00","Mobile Phone","Budget","Average","Low"
"EMBOX Rotary Extension Boards with USB Port with Universal Sockets and USB (2.4 A) Charging Ports (QC 3.0) with Indicator,...","4.5","1270","849.00","1999.00","Other","Budget","Excellent","Moderate"
"Boat Dual QC Port Rapid Car Charger with 18W Qualcomm Quick Charge 3.0 Fast Charge, Smart IC Protection, Universal Compati...","4.4","2598","548.00","1299.00","Accessories","Budget","Good","Moderate"
"LOHAYA Remote Compatible for Onida Split/Window AC Remote Control (Onida AC Remote Control) (AC-18)","3.6","193","379.05","999.00","Other","Budget","Average","Low"
"Kinsound USB C to 3.5 mm Jack Audio Headphone Adapter, 32bit Hi-Res Sound Quality Type C to 3.5mm Jack Adapter Compatible ...","4.0","2555","869.00","1699.00","Headphones","Budget","Good","Moderate"
"Portronics Mport 60 4-in-1 Multiport Type C/USB Hub with LAN Adapter RJ45 Port, 3 USB2.0 Port, Type C OTG Support, Plug & ...","3.7","162","799.00","1999.00","Accessories","Budget","Average","Low"
"OpenTech® Tempered Glass Screen Protector Compatible for Samsung Galaxy M31s / A51 / A52 / A52s / A52 5G with Easy Install...","4.0","9927","249.00","999.00","Mobile Phone","Budget","Good","Popular"
"Yantralay School Of Gadgets 3-Way Monopod Grip Tripod Foldable Selfie Stick Compatible with Go Pro Hero 11/10/9/8,DJI OSM...","3.9","2877","499.00","899.00","Other","Budget","Average","Moderate"
"JOKIN Bluetooth Speaker Karaoke Machine Speaker WS-04 Karaoke Mic System Speaker for Home Office Party","3.8","37","849.00","1499.00","Speakers","Budget","Average","Low"
"AMiRiTE- SMART GADGETS STORE AWC02 Flexible Shocked Proof Silicone TPU Watch Case Cover with Screen Protector Temper for S...","3.8","505","298.00","1999.00","Other","Budget","Average","Low"
"Pikkme Leather Magnetic Vintage Flip Wallet Case Cover for Vivo Y12 / Y15 / Y17 / U10 (Blue)","4.0","2294","199.00","999.00","Mobile Phone","Budget","Good","Moderate"
"Fitbit FB507RGPK Versa 2 Health & Fitness Smartwatch with Heart Rate, Music, Alexa Built-in, Sleep & Swim Tracking, Petal/...","4.1","143611","11880.00","14999.00","Smartwatch","Mid Range","Good","Very Popular"
"AGARO 5.4 A USB Dual Port Quick Car Charger (Qualcomm Certified) for All Smartphones & Tablets - Grey","3.7","143","200.00","895.00","Mobile Phone","Budget","Average","Low"
"DIGITEK® (LP E8) Lithium-ion Rechargeable Battery for DSLR Camera, Compatibility - Power EOS 55D, 600D, D650, 700D, EOS KI...","4.2","684","768.00","1050.00","Camera","Budget","Good","Low"
"Amazon Brand - Solimo Back Cover Case for Mi Redmi Note 7 / Redmi Note 7 Pro / Redmi Note 7s | Compatible for Mi Redmi Not...","3.8","81","139.00","299.00","Mobile Phone","Budget","Average","Low"
"Storite 3 Meter USB 3.0 Male to Female Extension Cable High Speed 5GBps Extension Cable Data Transfer for Keyboard, Mouse,...","4.3","2858","299.00","1299.00","Accessories","Budget","Good","Moderate"
"Spigen Liquid Air Back Cover Case Compatible For OnePlus Nord 2T 5G (TPU | Matte Black)","4.3","355","1099.00","1499.00","Mobile Phone","Economy","Good","Low"
"Golden Wolf Laptop Bag Anti-theft Backpack with Lock College School Laptop Backpack with Rain Cover Water Resistant Busine...","4.4","3248","1946.00","3999.00","Laptop","Economy","Good","Moderate"
"Simmtronics 2GB DDR2 Desktop RAM 800 MHz (PC 6400) with 3 Year Warranty","3.9","3596","465.00","1180.00","Other","Budget","Average","Moderate"
"Panasonic Evolta AA Alkaline Batteries,20 Times Longer Lasting Than Standard zinc Carbon Batteries,Anti-Leak Seal,Protects...","4.3","4926","140.00","200.00","Other","Budget","Good","Moderate"
"Tecno Spark 9 (Infinity Black, 6GB RAM,128GB Storage) | 11GB Expandable RAM | Helio G37 Gaming Processor","3.8","4039","9499.00","13499.00","Other","Mid Range","Average","Moderate"
"TheGiftKart Ultra-Hybrid Crystal Clear Back Cover Case for iPhone 14 PRO | Slim Fit Shockproof Design | Camera Protection ...","4.6","153","399.00","999.00","Mobile Phone","Budget","Excellent","Low"
"Lenovo Tab M7 3rd Gen (7 inch(17.7cm), 2 GB, 32 GB, Wi-fi Only), Iron Grey","3.8","273","7999.00","9900.00","Networking","Mid Range","Average","Low"
"Amazon Brand - Solimo 360 Degree Protection Bumper Protective Design Shockproof Crystal Clear Transparent Back Cover Case ...","3.7","139","159.00","499.00","Other","Budget","Average","Low"
"Electvision Remote Control for led Compatible with Kodak/Thomson Smart led tv (Without Voice) Before Placing Order for ver...","3.9","401","339.00","999.00","Television","Budget","Average","Low"
"Basesailor for Mi Smart LED TV 4A Remote Control (32""/43"")","5.0","1","179.00","999.00","Television","Budget","Excellent","Low"
"Qubo Outdoor Security Camera (White) from Hero Group | Made in India | IP65 All-Weather | 2MP 1080p Full HD | CCTV Wi-Fi C...","4.0","5772","2970.00","5490.00","Television","Economy","Good","Popular"
"1 Year OneAssist Extended Warranty Plan for Mixer Juicer Grinder (5000 to 7500) - Delivery via Email","4.1","250","239.00","349.00","Other","Budget","Good","Low"
"Robustrion Case Cover for Xiaomi Mi Pad 5 11 inch Smart Deer Pattern Flip Stand Xiaomi Pad 5 Cover - Vine Red","4.4","364","399.00","1999.00","Other","Budget","Good","Low"
"ESR Classic Kickstand Case with HaloLock Compatible for iPhone 14 Pro, Thermoplastic Polyurethane MagSafe-Compatible Case ...","4.5","1182","1994.00","2299.00","Mobile Phone","Economy","Excellent","Moderate"
"SanDisk Ultra Eco USB Flash Drive USB 3.2 Gen 1 64GB, Upto 100MB/s R, 5Y Warranty","4.2","15","599.00","1100.00","Other","Budget","Good","Low"
"ZOUL Type C to Type C Fast Charging Cable 65W USB C to USB C Nylon Braided Cord Compatible with Oneplus 9 Samsung Galaxy S...","4.1","2872","369.00","1099.00","Mobile Phone","Budget","Good","Moderate"
"Zebronics 200HB USB 3.0 4 Port hub with Hi Speed Data Transfer, Aluminum + ABS Body, 15cm Cable, Sleek Design and Plug Pla...","4.1","52","399.00","999.00","Other","Budget","Good","Low"
"TRONA Foldable Bed Study Table Portable Multifunction Laptop-Table Lapdesk for Children Bed Foldabe Table Work Office Home...","3.9","1341","279.00","699.00","Laptop","Budget","Average","Moderate"
"Spigen Liquid Air Back Cover Case Compatible with iPhone 14 Pro max (TPU | Matte Black)","4.5","712","899.00","2099.00","Mobile Phone","Budget","Excellent","Low"
"OpenTech® Tempered Glass Screen Protector Compatible for Samsung Galaxy M32 / F22 / A32 / A31 Edge to Edge Coverage with E...","4.0","9927","299.00","999.00","Mobile Phone","Budget","Good","Popular"
"Quess Care Total Protection Plan for 1 Year Protection for Mobile - Price Between 15001 to 20000 (Email Delivery)","3.8","207","799.00","1479.00","Mobile Phone","Budget","Average","Low"
"QOCXRRIN 360 Degree Rotation Mini Tripod Support Stand for DSLR and Smartphones - Foldable Shockproof Lightweight Bracket ...","3.0","97","99.00","999.00","Mobile Phone","Budget","Average","Low"
"Spigen Liquid Air Back Cover Case Compatible with OnePlus 6T (TPU | Matte Black)","4.5","7730","999.00","1399.00","Mobile Phone","Budget","Excellent","Popular"
"Sony WF-C500 Truly Wireless Bluetooth Earbuds with 20Hrs Battery, True Wireless Earbuds with Mic for Phone Calls, Quick Ch...","4.1","5844","4990.00","8990.00","Earbuds","Economy","Good","Popular"
"IFB 6 Kg 5 Star Front Load Washing Machine 2X Power Steam (DIVA AQUA BXS 6008, White & Black, In-built Heater, 4 years Com...","4.2","2179","23490.00","27090.00","Other","Premium","Good","Moderate"
"Pikkme Vintage Leather Finish Inside TPU Wallet Stand Magnetic Closing Flip Cover for Mi Redmi 10A / Redmi 9 / Redmi 9C / ...","4.2","2776","199.00","999.00","Mobile Phone","Budget","Good","Moderate"
"Wings Phantom 500 in Ear Earphones Wireless Earbuds with LED Battery Indicator, 40ms Low Latency, Bluetooth 5.1, 30 Hours ...","3.9","1145","1099.00","4999.00","Earbuds","Economy","Average","Moderate"
"boAt Bass Heads 225 in-Ear Wired Headphones with Mic (Neon Lime)","4.1","276491","622.00","999.00","Headphones","Budget","Good","Very Popular"
"Tough Lee Tempered Glass Screen Guard for Samsung Galaxy M51 / F62 / A71 with Camera Cut (Transparent) Full Coverage Goril...","3.8","4798","142.00","999.00","Mobile Phone","Budget","Average","Moderate"
"Redgear MT02 Keyboard with LED Modes, Windows Key Lock, Floating & Double Injected Keycaps, Control Knob and Ergonomic Des...","4.1","753","899.00","1999.00","Accessories","Budget","Good","Low"
"Apsara Scholars Kit","4.5","7568","78.00","99.00","Other","Budget","Excellent","Popular"
"TheGiftKart Flip Back Cover Case for Samsung Galaxy M33 5G | Dual-Color Leather Finish | Inbuilt Stand & Pockets | Wallet ...","4.3","775","299.00","999.00","Mobile Phone","Budget","Good","Low"
"Lapster 4.3v ultra fast USB charging cable compatible with most philips trimmer, shavers, body groomers & multi grooming m...","3.0","9","399.00","999.00","Other","Budget","Average","Low"
"realme 9 5G SE (Azure Glow, 8GB RAM, 128GB Storage)","3.9","72","19145.00","26990.00","Mobile Phone","Mid Range","Average","Low"
"Nataraj GCM Ball Pen Jar","4.4","2490","289.00","400.00","Other","Budget","Good","Moderate"
"Wings Phantom Pro Wireless Earphones Earbuds with LED Battery Indicator, 50msLow Latency, Bluetooth 5.3, 40 Hours Playtim...","3.8","2463","1099.00","5499.00","Earbuds","Economy","Average","Moderate"
"Cello Technotip Ball Pen - Pack of 10 (Red)","4.3","2262","93.00","100.00","Other","Budget","Good","Moderate"
"Cello Signature Creme Ivory Roller Pen | Premium metal pen | Suitable for gifting | Smooth writing pen built with premium ...","4.3","2741","219.00","275.00","Other","Budget","Good","Moderate"
"Yeldou Dual Tip Watercolour Painting Brush Marker Pens Set (Multicolour) -24 Pieces","4.2","210","305.00","999.00","Other","Budget","Good","Low"
"Amazon Brand - Solimo Back Cover for Samsung Galaxy M32 (Silicone | Black)","4.1","675","159.00","499.00","Mobile Phone","Budget","Good","Low"
"(Renewed) DELL Latitude 5490 Core i5 7th Gen Laptop, 8 GB RAM, 256GB SSD, Intel HD Graphics, 14 inch (36.83 cms) HD Scree...","4.4","15","23650.00","50000.00","Laptop","Premium","Good","Low"
"Cello Maxriter Ball Pen | Pack of 10 | Black Ball Pen | Lightweight Ball Pens for Pressure Free & Fine Writing | Elasto Gr...","4.2","4907","93.00","100.00","Other","Budget","Good","Moderate"
"Prolet 20mm/Watch 4 Silicone Smart Watch Replacement Sport Band Compatible with Samsung Galaxy Watch 4,40mm/42mm/44mm/46mm...","4.1","458","299.00","799.00","Mobile Phone","Budget","Good","Low"
"OMOTON Advanced 9H Tempered Glass Screen Protector Compatible for Google Pixel 4a Edge to Edge with Easy Installation Kit","4.4","3142","251.00","999.00","Mobile Phone","Budget","Good","Moderate"
"AmazonBasics Double Braided Nylon USB Type-C to Type-C 2.0 Cable, Charging Adapter, Smartphone 6 feet, Dark Grey","4.3","5569","619.00","1600.00","Mobile Phone","Budget","Good","Popular"
"ERHETUS Ergonomic Aluminum Laptop Stand for Table | Universal & Height Adjustable Lapdesks Compatible with All Laptops & T...","4.0","121","399.00","999.00","Laptop","Budget","Good","Low"
"ETI Duct Tape 48mm x 25 Mtr, Grey","4.2","6348","299.00","599.00","Other","Budget","Good","Popular"
"Spigen Liquid Air Back Cover Case for Samsung Galaxy S22 Ultra (TPU | Matte Black)","4.5","6445","1299.00","1699.00","Mobile Phone","Economy","Excellent","Popular"
"Fire-Boltt Ninja 2 SpO2 Full Touch Smartwatch with 30 Workout Modes, Heart Rate Tracking, and 100+ Cloud Watch Faces, 7 Da...","4.1","15996","1599.00","4999.00","Smartwatch","Economy","Good","Very Popular"
"Artis BT90 Wireless Portable Bluetooth Speaker with USB/Micro SD Card/FM/AUX in (Black) (3W RMS Output)","3.8","9850","999.00","1499.00","Speakers","Budget","Average","Popular"
"POPIO Tempered Glass Compatible for Samsung Galaxy M30 / M30s / A30 / A30s / A50 / A50s (Transparent) Full Screen Coverage...","3.9","4071","219.00","599.00","Mobile Phone","Budget","Average","Moderate"
"Dell S2721HNM-Grey 27"" FHD 1920 x 1080 @75 Hz |Minimalistic Design | IPS Panel |Brightness: 300 cd/m²|Colour Gamut: 99% sR...","4.4","2906","15875.00","33989.00","Other","Mid Range","Good","Moderate"
"XP-PEN Tablet Glove XP-PEN Two-Finger Glove for Drawing Pen Display Writing Tablet Graphics Pad Painting Monitor (One Siz...","4.1","58","399.00","999.00","Tablet","Budget","Good","Low"
"TheGiftKart Crystal Clear Back Cover Case for Samsung Galaxy M04 / F04 / A04e | 360 Degree Protection | Shock Proof Design...","4.1","40","256.00","999.00","Mobile Phone","Budget","Good","Low"
"PLIXIO Plastic Desktop Mobile Phone Tabletop Stand, Mobile Holder Adjustable & Foldable Mobile Stand for Mobile Phone and ...","4.2","822","783.02","1299.00","Mobile Phone","Budget","Good","Low"
"Amazon Brand - Solimo Bumper for Samsung Galaxy Note 10 Plus (Silicone_Transparent)","4.0","60","149.00","499.00","Mobile Phone","Budget","Good","Low"
"ESR Classic Hybrid Thermoplastic Polyurethane Magnetic Case with HaloLock, Compatible for iPhone 14 Pro, Compatible for Ma...","4.4","4504","1519.00","1899.00","Mobile Phone","Economy","Good","Moderate"
"ZEBRONICS Zeb Sonic BAR 100-120W RMS Soundbar with Subwoofer, RGB LED, HDMI ARC, BT v5.0, AUX, Type C + Dual 3.5mm Audio P...","4.1","719","5999.00","19999.00","Speakers","Mid Range","Good","Low"
"CableCreation RCA to 3.5mm Male Audio Cable, 3.5mm to 2RCA Cable Male RCA Cable,Y Splitter Stereo Jack Cable for Home Thea...","4.2","4733","479.00","2848.00","Other","Budget","Good","Moderate"
"Belkin USB C to USB C Fast Charging Type C Cable Tough Unbreakable Braided Nylon Material, 60W PD, 3.3 feet (1 Meter) for ...","4.5","539","599.00","999.00","Other","Budget","Excellent","Low"
"Seagate One Touch 2TB External HDD with Password Protection – Silver, for Windows and Mac, with 3 yr Data Recovery Service...","4.5","28685","5799.00","7999.00","Other","Mid Range","Excellent","Very Popular"
"FOLX FAC20 Air-Pods Pro Soft Silicone Protective Case 3D Design Shockproof Case Cover with Anti-Lost Metal Keyring Compati...","4.3","590","395.00","1999.00","Other","Budget","Good","Low"
"KABEER ART Set of 15 Paint Brushes of Various Sizes and Varieties for Painting – Bristle Brushes and Foam Brushes","3.9","824","284.05","350.00","Other","Budget","Average","Low"
"AEIDESS Tempered Glass Screen Protector Compatible For Samsung Galaxy M33 5G with Edge to Edge Coverage and Easy Installat...","4.1","403","139.00","999.00","Mobile Phone","Budget","Good","Low"
"Tribit StormBox 24W Bluetooth Wireless Speakers,360°Surround Sound,Enhanced Bass-Independent XBass Button,Wireless Dual Pa...","4.3","2163","4949.00","6999.00","Speakers","Economy","Good","Moderate"
"ESR Classic Hybrid Magnetic Case with HaloLock, Compatible with iPhone 14 Pro Max, Compatible with MagSafe, Shockproof Mil...","4.4","5202","1614.00","2099.00","Mobile Phone","Economy","Good","Popular"
"SPIN CART 3.5mm to RCA Cable, 2RCA Male to 3.5mm Male Stereo Y Splitter Audio cable Compatible with Phones, Laptop, HDTV, ...","3.9","191","199.00","699.00","Laptop","Budget","Average","Low"
"CEDO OnePlus Nord 2T (5G) Case Back Cover Shockproof Bumper Crystal Clear | 360 Degree Protection TPU+PC | Camera Protecti...","4.1","325","229.00","999.00","Mobile Phone","Budget","Good","Low"
"Cosmic Byte Equinox Mousepad Speed Edition (XL) (80x25x0.3cms)","4.3","401","349.00","649.00","Accessories","Budget","Good","Low"
"TheGiftKart Flip Back Cover Case for Redmi Note 11 / Note 11s | Dual-Color Leather Finish | Inbuilt Stand & Pockets | Wall...","4.2","972","299.00","999.00","Mobile Phone","Budget","Good","Low"
"Octrix Samsung Charger Original 25W C-Type Super Fast Charger Adapter with Cable Set Charger for Galaxy S22/S21+/S21 Ultr...","4.5","22922","299.00","3448.00","Mobile Phone","Budget","Excellent","Very Popular"
"PiBOX India , USB C to HDMI VGA USB Adapter, Aluminium Type C USB hub 3.1 to HDMI 4K/VGA /USB 3.0/USB C Converter Cable Ch...","4.1","1696","1248.00","1999.00","Accessories","Economy","Good","Moderate"
"PPDISK High HD Focus Spy Magnet Camera Full HD Mini Spy WiFi Magnetic Live Stream Night Vision IP Wireless 1080P Audio Vid...","3.6","139","849.00","2999.00","Camera","Budget","Average","Low"
"NB NOIZZYBOX Retro XXL 4 Band Radio Wireless Bluetooth Speaker with Remote and Equalizer (Gold)","3.9","538","3699.00","4999.00","Speakers","Economy","Average","Low"
"CEDO Case iQOO 7 (5G) Case Back Cover Shockproof Bumper Crystal Clear | 360 Degree Protection TPU+PC | Camera Protection |...","3.8","32","229.00","999.00","Camera","Budget","Average","Low"
"TIZUM Multi Purpose Earphone Carrying Case (Grey)","4.3","3699","279.00","699.00","Other","Budget","Good","Moderate"
"BOBO BM10H Handlebar Mount Fully Waterproof Bike / Motorcycle / Scooter Mobile Phone Holder Mount, Ideal for Maps and GPS ...","4.5","15669","1999.00","3699.00","Mobile Phone","Economy","Excellent","Very Popular"
"Spigen Ultra Hybrid Cover Case Compatible with Airpods Pro 2 (2022) - Crystal Clear","4.3","1186","1599.00","2199.00","Earbuds","Economy","Good","Moderate"
"Hoss® Type c Female to Micro USB Male Adapter, Converter USB C to Micro USB, Charger Connector Works with Smartphones,Tabl...","4.2","3609","298.00","499.00","Mobile Phone","Budget","Good","Moderate"
"Acko 1-year Total Damage Protection Plan for Phones between INR 20,001-25,000","4.2","2660","1399.00","1799.00","Other","Economy","Good","Moderate"
"HIK's® Round Earphone case Earphone Pouch | Earphones case | Headphone Pouch |Earphone Cover, Carrying Case for Earphones,...","3.5","12","49.00","299.00","Headphones","Budget","Average","Low"
"Sounce Desktop Mobile Phone Tabletop Stand, Mobile Holder, Adjustable & Foldable Mobile Tabletop Stand, Aluminum Stand Hol...","3.8","2615","399.00","1899.00","Mobile Phone","Budget","Average","Moderate"
"Honor MagicBook 14, AMD Ryzen 5 5500U 14""(35.56 cm)FHD IPS Anti-Glare T&L Laptop(8GB/512GB PCIe SSD/Win11/Fingerprint Logi...","4.3","303","41990.00","65999.00","Laptop","Premium","Good","Low"
"Micromax X513+ Black","3.4","48","949.00","1799.00","Other","Budget","Average","Low"
"Quantum CAT6 RJ45 Ethernet Patch Cable/LAN/Router Cable Ultra Hi-Speed Gigabit Upto 1000Mbps with Heavy Duty Gold Plated C...","4.2","148","111.00","399.00","Networking","Budget","Good","Low"
"mobimint 7 Feet Big Tripod Stand for Phone and Camera Adjustable Aluminium Alloy Big Tripod Stand Holder, Photo/Video Shoo...","4.0","482","449.00","989.00","Camera","Budget","Good","Low"
"IONIX USB Bluetooth Adapter for PC, Car Accessories, Bluetooth Receiver, 4.0 Bluetooth USB Dongle Receiver Support Windows...","3.3","1414","220.00","999.00","Accessories","Budget","Average","Moderate"
"Luxor UNIFLO Ball Pen Black (20's Box)","4.4","4200","169.00","240.00","Other","Budget","Good","Moderate"
"ESR Cyber Armor Tough Case with HaloLock Compatible with AirPods Pro (2022/2019), MagSafe Ready, Powerful Drop Protection,...","4.7","1678","1139.00","1599.00","Earbuds","Economy","Excellent","Moderate"
"Electronic Spices 2pcs 12v Brushless 3Inch DC Cooling Fan for Pc Case,CPU Cooler Black (80X80) mm","3.9","80","158.00","260.00","Other","Budget","Average","Low"
"MAZK Smart Standard Multi-Purpose Laptop Table with Dock Stand/Study Table/Bed Table/Foldable and Portable/Ergonomic & Rou...","4.0","50","249.00","699.00","Laptop","Budget","Good","Low"
"ESR Tempered-Glass Screen Protector Compatible with iPhone 14 Plus and iPhone 13 Pro Max, with Easy Installation Frame, Mi...","4.3","5626","949.00","2099.00","Mobile Phone","Budget","Good","Popular"
"Amazon Brand - Solimo Back Cover for Redmi Note 9 Pro/Redmi Note Pro Max/Poco M2 Pro (Silicone | Clear)","3.8","945","139.00","399.00","Mobile Phone","Budget","Average","Low"
"RAEGR RapidGear X70 USB Gaming Keyboard and Mouse Set | Made of Aluminium Body | 4 Choices of Adjustable DPI | 3 Rainbow L...","4.0","68","1599.00","3499.00","Accessories","Economy","Good","Low"
"Cooler Master Cryofuze Thermal Paste - for Processor, GPU, Console, Laptop | 14 W/m-K Thermal Conductivity | Excellent Per...","4.5","212","595.00","999.00","Laptop","Budget","Excellent","Low"
"Western Digital WD 4TB My Passport Portable Hard Disk Drive,Compatible with Windows and Mac, External HDD-Black","4.4","74559","8699.00","11200.00","Other","Mid Range","Good","Very Popular"
"Spigen Sand Blast Back Cover Case Compatible with Samsung Galaxy A23 LTE and A23 5G (TPU | Matte Black)","4.4","8","599.00","799.00","Mobile Phone","Budget","Good","Low"
"rts RFID Blocking Credit Card Holder Credit/Debit/ATM/Business Visiting Name Wallet ID Protector Case PU Leather Steel for...","4.4","441","229.00","1999.00","Other","Budget","Good","Low"
"TheGiftKart Rugged Carbon Fibre TPU Armor Back Cover Case for OnePlus 7T (Black)","4.5","1826","299.00","999.00","Mobile Phone","Budget","Excellent","Moderate"
"Portronics Konnect A Type C To Type C 60W PD Quick Charge Cable with 3A Fast Charging & 480mbps Data Transmission, 15000+ ...","3.7","19","199.00","699.00","Other","Budget","Average","Low"
"AMD Ryzen 3 3200G with RadeonVega 8 Graphics Desktop Processor 4 Cores up to 4GHz 6MB Cache Socket AM4 (YD320GC5FHBOX)","4.6","1067","6999.00","13500.00","Other","Mid Range","Excellent","Moderate"
"Cadyce USB to Serial (RS-232) Converter (Supports for Mac O/S)","4.3","1067","830.00","1100.00","Other","Budget","Good","Moderate"
"JB SUPER Bass Portable Wireless Bluetooth Speaker with inbuilt Phone Stand Built-in mic, TF Card Slot, USB Port - Multi Color","4.4","5576","639.00","1999.00","Speakers","Budget","Good","Popular"
"EzLife International Multipurpose Travel Adapter All in One US, AUS, UK, EU, NZ, Europe, North/South America & 150+ Countr...","3.9","340","285.00","499.00","Accessories","Budget","Average","Low"
"YellowInc Case Cover Compatible with OnePlus Buds Z2 (Earbuds Not Included) (Midnight Blue)","4.0","826","299.00","499.00","Mobile Phone","Budget","Good","Low"
"Dynotrek Vostro 14-15 Inch Laptop Sleeve Case Cover Pouch with Handle Compatible for Mackbook ThinkPad Chromebook Tablet W...","4.0","710","349.00","1789.00","Laptop","Budget","Good","Low"
"POPIO Flexible PET Screen Guard Protector Compatible for Apple Watch Series 4, Series 5, Series 6 (Black), Pack of 1, 44mm","3.1","1259","150.00","599.00","Other","Budget","Average","Moderate"
"MICROWARE HDMI to VGA Adapter Converter with 3.5mm Stereo Audio, Active Female HDMI to VGA Male 1080p Video Dongle Adaptor...","3.5","480","595.00","999.00","Accessories","Budget","Average","Low"
"Digitek (DRL-14) Professional 35.56 cm (14"")inch LED Ring Light | Dimmable Lighting | for YouTube | Photo-Shoot | Video Sh...","3.9","2837","1099.00","1995.00","Other","Economy","Average","Moderate"
"ESR Classic Hybrid Magnetic Case with HaloLock, Compatible with iPhone 14 and iPhone 13, Compatible with MagSafe, TPU,Shoc...","4.2","9441","1519.00","1899.00","Mobile Phone","Economy","Good","Popular"
"Lauret Blanc Notebook - A5 Size, 144 Ruled Pages Diary Journal, 80 GSM Natural Shade. (Style 6)","4.3","1932","229.00","349.00","Laptop","Budget","Good","Moderate"
"Pikkme Samsung Galaxy F23 5g Flip Case Leather Finish | Inside TPU with Card Pockets | Wallet Stand and Shock Proof | Magn...","4.2","139","199.00","999.00","Mobile Phone","Budget","Good","Low"
"BlueRigger High Speed HDMI to DVI Adapter Cable (3 Feet / 0.9 Meter)","4.1","4066","449.00","1599.00","Accessories","Budget","Good","Moderate"
"Spigen Rugged Armor Pro Case & Strap for Apple Watch Series 8 / 7 (45mm) | SE2 / 6 / SE / 5 / 4 (44mm) - Chacoal Gray (Wat...","4.3","39684","1399.00","2699.00","Other","Economy","Good","Very Popular"
"ZEBRONICS Zeb-Sound Bomb N2 TWS in Ear Earbuds with 50ms Low Latency Gaming, ENC, Voice Assistant, Flash Connect, Splash P...","3.5","2347","999.00","4199.00","Earbuds","Budget","Average","Moderate"
"Amazon Brand - Solimo Back Cover Case for Samsung Galaxy M20 | Compatible for Samsung Galaxy M20 Back Cover Case | 360 Deg...","4.2","159","139.00","299.00","Mobile Phone","Budget","Good","Low"
"Callas Multipurpose Foldable Laptop Table with Cup Holder | Drawer | Mac Holder | Table Holder Study Table, Breakfast Tabl...","3.9","1983","916.00","6999.00","Laptop","Budget","Average","Moderate"
"Kinsound Headphone Splitter, 3.5mm TRRS Stereo Adapter Dual Headphone Auxiliary Splitter Support Mic & Audio Compatible wi...","4.1","583","489.00","899.00","Headphones","Budget","Good","Low"
"SONATA GOLD Series 1440P HD WiFi Bulb Light Wireless IP WiFi Camera,Fish Eye 360 Degree Panoramic Mini Lamp IR CCTV Home S...","4.0","227","1709.00","4999.00","Television","Economy","Good","Low"
"Spigen Thin Fit Cover Case for Apple Watch 8/7 (45mm) - Crystal Clear (Watch not Included)","4.2","3122","999.00","1399.00","Other","Budget","Good","Moderate"
"Camel Student Water Color Cakes - 24 Shades","4.2","1852","69.00","70.00","Other","Budget","Good","Moderate"
"Caprigo Heavy Duty TV Wall Mount Stand for 12 to 27 Inch LED/LCD/Monitor Screen’s, Full Motion Rotatable Universal TV & Mo...","3.9","1333","499.00","899.00","Television","Budget","Average","Moderate"
"FatCherry 4+1, 6A Extension Board 2 Meters Wire, 240 V, 1440 Watt, 4 International Socket,1 LED Indicator Master Switch, M...","4.8","53","279.00","519.00","Other","Budget","Excellent","Low"
"HIFFIN 3-Way Monopod Grip Arm Tripod Foldable Selfie Stick, Stabilizer Mount Holder for GoPro Hero 9/8/7/6/5, SJCAM SJ6, S...","3.8","331","524.00","1000.00","Other","Budget","Average","Low"
"E-COSMOS Car Rear View Reverse Parking Camera with HD Night Vision 8 LED Waterproof 170 Degree Wide Angle, Black, Small","3.3","636","474.00","999.00","Camera","Budget","Average","Low"
"SYGA Desk Pad Protector Waterproof PU Desk Mat Blotters on Desktop Laptop Computer Gaming Keyboard Mouse Pad Non-Slip Desk...","4.3","929","499.00","1850.00","Laptop","Budget","Good","Low"
"VW 60 cm (24 inches) Premium Series HD Ready LED TV VW24A (Black)","4.3","4811","5699.00","11000.00","Television","Mid Range","Good","Moderate"
"DEVICE OF URBAN INFOTECH 40x60 Magnification Monocular Telescope with Mobile Holder & Tripod with BAK4 Prism & Zoom HD Lon...","2.9","50","799.00","5999.00","Mobile Phone","Budget","Poor","Low"
"Belkin 37W Dual Port Fast Car Charger, USB Type C 25W PPS Port and USB A 12W Port for Galaxy S22, S21, Plus, Ultra, 5G, Pl...","4.6","2414","2199.00","3199.00","Mobile Phone","Economy","Excellent","Moderate"
"SanDisk Extreme SD UHS I 32GB Card for 4K Video for DSLR and Mirrorless Cameras 100MB/s Read & 60MB/s Write","4.5","215311","599.00","1200.00","Camera","Budget","Excellent","Very Popular"
"SpiffySky USB 2.0 to RS-232 Serial Cable for Printer, Projector, Scanner, Router, Modem (Blue)","3.5","332","270.00","499.00","Printer","Budget","Average","Low"
"Boult Audio Airbass Q10 Bluetooth Truly Wireless in Ear Earbuds with Mic with 24H Total Playtime, Touch Controls, Ipx5 Wat...","3.6","40367","1399.00","4999.00","Earbuds","Economy","Average","Very Popular"
"Zapcase Back Case Cover for iPhone 11 | Compatible for iPhone 11 Back Case Cover | Matte Soft Flexible Silicon | Liquid Si...","4.5","105","349.00","899.00","Mobile Phone","Budget","Excellent","Low"
"Rexez UV Tempered Glass Screen Guard Protector for Xiaomi 13 Pro 5G (Transparent) Advanced Border Less Edge to Edge Full S...","5.0","1","489.00","999.00","Other","Budget","Excellent","Low"
"Tough Lee Tempered Glass Screen Guard for Apple iPhone 12/12 Pro, Apple iPhone 11 / XR (Transparent) Full Coverage Gorilla...","3.5","320","142.00","999.00","Mobile Phone","Budget","Average","Low"
"Crucial X6 1TB Portable SSD – Up to 800MB/s – USB 3.2 – External Solid State Drive, USB-C - CT1000X6SSD9","4.3","15139","7199.00","11200.00","Other","Mid Range","Good","Very Popular"
"Qubo Smart WiFi Wireless Video Doorbell (White) from Hero Group | Instant Visitor Video Call | Intruder Alarm System | Eas...","4.2","2986","6690.00","10990.00","Networking","Mid Range","Good","Moderate"
"Yogi MART 'Foldable Bed Study Table Portable Multifunction Lapt Lapdesk Children Bed Foldabe Table Work Office Home with T...","3.9","522","219.00","699.00","Other","Budget","Average","Low"
"Rexez Premium Tempered Glass Design for OnePlus 11R Screen Protector and Easy Installation Kit (Pack of 1)","3.4","11","479.00","999.00","Mobile Phone","Budget","Average","Low"
"Boatstorm (2022) Watch Charger Magnetic 2 pin USB All Types smartwatch (Smart Watch Charger for 2 Pin)","4.6","9","199.00","999.00","Smartwatch","Budget","Excellent","Low"
"Techlife JNL-7513 Waterproof Camera Shoulder Bag for Nikon Canon Sony and All DSLR Cameras","4.4","647","799.00","999.00","Camera","Budget","Good","Low"
"AmazonBasics Tie-Out Cable/Leash for Dogs up to 57 Kg, 30 Feet","4.3","22824","499.00","795.00","Other","Budget","Good","Very Popular"
"Dyazo Aluminium Fine Point Stylus Pen with Spare Disk for Touch Screens Devices, Compatible with iPad/ iPhone /X/XR, Amazo...","3.9","2754","379.00","999.00","Mobile Phone","Budget","Average","Moderate"
"Oxlaw USB Type C to USB A Adapter USB C Male to USB3 Female Adapter Compatible with MacBook Pro 2021 iMac iPad Mini 6/Pro ...","4.3","660","299.00","799.00","Laptop","Budget","Good","Low"
"Canon Pixma TS307 Single Function Wireless Inkjet Colour Printer (Black), Standard","3.6","1733","3209.00","3875.00","Printer","Economy","Average","Moderate"
"Pikkme Brown Leather Magnetic Vintage Flip Wallet Case Cover for Vivo Y12 / Y15 / Y17 / U10 (Brown)","4.0","2294","199.00","999.00","Mobile Phone","Budget","Good","Moderate"
"Panasonic Corded Telephone, Black","4.2","5303","1475.00","1665.00","Other","Economy","Good","Popular"
"CROSSVOLT Tempered Glass Screen Protector Compatible for Samsung Galaxy Watch 5 And Samsung Galaxy Watch 4 (44mm) (1.4"" in...","4.2","361","251.00","599.00","Mobile Phone","Budget","Good","Low"
"iClever BK10 Bluetooth Keyboard for Mac, Multi Device Wireless Keyboard Rechargeable Bluetooth 5.1 Stable Connection with ...","4.1","12722","2599.00","3999.00","Accessories","Economy","Good","Very Popular"
"boAt Newly Launched Rockerz 378 Bluetooth in Ear Neckband with Spatial Bionic Sound Tuned by THX, Beast™ Mode, ASAP™ Charg...","4.2","181","1299.00","3490.00","Other","Economy","Good","Low"
"pTron Volta FC12 20W QC3.0 Smart USB Charger, Made in India, Auto-detect Technology, Multi-Layer Protection, Fast Charging...","4.0","3875","399.00","1699.00","Accessories","Budget","Good","Moderate"
"LRIPL Mi Remote Control with Netflix & Prime Video Button Compatible for Mi 4X LED Android Smart TV 4A Remote Control (3...","3.2","341","609.00","999.00","Television","Budget","Average","Low"
"Duracell Specialty 2450 Lithium Coin Battery 3V, Pack of 5 (DL2450/CR2450) Suitable for use in keyfobs, Scales, wearables ...","5.0","1","290.00","500.00","Other","Budget","Excellent","Low"
"Dyazo 2.4 Amp 1 Meter Nylon Braided 3 In 1 Mobile Charging Usb Cable Compatible For All Smartphone, Iphones And Type C Dev...","3.8","9","199.00","799.00","Mobile Phone","Budget","Average","Low"
"Posh 1.5 Meter High Speed Gold Plated HDMI Male to Female Extension Cable (Black)","4.3","1295","173.00","999.00","Other","Budget","Good","Moderate"
"CEDO Cover Redmi A1 | Matte Soft Silicon Flexible | Camera Bump Protection | All Side Shock Proof Rubberised Back Case Cov...","3.9","120","149.00","999.00","Mobile Phone","Budget","Average","Low"
"ESR Classic Hybrid Magnetic Case with HaloLock, Compatible with iPhone 14 Pro Max, Compatible with MagSafe, Shockproof Mil...","4.4","5202","1709.00","2099.00","Mobile Phone","Economy","Good","Popular"
"Mantra MIS100V2 Single IRIS Scanner Corded Portable Scanner with RD Service","4.0","911","3560.00","7650.00","Printer","Economy","Good","Low"
"Dealfreez Case Compatible for Fire TV Stick 4K All Alexa Voice Remote Shockproof Silicone Anti-Lost Cover with Loop (C-Black)","4.3","5094","349.00","999.00","Television","Budget","Good","Popular"
"JGD PRODUCTS Shock Proof Protective Soft Back Cover for iPhone X, iPhone Xs (Transparent) [Bumper Corners with Air Cushion...","3.8","1335","119.00","699.00","Mobile Phone","Budget","Average","Moderate"
"NISHTECH HDMI to RCA,HDMI to AV, 1080P HDMI to 3RCA HDMI2AV AV Composite Video Audio Converter Adapter Media Streaming Device","4.0","1722","149.00","349.00","Accessories","Budget","Good","Moderate"
"Portronics Modesk 200 Universal Mobile Phone Tabletop Stand for Desktop Table for All Device Size Upto 7 Inch (White)","4.2","1211","99.00","699.00","Mobile Phone","Budget","Good","Moderate"
"winPlus Adjustable Laptop Cooling Pad with 6 Fans, RGB Lights, Phone Holder and Dual USB Ports for Laptop Upto 17 Inch","4.1","321","1799.00","5999.00","Laptop","Economy","Good","Low"
"Storite UPort 1.8 Meter 3 Pin PC Power Cable IEC Mains Kettle Lead Replacement Cord for Desktop/Monitor/Printer - Black","4.0","475","399.00","999.00","Monitor","Budget","Good","Low"
"Cosmic Byte CB-GK-27 Vanth Mechanical Keyboard Upgraded with Swappable Outemu Blue Switches and Rainbow LED (Black/Grey)","4.3","416","1749.00","3299.00","Accessories","Economy","Good","Low"
"WOW IMAGINE Ultra Slim Soft Rubberised Back Cover Case for Samsung Galaxy A14 5G | Inner Velvet Fabric Lining | Matte Sili...","4.7","30","199.00","999.00","Mobile Phone","Budget","Excellent","Low"
"Wipro Extension Board with 4 Universal Sockets - Grey & White","4.0","3206","428.00","790.00","Other","Budget","Good","Moderate"
"Amazon Brand - Solimo Pouch for Mi Redmi Note 10 Pro Max (Silicone_Clear)","4.1","34","139.00","299.00","Mobile Phone","Budget","Good","Low"
"Samsung Galaxy S22 5G (Phantom Black, 8GB, 128GB Storage) with No Cost EMI/Additional Exchange Offers","4.3","1369","52999.00","85999.00","Mobile Phone","Luxury","Good","Moderate"
"Print 20 Polaroid Style Photo (White, 3.5x4.25-inch) Print Media","4.3","65","199.00","499.00","Other","Budget","Good","Low"
"Doubledicestore Tempered Glass Screen Protector Compatible for redmi Note 7/Note 7 pro with Edge to Edge 11D and Easy Inst...","4.1","5774","149.00","999.00","Mobile Phone","Budget","Good","Popular"
"Newlike Silicone Samsung Galaxy A53 5G, [Bumper] Exclusive - Transparent Back Cover Clear Thin Case - for Samsung Galaxy A...","4.2","110","249.00","999.00","Mobile Phone","Budget","Good","Low"
"HAMMER Airflow Truly Wireless Earbuds (TWS), Bluetooth 5.0, 3-4 Hours Playtime, 10M Range, Wireless Headphone with Magneti...","3.0","199","1299.00","9995.00","Earbuds","Economy","Average","Low"
"SaleOn Water Resistance Portable Gadget Organizer Case Bag Pouch with Zipper Lock Bag for Travel Electric Gadget for Cable...","4.0","3224","397.10","899.00","Other","Budget","Good","Moderate"
"Meyaar Cute Silicone Case Cover with Keychain, 360° Protective Case Compatible with Apple Airpods 2 &1 (Starbucks Coffee -...","4.2","1022","389.00","999.00","Earbuds","Budget","Good","Moderate"
"Redmi K50i 5G (Quick Silver, 8GB RAM, 256GB Storage) | Flagship Mediatek Dimensity 8100 Processor | 144Hz Liquid FFS Display","4.0","7756","26999.00","35999.00","Mobile Phone","Premium","Good","Popular"
"Ailun Camera Lens Protector for iPhone 13 Pro 6.1"" ＆ iPhone 13 Pro Max 6.7"",Tempered Glass,9H Hardness,Ultra HD,Anti-Scrat...","3.8","8121","229.00","299.00","Mobile Phone","Budget","Average","Popular"
"FEDUS Cat6 Ethernet Cable, 3 Meter High Speed 550MHZ / 10 Gigabit Speed UTP LAN Cable, Network Cable Internet Cable RJ45 C...","4.4","9050","199.00","4499.00","Other","Budget","Good","Popular"
"Philips Audio TAH4205XTBK/00 Bluetooth 5.0, Bass Booster, Quick Charging Upto 29H Playtime, 32mm Driver, Compact Folding D...","3.9","1860","2350.00","4999.00","Other","Economy","Average","Moderate"
"Crysendo Ear Muffs Headphone Cushion (50mm / 5cm) 6Pcs 5mm Thick Replacement Earpads for Headphone Sponge Cover | High-Den...","4.1","1361","299.00","849.00","Headphones","Budget","Good","Moderate"
"uppercase Medium 17 Ltrs Vegan Leather (upto 14 inch) Laptop Backpack 2300EBP1 3x more water resistant sustainable bags wi...","4.1","240","1600.00","2100.00","Laptop","Economy","Good","Low"
"OpenTech® Tempered Glass Screen Protector Compatible for iQOO 9T 5G / iQOO 11 / iQOO Neo 7 with Edge to Edge Coverage and ...","4.3","2112","251.00","999.00","Other","Budget","Good","Moderate"
"BSPS Ac Remote Compatible with Lloyd/Blue Star/Voltas/Godrej Ac Remote Control - (Any Query Pls Whatsapp @ Nine Eight 7363...","4.4","165","449.00","999.00","Other","Budget","Good","Low"
"DIGITEK® (Platinum FW-50) Platinum Lithium-ion Rechargeable Battery for Sony DSLR Camera | Compatibility - Alpha NEX-3, 5,...","3.8","478","1099.00","2000.00","Camera","Economy","Average","Low"
"Winble Back Cover for Redmi K20 Pro/K20 (Silicone | Black)","4.3","500","251.00","999.00","Mobile Phone","Budget","Good","Low"
"hynix HMT351S6BFR8C 4GB DDR3 PC3-10600 1333MHz Non-ECC Unbuffered CL9 1.5V Dual Rank","4.2","784","545.00","1599.00","Other","Budget","Good","Low"
"HOUSE OF QUIRK Black Board Vinyl Wall Sticker Removable Decal Chalkboard (45 X 200 Cm)","4.2","533","319.00","999.00","Other","Budget","Good","Low"
"EVM25/256GB 256GB SSD 2.5"" INCH SATA","4.3","433","1410.00","3999.00","Other","Economy","Good","Low"
"TheGiftKart Back Cover For Xiaomi Redmi Note 10 Pro/ Note 10 Pro Max ( Poly Carbonate|Black )","4.4","3183","379.00","999.00","Mobile Phone","Budget","Good","Moderate"
"POPIO Tempered Glass Compatible for iPhone SE (2020) ; Apple iPhone SE (2022) with Edge to Edge Coverage and Easy Installa...","3.9","583","199.00","599.00","Mobile Phone","Budget","Average","Low"
"Cat Care Compatible with Compatible iPhone New Edition Charger Case Cover | Cartoon Character Silicon Charger Case Cover f...","4.4","99","380.00","999.00","Mobile Phone","Budget","Good","Low"
"bArrett USB Fast Charger 2.4Amp for Samsung Galaxy J1/J2/J3/J4/J5/J6/J7/A3/A4/A5/A6+/A7/A8/A9/On 5/On 6/On 7/ On 8 Prime P...","3.8","148","349.00","799.00","Mobile Phone","Budget","Average","Low"
"Boult Audio ProBass Ranger Over-Ear Wireless Bluetooth Headphones with Microphone, Headset with Long Battery Life","3.7","2873","1799.00","7999.00","Headphones","Economy","Average","Moderate"
"Mobilife Bluetooth Extendable Selfie Stick with Tripod Stand and Wireless Remote,3-in-1 Multifunctional Selfie Stick Tripo...","4.1","15740","569.00","1399.00","Other","Budget","Good","Very Popular"
"ESR HaloLock Magnetic Car Phone Mount, Compatible for MagSafe Car Mount, Compatible for iPhone 14/14 Plus/14 Pro/14 Pro Ma...","4.6","2015","1994.00","2799.00","Mobile Phone","Economy","Excellent","Moderate"
"HUMBLE Mini Quick Release Plate QR Release Plate Replacement for Tripod Clamps for Sony VCT-60AV, VCT-D580RM, VCT-D680RM, ...","3.9","494","269.00","699.00","Other","Budget","Average","Low"
"Kingston DataTraveler Exodia M 64GB USB-A Flash Drive USB 3.2 Gen 1 DTXM/64GBIN","4.2","17","499.00","700.00","Other","Budget","Good","Low"
"Cello Signature Ethos Ball Pen | Blue Ball Pen | Pack of 1 | Best Ball Pens for Smooth Writing | Gifting Pens | Premium Ba...","4.2","1966","127.00","150.00","Other","Budget","Good","Moderate"
"CASEOLOGY by Spigen Parallax TPU, PC Back Cover Compatible for Samsung Galaxy S22 Ultra (Burgundy)","4.6","4812","1699.00","2799.00","Mobile Phone","Economy","Excellent","Moderate"
"Noise ColorFit Pro 3 Assist Smart Watch with Alexa Built-in, 24*7 Spo2 Monitoring, 1.55"" HD TruView Display, Stress, Slee...","3.9","13400","2499.00","5999.00","Monitor","Economy","Average","Very Popular"
"Spigen Leather, Thermoplastic Polyurethane Rugged Armor Pro Back Cover Case Designed for Samsung Galaxy Tab S7 FE 5G | S7 ...","4.5","741","1699.00","2499.00","Mobile Phone","Economy","Excellent","Low"
"M.G.R.J® Tempered Glass Screen Protector for Samsung Galaxy Tab A 8.0 (SM-T295 / T290) (2019)","4.0","2721","299.00","1999.00","Mobile Phone","Budget","Good","Moderate"
"TheGiftKart Crystal Clear Back Cover Case for iQOO Z6 Pro/Vivo T1 Pro 5G | 360 Degree Protection | Shock Proof Design | Tr...","4.3","413","279.00","999.00","Mobile Phone","Budget","Good","Low"
"10W to 65W Type-C USB Cable for Realme 7 Pro USB Cable Original Charger Cable | Quick, Dash, Warp, Dart, Flash, Turbo, Sup...","3.7","36","249.00","999.00","Mobile Phone","Budget","Average","Low"
"Lava A1 (Candy Blue), Number Talker, Smart AI Battery, 4 Days Battery Backup, Military Grade Certified, Keypad Mobile","3.8","3384","1087.00","1299.00","Mobile Phone","Economy","Average","Moderate"
"Sakura Pigma Micron 10 Fineliner pens Black Archival Ink Artist Drawing Sketch pens (003, 005, 01, 02, 03, 04, 05, 08), Gr...","4.6","1150","905.00","1059.00","Other","Budget","Excellent","Moderate"
"American Tourister Spin 49 cms Teal Laptop Backpack","4.0","1432","1699.00","2780.00","Laptop","Economy","Good","Moderate"
"TheGiftKart Shockproof Crystal Clear Back Cover Case for OnePlus Nord 2020, 360 Degree Protection | Protective Design | Tr...","4.2","2114","289.00","999.00","Mobile Phone","Budget","Good","Moderate"
"EMBOX 10A Extension board with usb port - 4 Universal Sockets and 3 USB (2.4 A) charging Ports with Indicator and Overload...","4.4","477","885.00","2400.00","Other","Budget","Good","Low"
"Spigen Ultra Hybrid Back Cover Case Compatible for Google Pixel 7 Pro (TPU + Polycarbonate | Crystal Clear)","4.4","1765","1599.00","2099.00","Mobile Phone","Economy","Good","Moderate"
"Zipline Synthetic Leather Executive SMALL messenger bag Briefcase for upto 13"" Laptop/Tablet for men women with multiple c...","3.9","365","938.00","2199.00","Laptop","Budget","Average","Low"
"M.G.R.J® Tempered Glass Screen Protector for Lenovo Tab M8 HD / M8 (3rd Gen) / Smart Tab M8 / Tab M8 FHD (2019) (TB-8705F/...","4.0","2319","299.00","1999.00","Other","Budget","Good","Moderate"
"Fashionury Shockproof Crystal Clear Back Cover For Mi Redmi 10 / Redmi 10 Power Back Cover Case | 360 Degree Protection | ...","3.3","12","149.00","549.00","Mobile Phone","Budget","Average","Low"
"Reynolds BRITE BP 25 CT JAR - BLUE Ball Pen I Lightweight Ball Pen With Comfortable Grip for Extra Smooth Writing I School...","4.0","973","159.00","225.00","Other","Budget","Good","Low"
"Aston Andia Compatible for Xiaomi MI Band 5 4 3 Nylon Band Strap, Replacement Sport Wristband Bracelet Universal, Fitness ...","3.8","135","299.00","999.00","Other","Budget","Average","Low"
"7SEVEN¨ Suitable Sony Tv Remote Original Bravia for Smart Android Television Compatible for Any Model of LCD LED OLED UHD ...","3.9","243","349.00","699.00","Television","Budget","Average","Low"
"ZXN 5V 10W USB Charging Cable for Mi Trimmer, Shavers, Body Groomers & Multi Grooming Models (Replacement for Mi Chargers)...","2.5","8","298.00","999.00","Accessories","Budget","Poor","Low"
"Redgear Pro Wireless Series Gamepad Wireless Receiver for PC Black","4.4","584","249.00","999.00","Other","Budget","Good","Low"
"TheGiftKart Tough Armor Samsung Galaxy M33 Bumper Back Case Cover | Ring Holder & Kickstand in-Built | 360 Degree Protecti...","4.3","699","395.00","999.00","Mobile Phone","Budget","Good","Low"
"Acer ED320QR 31.5 Inch Full HD (1920x1080 Pixels) VA Panel Curved Gaming LCD Monitor with LED Backlight with 165Hz Refresh...","4.2","360","16555.00","29000.00","Mobile Phone","Mid Range","Good","Low"
"Westinghouse 106 cm (43 inches) Full HD Smart Certified Android LED TV WH43SP99 (Black)","4.3","2285","14999.00","20999.00","Television","Mid Range","Good","Moderate"
"Winble Back Cover For Redmi Note 10 Pro Max/ Redmi note 10 pro ( Silicone|Black )","4.1","4089","284.00","999.00","Mobile Phone","Budget","Good","Moderate"
"ESR Classic Kickstand Case with HaloLock Compatible with iPhone 14 Pro Max, MagSafe-Compatible Case with Stand, Military-G...","4.5","2003","2279.00","2599.00","Mobile Phone","Economy","Excellent","Moderate"
"SanDisk Extreme Pro microSD UHS I Card 64GB for 4K Video on Smartphones,Action Cams,Drones 200MB/s Read, 90MB/s Write","4.5","21982","939.00","2100.00","Mobile Phone","Budget","Excellent","Very Popular"
"boAt Wave Electra with 1.81"" HD Display, Smart Calling Ultra-Seamless BT Calling Chip, 20 Built-in Watch Faces, 100 + Spor...","3.5","1037","1899.00","7990.00","Monitor","Economy","Average","Moderate"
"FosCadit Dummy Fake Bullet Camera with Flashing Red LED Light Dummy CCTV Security Camera for Home & Office (Pack of 1 Pcs)","3.5","171","294.00","599.00","Television","Budget","Average","Low"
"OpenTech® Tempered Glass Screen Protector Compatible with OnePlus 9RT 5G with Edge to Edge Coverage and Easy Installation kit","4.2","956","251.00","999.00","Mobile Phone","Budget","Good","Low"
"Gizga Essentials Cable Organiser, Cord Management System for PC, TV, Home Theater, Speaker & Cables, Reusable Cable Organi...","4.5","8504","319.00","749.00","Speakers","Budget","Excellent","Popular"
"proffisy 303 Toner for Canon 303 CRG 303 Toner Cartridge for Canon LBP 2900, LBP 2900B,LBP 3000 (1 pcs)","4.3","1065","759.00","1899.00","Other","Budget","Good","Moderate"
"Mobilife Selfie Stick,Selfie Stick with Tripod Stand Selfie Stick Tripod for Mobile Phone 4 in 1 Selfie Stick Bluetooth Se...","4.1","3346","759.00","1799.00","Mobile Phone","Budget","Good","Moderate"
"Pikkme Mi A3 Back Cover Soft Matte Liquid Silicone TPU | Camera Protection | Shockproof Slim Back Case for Mi A3 (Black)","4.0","50","199.00","999.00","Camera","Budget","Good","Low"
"rts (2 Pack) High speed USB C to USB Adapter, USB-C Female to USB Male, USB Type C Female to USB OTG Adapter compatible fo...","4.3","5216","283.00","4999.00","Accessories","Budget","Good","Popular"
"MeRaYo Metal Mesh Office Desk Organizer Stationery Pen Stand (Black Color)","4.2","1294","649.00","999.00","Other","Budget","Good","Moderate"
"Vivo Y02 (Orchid Blue, 3GB RAM, 32GB Storage) with No Cost EMI/Additional Exchange Offers","3.9","47","8999.00","12999.00","Mobile Phone","Mid Range","Average","Low"
"Robustrion Trifold Flip Stand Hard Back Case Cover for Redmi Pad 10.61 inch Tablet - Black","4.3","88","499.00","1999.00","Mobile Phone","Budget","Good","Low"
"(Renewed) Lenovo ThinkPad X260 High Performance 12.5 inch IPS Panel 1.5kg Laptop (Core i5 6300U/8 GB DDR4 RAM/256 GB SSD/W...","3.6","99","15620.00","70000.00","Laptop","Mid Range","Average","Low"
"Super Ultra Mini Boost Wireless Portable Bluetooth Speaker Built-in Mic High Bass Selfie Remote Control Button Low Harmoni...","3.2","244","331.00","1499.00","Speakers","Budget","Average","Low"
"JK Copier Paper - A4, 500 Sheets, 75 GSM, Ream 3","4.3","12373","1125.00","1300.00","Other","Economy","Good","Very Popular"
"Amazon Brand - Solimo Back Cover for Oneplus 8 (Silicone_Transparent)","4.2","481","139.00","499.00","Mobile Phone","Budget","Good","Low"
"Sounce Soft TPU Front Protection Case Cover for Amazfit GTS 2 Mini/ BIP U /Bip U Pro/ BIP Lite/Bip S/Bip S Lite Smart Watc...","4.4","88","199.00","999.00","Other","Budget","Good","Low"
"NARE Smart Standard Multi-Purpose Laptop Table with Dock Stand/Study Table/Bed Table/Foldable and Portable/Ergonomic & Rou...","3.8","49","219.00","999.00","Laptop","Budget","Average","Low"
"Dell Pro Slim Backpack 15 - PO1520PS - Fits Most laptops up to 38.1 cm (15 inches, Black)","4.3","396","1599.00","4299.00","Laptop","Economy","Good","Low"
"Oxlaw USB C to USB A Adapter (Pack of 2) USB C Male to USB3 Female Adapter Compatible with MacBook Pro 2021 iMac iPad Mini...","4.3","660","399.00","999.00","Laptop","Budget","Good","Low"
"boAt Bass Heads 225 in-Ear Wired Headphones with Mic (Forest Green)","4.1","276491","699.00","999.00","Headphones","Budget","Good","Very Popular"
"ASUS ROG Strix G17, 17.3""(43.94 cms)FHD 144Hz, AMD Ryzen 7 4800H, RTX 3050ÂTi 4GB Graphics, Gaming Laptop (16GB/1TB SSD/Wi...","4.5","122","85990.00","121990.00","Laptop","Luxury","Excellent","Low"
"Egate i9 Pro-Max Android 9.0, Projector for Home 4K I Full HD 1080p Native 420 ANSI 4500 Lumens LED, 4D Digital Keystone w...","3.9","10766","12990.00","15990.00","Other","Mid Range","Average","Very Popular"
"TheGiftKart Translucent Hybrid Protective Hard Back Case Cover for Redmi 10 / Redmi 10 Power | Smoked Matte Back | 360 Deg...","4.4","94","229.00","999.00","Mobile Phone","Budget","Good","Low"
"Crysendo Ear Muffs Headphone Cushion (60mm / 6cm) 6Pcs 5mm Thick Replacement Earpads for Headphone Sponge Cover | High-Den...","4.0","1025","299.00","849.00","Headphones","Budget","Good","Moderate"
"OpenTech® Tempered Glass Screen Protector Compatible for Samsung Galaxy S20 FE 5G (Matte) Full Screen Coverage (Except Edg...","4.0","9927","249.00","999.00","Mobile Phone","Budget","Good","Popular"
"mobimint Gorilla Tripod/Mini 33 cm (12 Inch) Tripod for Mobile Phone with Phone Mount & R-Mote, Flexible Gorilla Stand","4.6","60","299.00","999.00","Mobile Phone","Budget","Excellent","Low"
"Vivo Y100 5G (Metal Black, 8GB RAM, 128GB Storage) with No Cost EMI/Additional Exchange Offers","3.9","17","24999.00","29999.00","Mobile Phone","Premium","Average","Low"
"ASTRID Women's 17'' Black and White Textured Laptop Bag With Accessory Pouch","4.0","79","999.00","1999.00","Laptop","Budget","Good","Low"
"TIZUM External Hard Drive Case for 2.5-Inch Hard Drive (Grey)","4.5","5290","349.00","799.00","Other","Budget","Excellent","Popular"
"ProElite Smart Flip Case Cover for Apple iPad 10.2"" 9th Gen (2021) 8th Gen/7th Gen, with Stylus Pen, Translucent & Hard Ba...","4.3","11466","589.00","1999.00","Tablet","Budget","Good","Very Popular"
"RAEGR Arc One 15W Type-C PD | Made in India | Qi-Certified Wireless Charger with Fabric for iPhone 14/13/12/11/X/8 Series,...","3.8","5806","889.00","2499.00","Mobile Phone","Budget","Average","Popular"
"Samsung Galaxy A23 Blue, 6GB RAM, 128GB Storage with No Cost EMI/Additional Exchange Offers","4.0","775","18499.00","23990.00","Mobile Phone","Mid Range","Good","Low"
"TECHONTO Sports Band Soft Silicone Sport Wristband Compatible with Apple Watch iWatch Bands 42mm 44mm & 45mm Soft Silicone...","3.7","3392","299.00","499.00","Other","Budget","Average","Moderate"
"Rinkon Motivation (Pack of 13 stickers) Inspiration Vinyl Sticker Motivation Quotes Stickers for Laptop Trackpad All Model...","4.0","167","149.00","499.00","Laptop","Budget","Good","Low"
"Smartwatch Charger for 2 Pin (Boat Wave Call & Boat Wave Lite Smartwatch) 0.2 m Magnetic Charging Cable, Black","4.4","12","179.00","999.00","Smartwatch","Budget","Good","Low"
"House of Quirk Electronic Bag Travel Cable Accessories Bag Double Layer Electronics Organizer Portable Storage Case for Ca...","4.3","6730","599.00","999.00","Other","Budget","Good","Popular"
"Staedtler 137 C 48 Luna Water Colour Pencil - Pack of 48 (Multicolour)","4.5","2567","1695.00","2095.00","Other","Economy","Excellent","Moderate"
"Unicron 5 in 1 Keyboard & Earphone Cleaner Keyboard Cleaning Brush Laptop Cleaning Kit Cleaning Pen for Airpods Cleaner So...","4.1","1631","199.00","499.00","Laptop","Budget","Good","Moderate"
"(Renewed) Fire-Boltt Gladiator 1.96"" Biggest Display Smart Watch with Bluetooth Calling, Voice Assistant &123 Sports Mode...","3.8","31","2124.00","2499.00","Monitor","Economy","Average","Low"
"Cosmic Byte CB-EP-06 in-Ear Earphones with Inbuilt and Detachable Dual Microphone, Lightweight, Hi-Fidelity Drivers (Blac...","3.0","65","899.00","1499.00","Other","Budget","Average","Low"
"Caldipree Silicone Full Wrap Remote Case Compatible with LG AN-MR19BA AN-MR600 Magic Remote with Lanyard (Black)","4.0","502","349.00","999.00","Other","Budget","Good","Low"
"Rapidotzz Mi Band Straps - Pack of 1 (Blue, Unisex) | Removable Straps ONLY for MI Band 3 and 4 | MultiColour | Free Size...","4.2","5127","269.00","1499.00","Other","Budget","Good","Popular"
"FriendZon 9H Nano Speedometer Scratch Guard Screen Protector Compatible with TVS Raider 125 (Pack of 1)","3.3","139","199.00","499.00","Other","Budget","Average","Low"
"Parker Classic Anti Microbial Stainless Steel Ball Pen - CION Coated (Ink - Blue)","4.3","1727","469.00","575.00","Other","Budget","Good","Moderate"
"M.G.R.J® Tempered Glass Screen Protector for Lenovo Tab M10 (TB-X605LC / TB-X605FC / M10 FHD Rel) (10.1"" inch)","3.8","862","230.00","1999.00","Other","Budget","Average","Low"
"Artis 61 Watts USB Type C Laptop Adapter/Charger Compatible with MB Pro 13” (20.3V,3A) 2016 Onwards. Connector: USB Type-C...","3.6","7884","1699.00","3999.00","Laptop","Economy","Average","Popular"
"Anthems Study Table/Bed Table/Foldable and Portable Wooden/Writing Desk for Office/Home/School (Black Flower)","4.0","399","399.00","799.00","Other","Budget","Good","Low"
"3Pack USB C Female to Lightning Male Adapter for iPhone 12/11/8 X XR/XS/SE/7Plus/Pro Max Ipad Air Mini Type Compatible wit...","3.9","36","249.00","999.00","Mobile Phone","Budget","Average","Low"
"Marshall Willen Portable Bluetooth Speaker - Black & Brass","4.6","477","9999.00","14999.00","Speakers","Mid Range","Excellent","Low"
"Hlija 3PCS Rear Back Camera Lens Protector Tempered Glass for iPhone 13 Pro/13 Pro Max - HD Clear Full Coverage Guard","4.3","1356","279.00","999.00","Mobile Phone","Budget","Good","Moderate"
"Amkette Xcite Pro USB wired Keyboard & Mouse Combo for Laptop, PC and USB Support Devices with 10 dedicated Multimedia Key...","4.0","4881","719.00","799.00","Laptop","Budget","Good","Moderate"
"Lava X3(‎Luster Blue, 3GB RAM, 32GB Storage) | 8MP Dual Camera | Fingerprint Sensor | Android 12 Go Edition | 6.5 inch HD+...","3.6","48","6500.00","8999.00","Camera","Mid Range","Average","Low"
"i GEAR KeyBee Retro Typewriter Inspired 2.4GHz Wireless Keyboard and Mouse Set with USB Support, Single Nano Receiver, Rou...","4.2","1295","2499.00","3500.00","Accessories","Economy","Good","Moderate"
"realme Buds Wireless Pro Bluetooth in Ear Earphones with Mic, Active Noise Cancellation (ANC), LDAC Hi-Res Audio, Fast Cha...","3.8","8170","3999.00","5999.00","Mobile Phone","Economy","Average","Popular"
"IFB 25 L Solo Microwave Oven (25PM2S, Silver)","4.3","834","7490.00","8990.00","Other","Mid Range","Good","Low"
"pTron Basspods 882 in-Ear Earbuds, Bluetooth 5.1 Wireless Headphones with Mic, 10MM Drivers, Immersive Audio, Stereo Call...","2.9","4","699.00","2499.00","Earbuds","Budget","Poor","Low"
"Enflamo Soft Silicone Slim Back Cover Case for iPhone 6 & 6S (Blue)","4.2","2525","206.00","799.00","Mobile Phone","Budget","Good","Moderate"
"Zebronics HAA3021 HDMI version 2.1 cable with 8K @ 60Hz, 4K @ 120Hz, eARC & CEC support, 3D compatible, 3 meters length, 4...","4.8","15","1176.00","1799.00","Other","Economy","Excellent","Low"
"Lapster Laptop Camera Cover Webcam Cover Slider, Ultra Thin Slide Blocker for All Laptop PC Tablet (Pack of 3pcs)","4.3","1689","123.00","999.00","Laptop","Budget","Good","Moderate"
"Amazon Brand - Solimo Bumper case for Realme 7 Pro (Silicone_Transparent)","3.9","222","149.00","499.00","Mobile Phone","Budget","Average","Low"
"FEDUS Cat6 Heavy Duty Outdoor Cable 20M 65 Feet Weatherproof/UV Resistant 1000mbps Ethernet Cable Suitable for Direct Buri...","4.4","1681","599.00","999.00","Other","Budget","Good","Moderate"
"Spigen EZ Fit Tempered Glass Screen Guard for iPhone 12 Pro Max - 2 Pack","4.5","25971","1199.00","2899.00","Mobile Phone","Economy","Excellent","Very Popular"
"Spigen EZ Fit Tempered Glass Screen Protector for iPhone 14 Plus / 13 Pro Max - 2 Pack (Sensor Protection)","4.5","2716","1599.00","2899.00","Mobile Phone","Economy","Excellent","Moderate"
"HAKUHO Telephone Line Cord Telephone Extension Cord 2 Pin, 1 Line Rj11 Male To Male Cable Or Landline, Phone, Modem Or Fax...","4.1","286","199.00","599.00","Networking","Budget","Good","Low"
"OpenTech® Tempered Glass Screen Protector Compatible for OnePlus Nord Edge to Edge Coverage with Easy Installation kit","4.0","11472","299.00","999.00","Mobile Phone","Budget","Good","Very Popular"
"Flix (Beetel) Bolt 2.4 12W Dual USB Smart Charger, Made in India, Bis Certified, Fast Charging Power Adaptor with 1 Meter ...","3.8","2441","239.00","599.00","Accessories","Budget","Average","Moderate"
"Wooum 15.6 Inch Laptop Sleeve Laptop Protective Case Laptop Pouch Water Resistant Laptop Carrying Case for HP, Dell, Lenov...","4.3","659","349.60","999.00","Laptop","Budget","Good","Low"
"GM 3045 Square 3 Pin Flex Box 4 Mtr. with Handle, Indicator & International Socket","4.4","8835","425.00","600.00","Other","Budget","Good","Popular"
"Mi Portable Bluetooth Speaker with 16W Hi-Quality Speaker, Type C Charging, Upto 13hrs of Playback Time & IPX7 Waterproof...","4.0","4039","2497.00","3499.00","Speakers","Economy","Good","Moderate"
"Portronics Konnect L 60W PD Type C to Type C Mobile Charging Cable, 1.2M, Fast Data Sync, Tangle Resistant, TPE+Nylon Brai...","4.1","1625","269.00","499.00","Mobile Phone","Budget","Good","Moderate"
"BASECASE Thermoplastic Polyurethane Shock Proof Clear Hybrid Hard Back Cover Mobile Cover for 1+ OnePlus Nord 2T 5G (Jet B...","4.2","145","259.00","999.00","Mobile Phone","Budget","Good","Low"
"Zitel Hard PC Case Compatible with Samsung Galaxy Watch 4 44mm Bumper Cover with Built-in 9H Tempered Glass Screen Protect...","3.8","273","399.00","999.00","Mobile Phone","Budget","Average","Low"
"LIDBOX Foldable Wooden Mini Laptop Table for Bed, Study Table with Drawer, Tablet/Mobile Holder for Kids & Adults (Pink)","4.5","5","399.00","799.00","Laptop","Budget","Excellent","Low"
"Sony Bravia 80 cm (32 inches) HD Ready Smart LED Google TV KD-32W820K (Black) (2022 Model) | with Alexa Compatibility","4.7","845","24999.00","34900.00","Television","Premium","Excellent","Low"
"LG UltraWide 29 inch (73 cm) IPS FHD, Color Calibrated, 100Hz, 7W x 2 Inbuilt Speaker, USB-C, Display Port, HDMI, White Co...","4.7","9","18950.00","29000.00","Speakers","Mid Range","Excellent","Low"
"NewYouth Professional Ear Pads Cushions Replacement, Earpads Compatible with Audio Technica ATH-M40X M40h M50 M50X Headphones","3.7","592","339.00","999.00","Headphones","Budget","Average","Low"
"Doubledicestore Tempered Glass Screen Protector Compatible for xiaomi redmi k20/k20 pro with 9H Edge to Edge Coverage and ...","4.1","5774","149.00","999.00","Mobile Phone","Budget","Good","Popular"
"ELV Surge Protector and Spike Guard, 10 AMP, 6 Socket Extension Board Cord, 6 Feet Wire, Overload Protection Master Switch...","4.3","3297","449.00","999.00","Other","Budget","Good","Moderate"
"Apple Lightning to USB Cable (2m)","4.2","18132","2349.00","2900.00","Other","Economy","Good","Very Popular"
"Infinity (JBL) Fuze 100, Wireless Portable Bluetooth Speaker with Mic, Deep Bass, Dual Equalizer, IPX7 Waterproof, Rugged ...","4.1","25576","1499.00","2999.00","Speakers","Economy","Good","Very Popular"
"Camel Premium Poster Colour with Brush - 20 Shades (Multicolor)","4.5","818","558.00","620.00","Other","Budget","Excellent","Low"
"Nataraj Wooden Picture Pencils (Pack Of 50 Pencils 5 Sharpener Free)","3.8","362","180.00","200.00","Other","Budget","Average","Low"
"Imou 360° 1080P Full HD Security Camera, Human Detection, Motion Tracking, 2-Way Audio, Night Vision, Dome Camera with WiF...","4.1","5833","2499.00","7500.00","Camera","Economy","Good","Popular"
"sekyo S1 Smartwatch Kids AGPS/LBS Tracking Watch with Mobile Tracking, SOS, Calling Function for Kids Safety, Smart Watch ...","3.4","266","2549.00","3499.00","Mobile Phone","Economy","Average","Low"
"Storite 60cm Super Speed USB 3.0 Type A Cable - Male to Male USB Cord Short Cable for Hard Drive Enclosures, Laptop Coolin...","4.0","2226","349.00","999.00","Laptop","Budget","Good","Moderate"
"LED USB light USB LED light, pack of 5 for Laptop, USB hub, OTG mobile","3.7","41","108.00","199.00","Laptop","Budget","Average","Low"
"Fashionury Protective Soft Silicone Shockproof Protection Back Case Cover for Realme C35 / Realme Narzo 50A Prime- Transpa...","4.1","39","148.00","399.00","Mobile Phone","Budget","Good","Low"
"HIKVISION 2MP Eco HD 1080P Night Vision Bullet Outdoor Wired CCTV Camera for 2MP & Above DVRs, White","3.4","73","1273.00","3300.00","Television","Economy","Average","Low"
"URBN 25 Watt Type C PD Samsung Charger | BIS Certified | PD Wall Adapter | for Samsung Galaxy FE20/S22/S20/Plus/M Series/N...","4.2","123","699.00","1999.00","Mobile Phone","Budget","Good","Low"
"Equinox Hot Water Bottle with Cover EQ-HT-01 C","4.2","7780","360.00","500.00","Other","Budget","Good","Popular"
"ZORBES® Storage Bag for Samsung T7/T7 Touch Portable SSD, Shockproof Travel Organizer Storage Case with Handstrap for Sams...","4.4","157","632.00","883.00","Other","Budget","Good","Low"
"iphone (2 PACK )USB C USB 3.1 Type C Female to USB Male Adapter Connector Converter Works with Laptops,Chargers Compatible...","3.9","31","189.00","999.00","Laptop","Budget","Average","Low"
"Tabelito® Delta Casual Waterproof Laptop Backpack/Office Bag/School Bag/College Bag/Business Bag/Unisex Travel Backpack (C...","4.7","162","599.00","1999.00","Laptop","Budget","Excellent","Low"
"Samsung Galaxy S23 Ultra 5G (Green, 12GB, 512GB Storage)","4.4","91","134999.00","161999.00","Mobile Phone","Luxury","Good","Low"
"Sounce Earphone Case Cover Compatible with Boat Airdopes 131, Soft Silicone Skin Case Cover Shock-Absorbing Protective Cas...","4.6","83","199.00","999.00","Earbuds","Budget","Excellent","Low"
"SupCares Edge to Edge Tempered Glass for OnePlus 10R 5G, OnePlus 10R 5G - Prime Edition, and OnePlus 10T 5G with Easy Self...","4.0","187","289.00","799.00","Mobile Phone","Budget","Good","Low"
"YellowInc Global Impex Breathe Silicone Cover For Oneplus Buds Z2 Headphones (2022) (Earbuds Not Included) (Dark Green)","4.0","826","299.00","499.00","Mobile Phone","Budget","Good","Low"
"TheGiftKart Tough Armor Bumper Back Cover Case for Redmi 10A / 10A Sport | Ring Holder & Kickstand in-Built | 360 Degree P...","4.3","156","359.00","999.00","Mobile Phone","Budget","Good","Low"
"ProTVSolutions iPhone 14 Charger,20W PD Super Quick Apple Charger [Apple MFi Certified] iPhone Charger Fast Charging Block...","4.7","203","1199.00","2999.00","Mobile Phone","Economy","Excellent","Low"
"Smart Watch for Men & Women - ID116 Latest Bluetooth Phone Watch 1.3"" LED with Daily Activity Tracker, Heart Rate Sensor, ...","4.1","52","479.00","1499.00","Smartwatch","Budget","Good","Low"
"GM 3207 G-On Mini 3 Pin Extension Cord 1.5 Mtr. with Indicator, Safety Shutter & 2 International Sockets","4.4","1138","380.00","439.00","Other","Budget","Good","Moderate"
"Amozo Ultra Hybrid Back Cover Case for iPhone 13 (Polycarbonate|Transparent) (Green)","4.3","1742","474.00","1799.00","Mobile Phone","Budget","Good","Moderate"
"TP-Link TL-WA855RE N300 Mbps Single Band Universal Wireless Range Extender, Broadband/WiFi Extender with 1 Ethernet Port a...","4.1","115068","1599.00","3599.00","Networking","Economy","Good","Very Popular"
"Lapster Type C to 3.5 mm Jack Audio Connector Converter, Noise Cancelling Headphones Jack Converter Audio Adapter for OneP...","3.3","1180","148.00","999.00","Headphones","Budget","Average","Moderate"
"WOW IMAGINE Shock Proof Clear Back Cover Case Mobile Cover for Samsung Galaxy M53 5G (Hard | Hybrid PC + TPU | Full Armour...","4.3","358","259.00","999.00","Mobile Phone","Budget","Good","Low"
"Noise ColorFit Ultra 2 with 1.78"" (4.52cm) AMOLED Display, Best-in-Class Resolution, Premium Stainless Steel Body, 60+ Spo...","4.1","8092","3199.00","8999.00","Monitor","Economy","Good","Popular"
"Celrax Touch Lamp Truly Wireless Bluetooth Portable Speaker (Multicolour)","3.2","884","398.00","1299.00","Speakers","Budget","Average","Low"
"AUGEN Cartoon 3D Design Protective Case for 20W iPhone USB-C Power Adapter Charger, Cute Cartoon Lightning Data Cable Case...","4.5","250","499.00","999.00","Mobile Phone","Budget","Excellent","Low"
"Proffisy Mobile Stand iPad Stand Aluminium Mobile Phone Stand for Table Height Angle Adjustable Mobile Holder Phone Stand ...","4.2","2020","854.00","3199.00","Mobile Phone","Budget","Good","Moderate"
"(Renewed) Fire-Boltt Ninja Call Pro Plus Bluetooth Calling Smartwatch, 1.83"" Largest Display with AI Voice Assistance, 100...","4.2","42","1529.00","1799.00","Monitor","Economy","Good","Low"
"HP 300 Dual Mode Black Mouse, Switch Between Two PCs via Bluetooth or 2.4 GHz Wireless, Smart TV Connectivity, 1200 to 360...","4.3","198","1144.00","1500.00","Television","Economy","Good","Low"
"DIGITEK® (DRL-18RT) Profesional 46cm (18 Inch) LED Ring Light with Remote Control, Runs on AC Power with No Shadow apertur...","4.0","4707","3199.00","5995.00","Other","Economy","Good","Moderate"
"DOODLE Beyond The Stars Soft Bound Set of 3 Notebook Diary (B6, 4.7 X 7 Inches, 80 GSM, 160 Ruled Pages & 80 Blank Pages)","4.3","778","266.00","445.00","Laptop","Budget","Good","Low"
"WildHorn Leather 15 inch Laptop Messenger Bag for Men I Padded Laptop Compartment I Carry Handles with Adjustable Strap I ...","4.2","890","2629.00","4999.00","Laptop","Economy","Good","Low"
"M-Audio M-Track Duo – USB Audio Interface for Recording, Streaming and Podcasting with Dual XLR, Line & DI Inputs, plus a ...","4.1","6685","5800.00","6999.00","Other","Mid Range","Good","Popular"
"ZEBRONICS DC Black ADAM Edition Rocket 500 Bluetooth 5.0 Portable Speaker 20W RMS, TWS, 10 Hour Backup, Built-in Rechargea...","4.3","18","3099.00","7999.00","Earbuds","Economy","Good","Low"
"TP-Link Deco E4 Whole Home Mesh Wi-Fi System, Seamless Roaming and Speedy (AC1200) Mbps Dual_Band, Work with Amazon Echo/A...","4.3","5430","5799.00","11999.00","Networking","Mid Range","Good","Popular"
"Amazon Brand - Solimo Thermoplastic Polyurethane Back Cover For Samsung Galaxy M21, M30s (Transparent)","4.0","173","139.00","499.00","Mobile Phone","Budget","Good","Low"
"Canon GI-790 Yellow/Cyan/Magneta Ink Bottle","4.2","212","1455.00","2590.00","Other","Economy","Good","Low"
"Doubledicestore Tempered Glass Screen Protector Compatible for Google Pixel 6A with Edge to Edge Full Coverage and Easy In...","4.1","682","149.00","999.00","Mobile Phone","Budget","Good","Low"
"realme Pad X WiFi+5G Tablet | 6GB RAM 128GB ROM (Expandable), 27.9cm (11 inch) WUXGA+ Display | 6nm SD Processor | Dolby A...","4.3","53","27997.00","44999.00","Mobile Phone","Premium","Good","Low"
"Titan Smart 2 Fashion Smartwatch, 1.78” AMOLED Display with Premium Metal Body, Multiple Sports Modes with 100+ Watchface...","4.0","479","5995.00","12995.00","Monitor","Mid Range","Good","Low"
"Ringke Fusion-X Compatible with iPhone 13 Case Back Cover Transparent Hard PC Back TPU Bumper Impact Resistant Shockproof ...","4.4","1703","1699.00","2399.00","Mobile Phone","Economy","Good","Moderate"
"Spigen Polycarbonate, Thermoplastic Polyurethane Rugged Armor Pro Strap and Case Designed for Samsung Galaxy Watch 5 / 4 (...","4.3","8553","1499.00","2699.00","Mobile Phone","Economy","Good","Popular"
"Oraimo 18W USB & Type-C Dual Output Super Fast Charger Wall Adapter PE2.0&Quick Charge 3.0 & Power Delivery 3.0 Fast Charg...","4.0","15095","599.00","1199.00","Accessories","Budget","Good","Very Popular"
"TP-Link Archer C54 AC1200 Dual Band Wi-Fi Router | 1200 Mbps Wireless WiFi Speed | Multi-Mode | 4 Antennas | Parental Cont...","4.0","794","1895.00","3499.00","Networking","Economy","Good","Low"
"Samsung 253 L 3 Star Inverter Frost-Free Double Door Refrigerator (RT28T3753UV/HL, Blue Wave, Convertible, 2022 Model)","4.3","3072","26290.00","39990.00","Other","Premium","Good","Moderate"
"Spigen Ultra Hybrid Back Cover Case for iPhone 12 and iPhone 12 Pro (TPU + Poly Carbonate | Crystal Clear)","4.2","41983","1599.00","2599.00","Mobile Phone","Economy","Good","Very Popular"
"Spigen Ultra Hybrid Back Cover Case for iPhone Xs | iPhone X (TPU + Poly Carbonate | Matte Black)","4.3","64847","1199.00","1899.00","Mobile Phone","Economy","Good","Very Popular"
"POPIO Tempered Glass for Samsung Galaxy M51 / A71 / Note10 Lite (Transparent) Full Screen Coverage (except edges), Pack of 1","4.0","3662","150.00","599.00","Mobile Phone","Budget","Good","Moderate"
"Spigen EZ Fit Tempered Glass Screen Protector Guard for iPhone 14 Plus / 13 Pro Max - 2 Pack (Privacy)","4.4","1587","1599.00","2899.00","Mobile Phone","Economy","Good","Moderate"
"ZEBRONICS ZEB-FIT7220CH Bluetooth Smart Watch,4.4cm (1.75"") Full Touch Curved Screen, Metal Body & Metal Strap,7 Days Data...","3.8","7430","2184.00","7999.00","Smartwatch","Economy","Average","Popular"
"Ambrane 40000mAh Lithium-Polymer Power Bank, 65W Fast Charging, MacBook & Type C Laptops Charging, Triple Output, Type-C P...","3.7","40","4299.00","7999.00","Laptop","Economy","Average","Low"
"Doubledicestore Tempered Glass Screen Protector Compatible for Redmi Note 10 / Note 10S with 11D Full Coverage and Easy In...","4.1","5774","149.00","999.00","Mobile Phone","Budget","Good","Popular"
"JOTO TPU Waterproof Phone Case Holder Pouch, Underwater Transparent Cellphone Dry Bag Compatible For iPhone 13 12 11 Pro M...","4.3","1413","299.00","999.00","Mobile Phone","Budget","Good","Moderate"
"JBL A352HI 350W 6 1/2"" Coaxial Speakers","4.0","536","2300.00","3990.00","Speakers","Economy","Good","Low"
"Nokia 3310 Dual SIM Keypad Phone with MP3 Player, Wireless FM Radio and Rear Camera | Red","4.1","17536","3749.00","4599.00","Camera","Economy","Good","Very Popular"
"Lenovo IdeaPad Slim 3 Intel Celeron N4020 4th Gen 15.6"" (39.62cm) HD 220nits Anti-Glare (8GB/256GB SDD/Windows 11/Office 2...","3.7","351","25550.00","40490.00","Other","Premium","Average","Low"
"Mi Xiaomi 120W HyperCharge Adapter Combo|Laptops, Tablets & Mobile Charger|(Adapter + USB to Superfast 6A Type C Cable)|Co...","3.9","81","2680.00","5999.00","Laptop","Economy","Average","Low"
"Newly Launched SpinBot Ranger HX300 Wireless Bluetooth Over the Ear Headphones with up to 50ms Low latency and Flip Boom M...","4.2","36","2002.00","2999.00","Headphones","Economy","Good","Low"
"Dyazo Aluminium Portable High Speed Micro USB to USB A Female OTG Adapter/Converter Compatible with Samsung S6 Edje S7 Edg...","4.2","5219","129.00","499.00","Accessories","Budget","Good","Popular"
"SWAPKART 3.5 mm Headphone Jack Lightning Adapter Connector Only Supported Music Control Audio Adapter for iPhone 6 6s 7 8 ...","3.5","229","299.00","999.00","Mobile Phone","Budget","Average","Low"
"XPG ADATA GAMMIX D30 DDR4 16GB (1x16GB) 3200MHz U-DIMM Desktop Memory - AX4U3200316G16A-SR30","4.5","407","3544.00","15000.00","Other","Economy","Excellent","Low"
"AmazonBasics Laptop Sleeve Case Cover Pouch for 14-inches, 14.1-inches Laptop for Men and Women | Slim Profile Neoprene, S...","4.3","1559","389.00","1099.00","Laptop","Budget","Good","Moderate"
"Ant Esports KM540 Gaming Backlit Keyboard and Mouse Combo, LED Wired Gaming Keyboard, Ergonomic & Wrist Rest Keyboard, Pro...","4.1","1118","1440.00","2499.00","Accessories","Economy","Good","Moderate"
"SupCares Edge to Edge Privacy Tempered Glass for iPhone 14 Plus and iPhone 13 Pro Max (6.7 Inch) with Easy Self Installati...","4.0","24","399.00","799.00","Mobile Phone","Budget","Good","Low"
"Noise_Pulse Go Buzz SmartWatch Charger 2 Pin USB Fast Charger Magnetic Charging Cable Adapter (Smart Watch Charger 2 pin)","4.0","27","199.00","999.00","Smartwatch","Budget","Good","Low"
"(Renewed) JBL Tune 215BT Wireless Bluetooth In Ear Headphone with Mic (Blue)","3.8","902","996.55","1499.00","Headphones","Budget","Average","Low"
"TheGiftKart Tough Armor Bumper Back Cover Case for Realme Narzo 50 Pro 5G | Ring Holder & Kickstand in-Built | 360 Degree ...","4.3","55","389.00","999.00","Mobile Phone","Budget","Good","Low"
"Honeywell Surge Protector/Spike Guard/Extension Board, Master Switch, 4 Universal Sockets, 2USB Ports, 15000Amp, 2Mtr Cor...","4.4","3649","1679.00","2249.00","Other","Economy","Good","Moderate"
"Kingston FURY 8GB 3200MHz DDR4 CL16 DIMM Fury Beast Black, Non RGB (KF432C16BB/8)","4.5","4292","2152.00","6999.00","Other","Economy","Excellent","Moderate"
"Zebronics 450 W Power Supply SMPS","3.6","1685","699.00","999.00","Other","Budget","Average","Moderate"
"EGOTUDE Ultra Thin Matte Anti Scratch Slim Fit Back Cover Case for iPhone 11, White","4.0","2915","256.00","799.00","Mobile Phone","Budget","Good","Moderate"
"DZert Clasy Laptop Bag College Bag for Boys Girls 21 L Red Black","3.8","2287","296.00","799.00","Laptop","Budget","Average","Moderate"
"Spigen USB-C to C 3.2 Gen 1 Cable Official E-Mark, 100W & 5Gbps Compatible with Macbook, iPad, Galaxy, OnePlus, Pixel (1m)...","4.1","1632","899.00","1699.00","Laptop","Budget","Good","Moderate"
"ASUS TUF Gaming VP5700 46.14 cm Backpack (Black), with Water Repellent Fabric, Suitable for up to 43.18 cm Laptop","4.4","197","1299.00","2399.00","Laptop","Economy","Good","Low"
"Lowfe Smartwatch Charger for 2 Pin (Noise Colorfit Pro 2, 3, Boat Strom, Nexfit Run) 0.2 m Magnetic Charging Cable, Black","3.4","325","199.00","999.00","Smartwatch","Budget","Average","Low"
"GIZGA essentials Extended Gaming Mouse Pad, Laptop Desk Mat, Computer Mouse Pad with Smooth Mouse Control, Mercerized Surf...","4.4","382","149.00","699.00","Laptop","Budget","Good","Low"
"Mobilife Selfie Stick Tripod,3 in 1 Bluetooth Selfie Stick with Tripod Stand for iPhone Samsung and Mobile Phone Aluminium...","4.0","939","799.00","1699.00","Mobile Phone","Budget","Good","Low"
"R for Rabbit Premium Chocolate Ride Stylish Baby Stroller and Pram for Baby, Kids, Infants, Newborn, Boys & Girls of 0 to ...","4.4","800","8798.00","10999.00","Other","Mid Range","Good","Low"
"TheGiftKart Tough Armor Bumper Back Case Cover for iQOO Neo 7 5G | Ring Holder & Kickstand in-Built | 360 Degree Protectio...","4.4","8","299.00","999.00","Other","Budget","Good","Low"
"Amazon Basics Wired Mouse, 1000 DPI Optical Sensor Tracking, Standard Control 3-Button & 1 Scroller | USB 2.0 Mice Compati...","4.1","181","279.00","599.00","Accessories","Budget","Good","Low"
"Enflamo Soft TPU 3D Relief Flower Printed Phone Case Back Cover for iPhone 11 (White, Mix Lilies)","4.0","1058","299.00","999.00","Mobile Phone","Budget","Good","Moderate"
"Amozo Back Case Cover for iPhone 12 / iPhone 12 Pro (Silicone|Transparent)","4.0","1378","284.00","999.00","Mobile Phone","Budget","Good","Moderate"
"Panasonic CR-2016/5BE Lithium Coin Battery - Pack of 5","4.4","27401","175.00","299.00","Other","Budget","Good","Very Popular"
"Amazon Basics Wired Gaming Keyboard and Mouse Set| Multicolor RGB LED Backlight Effects, Multimedia Keys, Durable Aluminum...","4.0","9650","1259.00","2199.00","Accessories","Economy","Good","Popular"
"Santhosh Enterprises 5V 10W Usb Charging Cable For Mi Trimmer, Shavers, Body Groomers & Multi Grooming Models (Replacement...","3.6","234","299.00","599.00","Other","Budget","Average","Low"
"CEDO Honor Pad 8 (11.9 inch) Flip Cover | Leather Finish | 360 Degree Rotate Flip Cover | Shockproof Style Back Cover Case...","4.8","6","499.00","999.00","Other","Budget","Excellent","Low"
"Amazon Brand - Solimo Thermoplastic Polyurethane, Plastic Transparent Black Bumper Case Hard Back & Soft Bumper Cover for ...","3.5","37","169.00","499.00","Other","Budget","Average","Low"
"DEVCOMM Finger (Pack of 6 pieces) Sleeves PUBG Finger For Mobile Game Controllers Anti Sweat Breathable Professional Touch...","3.7","161","68.00","300.00","Mobile Phone","Budget","Average","Low"
"DR. MOREPEN USA Scissor Set for Offices, Crafts, Kitchen, Tailoring and Hair Cutting (Black)","4.2","564","225.00","265.00","Other","Budget","Good","Low"
"Belkin Quick Charge Magnetic Wireless Power Bank 5000mAh with Stand, Sleek Design for All iPhone 14, 13 and 12 Models, Com...","4.0","390","5699.00","8999.00","Mobile Phone","Mid Range","Good","Low"
"mobistyle Liquid Silicone Case for iPhone 13 Case, Individual Protection for Each Lens Shockproof Rubber Full Body Thicken...","3.8","991","299.00","999.00","Mobile Phone","Budget","Average","Low"
"SKY BUYER Bluetooth Calling Smart Touchscreen Smart Watch Bluetooth 1.3 HD Screen with Daily Activity Tracker, Heart Rate ...","5.0","1","499.00","999.00","Smartwatch","Budget","Excellent","Low"
"Fire-Boltt INVINCIBLE 1.39"" (3.53cm) AMOLED 454x454 Bluetooth Calling Smartwatch ALWAYS ON, 100 Sports Modes, 100 Inbuilt ...","3.9","10658","5999.00","15999.00","Smartwatch","Mid Range","Average","Very Popular"
"Techzere Overhead Shooting Tripod with 16 cm USB LED Ring Light & Mobile Holder","4.0","52","1999.00","3499.00","Mobile Phone","Economy","Good","Low"
"ZEBRONICS Juke BAR 100A Compact Soundbar with Subwoofer, 60W RMS Output, Powerful Bass, Glossy Design, HDMI ARC, Coaxial, ...","3.7","68","3799.00","8999.00","Speakers","Economy","Average","Low"
"Corsair TM30 Performance 3 Grams Thermal Paste (Silver)","4.4","13002","499.00","700.00","Other","Budget","Good","Very Popular"
"Mivi Collar 2B Bluetooth Wireless in Ear Earphones, 24 Hours Playtime, IPX7 Water Proof, Booming Bass, Magnetic Buds, Blue...","3.6","11682","899.00","1999.00","Other","Budget","Average","Very Popular"
"SYGA Headphone Replacement Ear Cushion Pads Compatible with Bose Quiet Comfort QC15 QC25 QC35 AE2 AE2i AE2 AE2-W (Black)","4.2","353","449.00","650.00","Headphones","Budget","Good","Low"
"SPIN CART Large Gaming Mouse Pad with Nonslip Base,Waterproof & Foldable Mat for Desktop, Laptop, Keyboard & More Colour &...","4.4","441","289.00","699.00","Laptop","Budget","Good","Low"
"Robustrion Smart Premium Stand Case Cover for iPad 9.7 inch 2018/2017/Air 2/Air 5th 6th Generation Model A1822 A1823 A1893...","4.4","3715","579.00","2499.00","Tablet","Budget","Good","Moderate"
"Team Office Replacement Cable for Fingerprint Scanner - Morpho MSO 1300 e/e2/e3(USB) - Black","3.8","34","249.00","499.00","Printer","Budget","Average","Low"
"Aeoss ® 10 Pcs Open Pry Screwdriver Repair Tool Kit Set Compatible for iPhone 6 Plus 5 5s 5c 4 iPod. (100 Plus 5 Star Revi...","3.6","3250","198.00","399.00","Mobile Phone","Budget","Average","Moderate"
"LAZI 100ml Blue Scented Laptop Screen Cleaner Cleaning Liquid Spray kit for Laptop PC Computer Tablet Smart Phone Screen D...","3.8","5","149.00","299.00","Laptop","Budget","Average","Low"
"D-Link R03 N300 Eagle PRO AI Advance Parental Control Router with Voice Control Assistant (Alexa & Goggle Assistant) - Wi-...","3.4","216","820.00","1999.00","Networking","Budget","Average","Low"
"INEFABLE® Mi Band 3 & 4 Straps Silicon Wristband Band Straps for Original M3 & M4 Bands with One Year Warranty - Device No...","4.1","2676","169.00","799.00","Other","Budget","Good","Moderate"
"Belkin USB C to USB-C Fast Charging Type C Cable, 60W PD, 3.3 feet (1 meter) for Laptop, Personal Computer, Tablet, Smartp...","4.5","539","599.00","999.00","Laptop","Budget","Excellent","Low"
"Spigen TPU Essential Sand Blast Back Cover Case Compatible For Samsung Galaxy M13 4G (Matte Black)","4.4","225","319.00","399.00","Mobile Phone","Budget","Good","Low"
"TheGiftKart Back Cover For Samsung Galaxy M51 ( Poly Carbonate ; Polymer|Greyish Blue )","4.4","4930","389.00","999.00","Mobile Phone","Budget","Good","Moderate"
"ZEBRONICS DC Black ADAM Edition Sound Bomb 7 TWS Earbuds with 40H* Backup, Rapid Charge, 50ms Gaming Mode, ENC mic, Voice ...","3.7","884","999.00","4890.00","Earbuds","Budget","Average","Low"
"GREEVA Smart Multipurpose Foldable Laptop Table with Cup Holder, Study Table, Bed Table, Breakfast Table, Foldable and Por...","3.9","158","219.00","999.00","Laptop","Budget","Average","Low"
"Casecandy ® - Pack 1 – Samsung S23 Ultra Tempered Glass Screen Protector, UV Glass Full Adhesive [Liquid Technology][Finge...","4.1","52","1307.00","1990.00","Other","Economy","Good","Low"
"OCTRIX 65w Warp Charger for OnePlus 65 Watt Warp Charging with C to C Cable | Fast Warp/Dash Charger for OnePlus 10/10 Pr...","4.5","22922","299.00","3448.00","Mobile Phone","Budget","Excellent","Very Popular"
"Amazon Brand - Solimo Silicone Basic Case for Samsung Galaxy Note 10 Lite (Transparent)","4.1","156","139.00","499.00","Mobile Phone","Budget","Good","Low"
"ONE ASSIST Live Uninterrupted 1 Year Extended Warranty Plan for Air Cooler, Email Delivery Within 2 Hours, No Physical Kit...","3.8","408","199.00","359.00","Other","Budget","Average","Low"
"MI 80 cm (32 inches) HD Ready Smart Android LED TV 5A Pro | L32M7-EAIN (Black)","4.2","34286","16999.00","25999.00","Television","Mid Range","Good","Very Popular"
"M.G.R.J® Tempered Glass Screen Protector for Realme Pad Mini (8.7"" inch)","4.0","16","230.00","1999.00","Mobile Phone","Budget","Good","Low"
"Redragon Shiva K512 RGB Backlit Membrane Wired Gaming Keyboard with Multimedia Keys, 6 Extra On-Board Macro Keys, Dedicate...","4.3","8769","1999.00","2590.00","Accessories","Economy","Good","Popular"
"ESR Clear Case Compatible with iPhone 14 Pro Max Case, Shockproof Thin Silicone Cover, TPU,Yellowing-Resistant Slim Transp...","4.2","1196","664.00","1899.00","Mobile Phone","Budget","Good","Moderate"
"CEDO Redmi Note 11/Note11s (4G) Case Back Cover Shockproof Bumper Crystal Clear | 360 Degree Protection TPU+PC | Camera Pr...","3.8","289","229.00","999.00","Mobile Phone","Budget","Average","Low"
"Ambrane 30W USB Boosted Speed Dual Output Port Fast Charger with QC & PD Technology, Made in India, Multiple Layers of Pro...","3.9","272","1199.00","1999.00","Accessories","Economy","Average","Low"
"ZEBRONICS Bluetooth 5.0 Keyboard for Mac, Windows, Android, Up to 3 Connections, Built-in Rechargeable Battery, Scissor sw...","4.4","16","2299.00","3499.00","Accessories","Economy","Good","Low"
"Zitel Case with Screen Protector Compatible with Apple Watch Series 8/7 45mm Hard PC Cover with Built-in 9H Tempered Glass...","3.8","4321","699.00","1999.00","Other","Budget","Average","Moderate"
"Ant Esports GM400W RGB Wireless Gaming Mouse, Stylish Mouse for Ultimate Gaming, Upto 3200 DPI, 6 Buttons Durable Switche...","4.2","7667","490.98","1999.00","Accessories","Budget","Good","Popular"
"Spigen Tough Armor Magfit Back Cover Case Compatible with MagSafe Designed for iPhone 14 Pro Max (TPU + Poly Carbonate | B...","4.6","1362","2499.00","3999.00","Mobile Phone","Economy","Excellent","Moderate"
"DronaIndia Tambourine Hand Percussion Musical Instrument","3.6","1700","224.00","499.00","Other","Budget","Average","Moderate"
"ALLIMITY BN59-01259E Remote fit for Samsung 4K Curved Smart TV K5570 UA32K5570AULXL UA32K5570AUMXL UA40K5570AULXL UA40K557...","4.0","688","299.00","699.00","Television","Budget","Good","Low"
"OREI Canada to India Converter Plug, USA, UK to India Adapter Plug - Type D Travel Adapter - 2 in 1 USA to India Adapter P...","4.3","11400","548.00","999.00","Accessories","Budget","Good","Very Popular"
"TheGiftKart Back Cover for Redmi 9 / Redmi 9 Activ/Poco C31 (Poly Carbonate | Black)","4.3","1185","349.00","999.00","Mobile Phone","Budget","Good","Moderate"
"Samsung 980 1TB Up to 3,500 MB/s PCIe 3.0 NVMe M.2 (2280) Internal Solid State Drive (SSD) (MZ-V8V1T0)","4.6","15817","7824.00","16199.00","Other","Mid Range","Excellent","Very Popular"
"AmazonBasics Extended Gaming Mouse Pad Desk Mat for Computer Laptop| Stitched Embroidery Edges| Non-Slip Rubber Base | Key...","4.5","302","379.00","1099.00","Laptop","Budget","Excellent","Low"
"KHR® Silicone Protective Case Cover Compatible for Oppo Enco Buds 2 Full Protection Soft Silicone Case Cover with Hook, Black","3.6","130","299.00","599.00","Mobile Phone","Budget","Average","Low"
"IFB 7 Kg 5 Star Front Load Washing Machine 2X Power Steam (NEO DIVA BXS 7010, White & Black, In-built Heater, 4 years Comp...","4.3","1885","31290.00","35490.00","Other","Premium","Good","Moderate"
"Doubledicestore Tempered Glass Screen Protector Compatible for Redmi Note 11/Note 11s with Edge to Edge Coverage and Easy ...","4.1","5774","149.00","999.00","Mobile Phone","Budget","Good","Popular"
"LOHAYA LED LCD TV HD Remote Compatible for TCL Android Smart LED LCD HD 4k Ultra with Netflix Function Model No:- RC802V F...","3.2","294","284.05","899.00","Television","Budget","Average","Low"
"ZEBRONICS Zeb-Reaper 2.4GHz Wireless Gaming Mouse with USB Nano Receiver, 500Hz Polling Rate, 4000 DPI, 7 Buttons with Rap...","4.0","602","1329.00","3999.00","Accessories","Economy","Good","Low"
"RJ11 Telephone Line Wire Patch Cable Compatible for Landline, Telephone (Black) (5 Meters)","4.0","244","65.00","299.00","Other","Budget","Good","Low"
"DOMS Smart Stationery Kit (10 pcs in KIT) with Transparent Zipper Bag, Multicolour (DTL06557)","4.4","893","489.00","500.00","Other","Budget","Good","Low"
"Spigen AlignMaster Tempered Glass Screen Guard Protector for Galaxy S21 FE 5G - 2 Pack","4.1","1242","1199.00","2899.00","Mobile Phone","Economy","Good","Moderate"
"CP PLUS 1MP Full HD IR Bullet Camera | 1/4.5'' 1MP PS CMOS Image Sensor| Max 30fps@720P | 3.6 mm Fixed Lens | IR Range of ...","5.0","3","899.00","2300.00","Camera","Budget","Excellent","Low"
"Shreyans (SRS58B) Thermal Receipt Printer (Bluetooth Printer)","3.9","112","2299.00","3999.00","Printer","Economy","Average","Low"
"Spigen Screen Protector for Galaxy S22 Ultra (Transparent) Edge To Edge Full Screen Coverage , Pack Of 2","3.3","3942","1199.00","2499.00","Mobile Phone","Economy","Average","Moderate"
"Pikkme Samsung Galaxy A21s Back Cover Soft Matte Liquid Silicone TPU | Camera Protection | Shockproof Slim Back Case for S...","4.0","35","199.00","999.00","Mobile Phone","Budget","Good","Low"
"VAGMI 6 IN 1 Plastic Military Pen with Compass, Torch, Tools, Phone Stand And Stylus for Smartphones , Multicolour.","3.6","1361","198.00","869.00","Mobile Phone","Budget","Average","Moderate"
"LF KIA Sonet HTK + | HTX, Car Accessories Navigation or Music System (Stereo) Touch Screen Guard 8inch (Company Fitted) - ...","4.1","1843","299.00","999.00","Other","Budget","Good","Moderate"
"LOHAYA Remote Compatible for Lloyd Split AC Remote Control Model No :- ZH/JT-03 [ Compatible for Lloyd AC Remote Control ]...","3.8","124","379.00","999.00","Other","Budget","Average","Low"
"Photron 13 inches Flexible GorillaPod Octopod Tripod with Mobile Holder Attachment & 360 Degree Ball Head for Smartphones,...","3.8","8781","359.00","750.00","Mobile Phone","Budget","Average","Popular"
"Brain Freezer Silicone Cover/Case for Fire TV 4K/Fire TV /Compatible with All 2nd Gen Alexa Voice Remote Control Black (Re...","4.3","3993","195.00","590.00","Television","Budget","Good","Moderate"
"Brustro Artists Portable Lightweight Metal Display Easel, Free Weatherproof Carry Bag. Holds Canvas Upto 32"".","4.2","1813","799.00","849.00","Monitor","Budget","Good","Moderate"
"Nokia 105 Single SIM (Blue)","4.1","19122","1365.00","1599.00","Other","Economy","Good","Very Popular"
"EGOTUDE Silicone Soft Case Camera Protection Microfiber Lining Back Cover for iPhone 14 (Navy Blue)","4.5","86","269.00","1499.00","Mobile Phone","Budget","Excellent","Low"
"Sounce Earphone Case Cover for Boat Airdopes 131, Soft Silicone Skin Case Cover Shock-Absorbing Protective Case with Keych...","4.6","83","199.00","999.00","Earbuds","Budget","Excellent","Low"
"Tabelito® Casual Laptop Bag 15.6inch (39.6 cm) , 25 LTR Office College School Bags Business Travel Backpack for Men Women ...","4.2","1588","549.00","1799.00","Laptop","Budget","Good","Moderate"
"POPIO Tempered Glass Screen Protector Compatible for iPhone X/iPhone XS/iPhone 11 Pro with Edge to Edge Coverage and Easy ...","4.1","2219","299.00","599.00","Mobile Phone","Budget","Good","Moderate"
"Amkette Hush Pro Spectra 2.4 GHz Silent Switch Wireless Mouse with Ergonomic Design, Rechargeable Battery, High Precision,...","4.2","69","539.00","1099.00","Accessories","Budget","Good","Low"
"Parker Vector CT Fountain Pen, Stainless Steel","4.3","1870","585.00","650.00","Other","Budget","Good","Moderate"
"CEDO iPhone X/XS Case Back Cover Shockproof Bumper Crystal Clear | 360 Degree Protection TPU+PC | Camera Protection | Acry...","4.0","309","229.00","999.00","Mobile Phone","Budget","Good","Low"
"Duracell Specialty Alkaline MN21 Battery 12V, Pack of 2 (A23 / 23A / V23GA / LRV08 / 8LR932) Suitable for use in Remote Co...","4.0","31","249.00","399.00","Other","Budget","Good","Low"
"Generic Imported 100 Pcs Microfiber Sunglasses Eyeglasses Glasses Cleaning Cloth Lens Cleaner","3.3","788","220.00","499.00","Other","Budget","Average","Low"
"Lapster USB 3.0 Male to Female usb extension cable, super speed 5GBps usb 3.0 extension cable Data Transfer for Hard Driv...","4.8","6","189.00","999.00","Other","Budget","Excellent","Low"
"JBL Clip 4, Wireless Ultra Portable Bluetooth Speaker, JBL Pro Sound, Integrated Carabiner, Vibrant Colors with Rugged Fab...","4.4","7310","4499.00","5499.00","Speakers","Economy","Good","Popular"
"Redmi Watch 2 Lite - 3.94 cm Large HD Edge Display, Multi-System Standalone GPS, Continuous SpO2, Stress & Sleep Monitorin...","3.9","574","2499.00","7999.00","Mobile Phone","Economy","Average","Low"
"Dtron New Flexible Silicone Ocean Sport Bands Compatible With Apple Watch Band For Men Women, Replacement Straps For iWatc...","3.4","17","349.00","1299.00","Other","Budget","Average","Low"
"CEDO Redmi Note 11 / Note 11s 4G Back Cover | Matte Soft Silicon Flexible | Camera Bump Protection | All Side Shock Proof ...","4.0","441","149.00","999.00","Mobile Phone","Budget","Good","Low"
"USB C Hub, iSkey Adapter USB C Dongle for MacBook Pro, 6 in 1 USB C to HDMI Multiport Adapter Compatible with USB C Laptop...","4.6","275","1249.00","2999.00","Laptop","Economy","Excellent","Low"
"A rtistque Liquid TPU Silicone Matte Shockproof Flexible with Camera Protection Soft Back Cover Case for Samsung Galaxy M5...","3.7","393","269.00","999.00","Mobile Phone","Budget","Average","Low"
"Pentel Energel - 0.7mm - Roller Gel Pen Set - Pack of 6 Pens - (3 BLUE + 3 BLACK)","4.5","979","190.00","240.00","Other","Budget","Excellent","Low"
"Spigen Ultra Hybrid Back Cover Case for iPhone 13 Pro (TPU + Poly Carbonate | Crystal Clear)","3.9","15604","1599.00","2599.00","Mobile Phone","Economy","Average","Very Popular"
"CodersParadise Laptop Sticker for Programmer, Coder, Developer, IT Professional - Pack of 51 Stickers , Journal, Bike Helm...","4.6","219","299.00","699.00","Laptop","Budget","Excellent","Low"
"CableCreation XLR Cable, 3 FT XLR Male to XLR Female Balanced 3 PIN Microphone Cable,Black 0.9M","4.2","3968","674.00","6448.00","Other","Budget","Good","Moderate"
"Tacson S10 Mini Portable Wireless Bluetooth Speaker with Smart LED Light, for MP3 Music Player,connectivity SD Card, All S...","2.1","25","260.00","999.00","Speakers","Budget","Poor","Low"
"HP Laserjet 136nw WiFi Printer, Print Copy Scan, Compact Design, Reliable and Fast Printing, Network Support","4.1","432","18499.00","18755.00","Printer","Mid Range","Good","Low"
"Kanget USB C to 3.5mm Headphone Jack, Hi-Res DAC Type C to Audio Adapter Cable Compatible with Pixel 2/2XL/3/3XL , OnePlus...","3.5","1052","349.00","499.00","Mobile Phone","Budget","Average","Moderate"
"Tizum Gel Mouse Pad Wrist Rest Gel Foam Mousepad,Cushion Wrist Support & Pain Relief, Suitable for Gaming, Computer, Lapto...","4.4","217","449.00","999.00","Accessories","Budget","Good","Low"
"Ringke Onyx Compatible with Samsung Galaxy S23 Ultra 5G Case Cover Rugged Flexible Durable Anti-Slip TPU Protection Shockp...","4.6","307","1299.00","1899.00","Mobile Phone","Economy","Excellent","Low"
"SPIN CART Toslink Digital Optical Audio Fiber Optic Cable for Home Theater, Sound Bar, TV, PS4, Xbox, Playstation and More...","4.0","289","262.00","699.00","Other","Budget","Good","Low"
"QUANTUM OTG Card Reader and Hub with Type-C, USB & Micro USB Ports | Portable Memory Card Reader Supports USB Drives, TF, ...","3.8","92","379.00","999.00","Other","Budget","Average","Low"
"LOHAYA Remote Control Compatible for Amazon Fire Tv Stick Remote Control [ 2nd Gen ] with Voice (Pairing Manual Will be Ba...","2.9","82","1099.00","1999.00","Television","Economy","Poor","Low"
"EGOTUDE Silicone Soft Case Camera Protection Microfiber Lining Back Cover for iPhone 14 (Sierra Blue)","4.5","86","269.00","1499.00","Mobile Phone","Budget","Excellent","Low"
"Portable LED Ring Selfie Light for All Smartphones, Tablets Enhancing Ring Light with 3 Level of Brightness for Photograph...","3.4","94","163.00","459.00","Mobile Phone","Budget","Average","Low"
"Aroma® NB119 Star Bluetooth Wireless In Ear Neckband with Long Lasting Playtime 50 Hrs, Smart Voice Assistant, Bluetooth V...","3.6","27","499.00","2999.00","Other","Budget","Average","Low"
"FIRST CLICK Art 12 Wells 301 Kidney/Oval Shaped Plastic Palette Size 17cms X 22cms","4.1","625","199.00","399.00","Other","Budget","Good","Low"
"SWAPKART 8 in 1 Soft Brush Multifunction Cleaning Tools Kit for Keyboard, Earphone Laptop Camera & Lens, LED LCD Screen Di...","4.6","130","299.00","799.00","Laptop","Budget","Excellent","Low"
"SOFLIN® Multi-Purpose Wall Mount Holder Stand for Charging Mobile Just Fit in Socket and Hang Pack of 1 (Mutlicolor)","4.0","1092","249.00","590.00","Mobile Phone","Budget","Good","Moderate"
"3-in-1 Bluetooth Selfie Sticks with Remote and Selfie Light Multifunctional Selfie Stick Tripod Stand Compatible with All ...","1.9","6","325.00","799.00","Other","Budget","Poor","Low"
"Pilot Hi-Techpoint 05-1Blue + 1Black + 1Green","4.4","886","135.00","150.00","Other","Budget","Good","Low"
"LS LAPSTER Quality Assured USB 2.0 morpho cable, morpho device cable for Mso 1300 E3/E2/E Biometric Finger Print Scanner m...","4.1","231","199.00","999.00","Printer","Budget","Good","Low"
"Extra Long Selfie Stick Tripod,celfiexpt 63 inch Long Selfie Stick with Reinforced Tripod Stand,Camera Gopro Mobile Phone ...","4.1","29","1259.00","3499.00","Mobile Phone","Economy","Good","Low"
"Matrix 128GB 3D NAND Flash SATA 6GB/s 2.5 Inches Internal Solid State Drive (SSD), Read Up to 550MB/s, Write Up to 500MB/...","3.9","13","780.00","2999.00","Other","Budget","Average","Low"
"Spigen Thin Fit Cover Case for Apple Watch 8/7 (41mm) - Starlight (Watch not Included)","4.0","1339","999.00","1299.00","Other","Budget","Good","Moderate"
"7SEVEN Compatible LG TV Remote Suitable for LG Non Magic Smart tv Remote Control (Mouse & Voice Non-Support) MR20GA Prime ...","3.2","125","790.00","1999.00","Television","Budget","Average","Low"
"VJTI Envelope Folder,Transparent Poly-Plastic A4 Documents File Storage Bag with Snap Button Set of 5/Certificate File Hol...","4.2","574","265.00","549.00","Other","Budget","Good","Low"
"Action Pro 9H Nano Tempered Glass Screen Protector Compatible with KTM Duke 390 2017+, 390 Adventure 2020, Transparent","3.7","394","149.00","399.00","Other","Budget","Average","Low"
"(Renewed) Nokia 105 Plus Single SIM, Keypad Mobile Phone with Wireless FM Radio, Memory Card Slot and MP3 Player | Charcoal","3.6","54","1151.75","1359.00","Mobile Phone","Economy","Average","Low"
"HP 500 Bluetooth Wireless Over Ear Headphones with Bluetooth 5.0,2X Speed, 4X Connectivity, with Mic,Water-Resistant Desig...","3.8","110","1899.00","3997.00","Headphones","Economy","Average","Low"
"TOPRONICS JIO M2S WiFi Hotspot Data Card 150MBPS Dual Band Router Black Colour","5.0","2","2799.00","4499.00","Networking","Economy","Excellent","Low"
"M10 TWS Bluetooth V5.1 in-Ear Wireless Earbuds with Upto 4 Hours Playback Stereo Sports Waterproof Bluetooth Earphones wit...","2.8","7","474.00","999.00","Earbuds","Budget","Poor","Low"
"Yantralay School Of Gadgets 360 Degree Rotatable J-Hook Buckle Base Vertical Surface Mount Adapter Compatible with Gopro H...","4.0","619","229.00","399.00","Accessories","Budget","Good","Low"
"Sounce Car Mobile Holder with One Click Technology, 360° Rotational, Strong Suction Cup, Compatible with 4 to 7 Inch Devic...","3.8","267","299.00","999.00","Mobile Phone","Budget","Average","Low"
"Mobilife Selfie Stick,Selfie Stick with Reinforced Tripod Stand,Selfie Stick Tripod for Mobile Phone 3 in 1 Bluetooth Self...","4.4","757","2046.00","3999.00","Mobile Phone","Economy","Good","Low"
"Redmi 8A Dual (Sea Blue, 2GB RAM, 32GB Storage) – Dual Cameras & 5,000 mAH Battery","4.1","103080","7990.00","8999.00","Mobile Phone","Mid Range","Good","Very Popular"
"Lenovo IdeaPad Slim 3 Intel Core i3 11th Gen 14"" (35.56cm) FHD Thin & Light Laptop (8GB/512GB SSD/Windows 11/Office 2021/2...","4.0","120","37490.00","61390.00","Laptop","Premium","Good","Low"
"Kadence Music Stand, Portable Folding Music Note Sheet, Notation Stand with Carrying Bag NK06","4.2","1528","550.00","637.00","Other","Budget","Good","Moderate"
"TheGiftKart Back Cover Case for OnePlus 8T (Shockproof | Hybrid TPU & PC | Transparent | Black Bumper)","4.2","1825","284.00","999.00","Mobile Phone","Budget","Good","Moderate"
"EGOTUDE Ultra Thin Slim Anti Scratch Back Cover Case Designed for iPhone SE (2020) / iPhone 8 / iPhone 7 (Black)","4.0","2055","256.00","999.00","Mobile Phone","Budget","Good","Moderate"
"Microware VGA to HDMI with Audio Adapter for Connecting Traditional VGA Interface Laptop, PC to HDMI Monitor or Projector,...","3.5","98","549.00","1299.00","Laptop","Budget","Average","Low"
"ZINGTEL Flexible Shatterproof Screen Protector, 9H Hardness NanoFiber, Not a Glass, Not Edge to Edge, Impossible Screen Gu...","4.3","3","149.00","799.00","Other","Budget","Good","Low"
"Kreo Halo 12 Inch Selfie Ring Light with Tripod Stand | Portable, 3 Modes, Youtube Ready | Dimmable and Bright Lighting fo...","4.1","66","1599.00","2999.00","Other","Economy","Good","Low"
"Newlike Silicone Bumper Exclusive - Back Cover Thin Case for Google Pixel 6, Transparent","4.0","151","259.00","999.00","Mobile Phone","Budget","Good","Low"
"ELEPHANTBOAT® Portable Protector Case Cover Storage Carry Travel Hard Case for Logitech MX Master/Master 2S Wireless Bluet...","4.5","526","593.00","701.00","Other","Budget","Excellent","Low"
"TeQuiero Matte Vinyl Sticker Paper Self Adhesive Photo Paper for Inkjet, Waterproof, Instant Dry, Tear Resistant A4 Size S...","4.1","185","364.00","599.00","Other","Budget","Good","Low"
"Canon EOS 200D II 24.1MP Digital SLR Camera + EF-S 18-55mm f4 is STM Lens (Black)","4.5","1622","56990.00","61995.00","Camera","Luxury","Excellent","Moderate"
"Universal Remote Control Compatible for All Samsung TV LED QLED UHD SUHD HDR LCD Frame Curved Solar HDTV 4K 8K 3D Smart TV...","4.2","3998","384.00","999.00","Television","Budget","Good","Moderate"
"Samsung Galaxy A23 5G, Silver (6GB, 128GB Storage) with Offer","3.5","60","22999.00","28990.00","Mobile Phone","Premium","Average","Low"
"theKiteco. Wall Mounted Mobile Holder Storage Case for Remote, Wall Mounted Mobile Stand/Multi Purpose Stand with Hole for...","4.1","172","269.00","499.00","Mobile Phone","Budget","Good","Low"
"IRONFIX® (Pack of 8) Cable Protector Data Cable Saver Charging Cord Protective Cable Cover (8 PC)","4.0","225","79.00","299.00","Other","Budget","Good","Low"
"UPort 1.8 Meter 3 Pin Laptop Power Cable Cord Universal AC Replacement Power Cord for Laptop (Black)","4.0","774","399.00","999.00","Laptop","Budget","Good","Low"
"GadgetBite External Printed Hard Drive Disk Enclosure Portable Carrying Case Cover Pouch Casing for 2.5-Inch Hard Drive (A...","4.2","2301","199.00","599.00","Other","Budget","Good","Moderate"
"Street27® Ear Pads Cushions Compatible with Sennheiser HD 4.50BT, HD 4.50, HD 4.50BTNC, HD 4.50SE, HD 4.40BT, HD 4.30G, HD...","4.5","52","749.00","2999.00","Other","Budget","Excellent","Low"
"Cosmic Byte GS430 Gaming Headphone, 7 Color RGB LED and Microphone for PC, PS5, Xbox, Mobiles, Tablets, Laptops (Red)","4.1","13598","949.00","1499.00","Laptop","Budget","Good","Very Popular"
"ProElite Slim Smart Flip case Cover for Amazon Kindle Paperwhite 11th Generation 6.8 inch 2021, Black (Fits Signature Edit...","4.6","456","449.00","1999.00","Other","Budget","Excellent","Low"
"ABOUTTHEFIT iPad 10.2 9th 8th 7th Generation Keyboard Case - Smart Case with Wireless Keyboard Tablet Detachable Bluetooth...","3.9","643","1799.00","3999.00","Tablet","Economy","Average","Low"
"Lenovo IdeaPad Slim 5 Intel Core i5 11th Gen 15.6"" (39.62cm) FHD IPS Thin & Light Laptop (16GB/512GB SSD/Windows 11/Office...","4.2","83","59990.00","97890.00","Laptop","Luxury","Good","Low"
"AEIDESS Tempered Glass Screen Protector Compatible For Oneplus 7T with Edge to Edge Coverage and Easy Installation Kit","4.0","1613","149.00","999.00","Mobile Phone","Budget","Good","Moderate"
"Prolet Cute 3D Bulldog Fashion Character Silicone Case for Airpods Pro Headphones with Keychain (D-Red)","4.1","601","299.00","999.00","Earbuds","Budget","Good","Low"
"iwon Shock Proof Protection Cartoon Case / Tough Cover Case Compatible with AirPods (2 & 1) /Leather Cover for AirPods Wir...","4.1","800","329.00","999.00","Earbuds","Budget","Good","Low"
"Eightiz Mobile Stand Holder Metal Cell Phone Stand Perfect for Video Table Online Class Flexible Movie Office Desktop Fold...","3.8","791","299.00","1999.00","Mobile Phone","Budget","Average","Low"
"ZEBRONICS DC Joker Edition Sound Bomb 7 TWS Earbuds with 40H* Backup, Rapid Charge, 50ms Gaming Mode, ENC mic, Voice Assis...","3.7","884","999.00","4899.00","Earbuds","Budget","Average","Low"
"Zitel Case with Screen Protector Compatible with Apple Watch SE 2nd gen 2022 / Series 6/5/4 SE, 40mm Hard PC Cover with Bu...","3.8","4321","699.00","1999.00","Other","Budget","Average","Moderate"
"TheGiftKart 360 Degree Protection Shockproof Back Cover for Samsung Galaxy M32 4G / M32 Prime (PC, TPU | Black Bumper, Cry...","4.2","970","279.00","999.00","Mobile Phone","Budget","Good","Low"
"Tizum Mouse Pad - Computer Mouse Mat with Anti-Slip Rubber Base & Smooth Mouse Control with Spill-Resistant Surface for La...","4.4","5709","129.00","399.00","Accessories","Budget","Good","Popular"
"Prolet Soft Silicone Watch Band Strap & Rust Free Button Compatible With (ONLY 20mm Lugs Size) Amazfit GTS 2 Mini, Amazfit...","4.0","2485","265.00","349.00","Other","Budget","Good","Moderate"
"Acer HA270 27 Inch (68.58 cm) Full HD IPS LCD Monitor with LED Back Light technology I Ultra Slim, 6.6mm Thick Frameless D...","4.3","972","14999.00","19999.00","Monitor","Mid Range","Good","Low"
"AJO Smart Watch New Generation Bluetooth Smart Fitness Band Watch with Heart Rate Activity Tracker Waterproof Body, Calori...","3.4","498","599.00","999.00","Smartwatch","Budget","Average","Low"
"Genuinebattery Maxell LR41 AG3 LR736 392 392a 192 SR41 Button Coin Cell Battery - Pack of 10","4.0","4310","183.00","250.00","Other","Budget","Good","Moderate"
"Tecno Phantom X2 5G Moonlight Silver (8GB RAM,256GB Storage) | World's 1st 4nm Dimensity 9000 5G Processor | Dual Curved A...","3.9","249","39999.00","51999.00","Other","Premium","Average","Low"
"Arctic Hunter Laptop Backpack, Premium Business Backpack Office Travel Laptop Bag with 15.6-inch Laptop Pocket Water/Scrat...","4.3","63","5699.00","9999.00","Laptop","Mid Range","Good","Low"
"WeCool Earphone Carrying Case or Multi-Purpose Carry Pouch for Carrying Earphones, Headset, Pen Drives, SD Cards , with An...","4.6","165","149.00","999.00","Headphones","Budget","Excellent","Low"
"Trust edge USB Type C USB to Lightening, Fast Charging & Data Sync USB Type Cable [USB Type C to 8 Pin] Compatible for iPh...","3.7","197","215.00","600.00","Other","Budget","Average","Low"
"Pentel Mechanical Pencil Lead, Ain Stein, 0.5mm, 4B (C275-4B)","4.5","2724","349.00","449.00","Other","Budget","Excellent","Moderate"
"Shuban A4 Size Thick Gummed Seal-Designed Paper Envelopes for Secure Mailing, 50 Pieces, Green,12x10 Inches","4.4","293","599.00","999.00","Other","Budget","Good","Low"
"Photography Mobile Holder Tripod 3110 Camera Mobile Stand for Vlogging, Video Shooting, YouTube etc Compatible with All Mo...","2.2","14","409.00","1499.00","Mobile Phone","Budget","Poor","Low"
"Binatone Concept 700 Corded Landline Phone (Black)","3.8","5193","1098.00","1499.00","Other","Economy","Average","Popular"
"KABEER ART Water and Light Resistant Plastic Storage Tube with ID Card Cap Telescoping for Posters, Artwork and Drawings,2...","4.1","242","474.05","700.00","Other","Budget","Good","Low"
"TheGiftKart Ultra-Hybrid Crystal Clear Back Case Cover for iPhone 14 Pro MAX Back Cover Case | Slim Fit Shockproof Design...","4.5","62","399.00","999.00","Mobile Phone","Budget","Excellent","Low"
"i8 Pro Max Touch Screen Bluetooth Smartwatch with Activity Tracker Compatible with All 3G/4G/5G Android & iOS Smartphones...","2.9","86","919.00","2499.00","Mobile Phone","Budget","Poor","Low"
"Aroma® NB119 Badshah Bluetooth Wireless In Ear Neckband with Long Lasting Playtime 60 Hrs, Smart Voice Assistant, IPX4 Rat...","3.1","72","431.00","2499.00","Other","Budget","Average","Low"
"Amozo Ultra Slim Camera Protection Back Case Cover for iPhone 13 (TPU|Blue)","3.9","1028","284.00","999.00","Mobile Phone","Budget","Average","Moderate"
"Sk Hynix 8GB Memory Module with 204-Pin SODIMM DDR3 PC3L-12800 1600MHz","4.3","830","1125.00","3500.00","Other","Economy","Good","Low"
"Parker Beta Neo Ball Pen + Parker Notebook Gift Set (Black)","4.3","1756","1194.00","1420.00","Laptop","Economy","Good","Moderate"
"Tough Lee Back Camera Lens Protector Tempered Glass for Oneplus 10R 5G (Black) Pack of 1","3.9","49","238.00","999.00","Mobile Phone","Budget","Average","Low"
"Telca Case Cover Compatible with Realme Air 3 ONLY (Silicon Cover)","3.9","136","278.00","999.00","Mobile Phone","Budget","Average","Low"
"JGD PRODUCTS Male to Male VGA Cable 1 Meter, Support PC/Monitor/LCD/LED, Plasma, Projector, TFT","3.5","3874","149.00","179.00","Monitor","Budget","Average","Moderate"
"Samsung T7 Shield 1TB USB 3.2 Gen 2 (10Gbps), IP65 Rated, Speeds Upto 1050 MB/s, External Solid State Drive (Portable SSD)...","4.5","160","9999.00","18699.00","Other","Mid Range","Excellent","Low"
"TheGiftKart Back Cover For OnePlus 8T ( Poly Carbonate|Black )","4.3","1034","329.00","999.00","Mobile Phone","Budget","Good","Moderate"
"GIOIA BAZAAR Case for MacBook, Plastic Hard Shell Case Cover Compatible with MacBook Air 13 inch (2020 2019 2018 Release) ...","4.1","376","799.00","1999.00","Laptop","Budget","Good","Low"
"EKRON Push Pull Metal Sign Stickers Self Adhesive Stainless Steel Push & Pull Signage Board for Glass Wooden Doors/Office ...","4.5","520","249.00","899.00","Other","Budget","Excellent","Low"
"Apsara Platinum Extra Dark Pencils - Pack of 10","4.4","2424","51.00","60.00","Other","Budget","Good","Moderate"
"Sky Ezee Dots Self Adhesive Hook & Loop Dots Tape - 13 mm Diameter White Color (50 Pairs)","3.8","1358","195.00","250.00","Other","Budget","Average","Moderate"
"SP Silicon Power P34A60 256GB NVMe PCIe M.2 SSD, 3D NAND with SLC Cache, Up to 2200MB/s, M.2 2280 Internal Solid State Dri...","4.3","7865","1699.00","10900.00","Other","Economy","Good","Popular"
"Amazon Brand - Solimo Basic Case for Samsung S10e (Silicone_Transparent)","4.1","124","139.00","499.00","Other","Budget","Good","Low"
"DOODLE Set of 12 Blank Notecards with Envelopes (3 Inches x 4.25 Inches) Greeting Cards, Thank You Card (Floral Fuse)","4.4","740","269.80","445.00","Other","Budget","Good","Low"
"Faber-Castell 379012 Student Acrylic Colour Set - Pack of 12 (12 x 9 ml)","4.4","378","231.00","310.00","Other","Budget","Good","Low"
"Doubledicestore Tempered Glass Screen Protector Compatible for samsung galaxy m13 4G with Edge to Edge Coverage and Easy I...","3.9","4413","149.00","999.00","Mobile Phone","Budget","Average","Moderate"
"Solimo Mobile Cover (Soft & Flexible Back case) Transparent for Samsung Galaxy S10 Plus (Silicone","4.1","175","139.00","499.00","Mobile Phone","Budget","Good","Low"
"ZORBES® Fashion Hard Protective Cover for Samsung Galaxy Buds Pro(2021),Galaxy Buds 2,Galaxy Buds Live (2020),Shockproof f...","4.0","146","563.00","806.00","Mobile Phone","Budget","Good","Low"
"Faber-Castell Synthetic Hair Flat Assorted Paint Brush, Set of 4","4.3","19815","139.00","140.00","Other","Budget","Good","Very Popular"
"Lakeer Self Adhesive Sticky A4 Size Glitter Sparkles Foam Sheet with Sticky Back Pack of 10 Sheets (10 Colours x 1 Pcs Each)","4.3","1307","251.00","499.00","Other","Budget","Good","Moderate"
"ProLook 22mm Strap for Noise ColorFit Ultra, ColorFit Pro 3, NoiseFit Endure, ColorFit NAV, NoiseFit Evolve | Soft Silicon...","4.0","1529","299.00","1999.00","Other","Budget","Good","Moderate"
"UNIGEAR Hard Travel Tech Organizer Case Bag for Electronics Accessories Charger Cord Portable External Hard Drive USB Cabl...","4.1","596","369.00","799.00","Accessories","Budget","Good","Low"
"GreatDio (Alpine) A4 Folder Case Presentation Line Transparent Report File -10 Pieces","3.7","1188","299.00","558.00","Other","Budget","Average","Moderate"
"Zitel Metal Stainless Steel Bands Compatible with Apple Watch Bands 49mm 45mm 44mm 42mm, for iWatch Series 8 7 6 5 4 3 2 1...","4.0","16","1499.00","2999.00","Other","Economy","Good","Low"
"(Renewed) HP Wireless Mouse X200 (6VY95AA)","3.7","126","489.00","899.00","Accessories","Budget","Average","Low"
"EDYELL 100 Hours Bluetooth Neckband Earphone, High-Capacity Wireless Neckband Earphones with Mic, ENC, IPX5, BT v5.2, Dual...","4.0","135","2499.00","5999.00","Other","Economy","Good","Low"
"FATEH Laptop Notebook Computer Screw Set Kit 500 Pieces for IBM HP Dell Samsung Sony Toshiba Gateway Acer Lenovo","4.3","125","499.00","1500.00","Laptop","Budget","Good","Low"
"HyperX Cloud Stinger 2 Greatness Refined, Lightweight Wired Over Ear Headset with mic, Swivel-to-Mute Function, 50mm Drive...","4.2","17986","3990.00","6097.00","Headphones","Economy","Good","Very Popular"
"NoWorries - Creative thoughts Motivational Quotes Scratch-Free Vinyl Laptop Skin/Sticker for 15.6inch/14inch Laptops [Size...","3.9","236","239.00","659.00","Laptop","Budget","Average","Low"
"boAt Bassheads 225 in Ear Wired Earphones with Mic(Red)","4.1","276491","699.00","999.00","Other","Budget","Good","Very Popular"
"Sellingal Hard Disk Drive Pouch case for 2.5"" HDD Cover WD Seagate Slim Sony Dell Toshiba (Black)","4.3","4199","195.00","499.00","Other","Budget","Good","Moderate"
"Ant Esports USB GM600 RGB Wired Programmable Gaming Mouse 6 DPI Sensitivity Level Adjustments up to 7200 DPI Equipped with...","4.3","398","599.00","1999.00","Accessories","Budget","Good","Low"
"Zebronics Zeb-Sound Bomb 3 TWS In Ear Earbuds with Bluetooth v5.2, up to 12H Backup, Flash Connect, Splash Proof, Voice As...","3.1","930","749.00","3499.00","Earbuds","Budget","Average","Low"
"Dell MS116 USB Optical Mouse (Black)","4.4","13363","389.00","650.00","Accessories","Budget","Good","Very Popular"
"EGOTUDE Ultra Hybrid Matte Frosted Translucent Back Cover Case for iPhone 14 (Frost Black)","4.1","39","289.00","1699.00","Mobile Phone","Budget","Good","Low"
"Spigen USB 4 Cable for Thunderbolt 4 Cable, 100W Charging 40Gbps Data Transfer 8K Video Type C for Thunderbolt 4 3 Macbook...","4.1","1632","899.00","1699.00","Laptop","Budget","Good","Moderate"
"HUMBLE® 360-Degree Cell Phone Holder with Adjustable Clamp Phone Tripod Mount Adapter Compatible with Smartphones & All Ty...","4.3","4164","224.00","699.00","Mobile Phone","Budget","Good","Moderate"
"HAMMER KO 2.0 Wireless Bluetooth in Ear True Wireless Earbuds with Mic (Black)","3.8","282","2499.00","9999.00","Earbuds","Economy","Average","Low"
"Robustrion Smart Trifold Hard Back Flip Stand Case Cover for Apple iPad 10.2 inch 9th Gen 2021 Cover 8th Gen 2020 7th Gen ...","4.3","5883","549.00","2499.00","Tablet","Budget","Good","Popular"
"Viltrox EF-EOS M Electronic AF Auto Focus Lens Mount Adapter for Canon EF/EF-S Lens to Canon EOS-M (EF-M Mount) Mirrorless...","4.5","794","3248.00","4990.00","Camera","Economy","Excellent","Low"
"Honor MagicBook 14, AMD Ryzen 5 5500U 14-inch (35.56 cm) FHD IPS Anti-Glare Thin and Light Laptop (16GB/512GB PCIe SSD/Win...","4.4","235","44990.00","75999.00","Laptop","Premium","Good","Low"
"AmazonBasics High-Speed Braided HDMI Cable - 10 Feet - Supports Ethernet, 3D, 4K and Audio Return (Black)","4.4","36689","439.00","1000.00","Other","Budget","Good","Very Popular"
"DIGITEK® (DFL-088) Universal Electronic Flash Speedlite for DSLR Cameras Canon Nikon Pentax Olympus with Standard Hot Shoe...","3.5","1219","2599.00","4995.00","Camera","Economy","Average","Moderate"
"UT Bluetooth FM USB AUX Card MP3 Stereo Audio Player Decoder Module Kit with Remote for Audio Amplifier DIY Free IC LM7805","3.4","817","175.00","499.00","Other","Budget","Average","Low"
"OpenTech® Tempered Glass Screen Protector Compatible with iQOO Z6 Pro 5G with Edge to Edge Coverage and Easy Installation kit","4.3","2112","299.00","999.00","Other","Budget","Good","Moderate"
"Carvaan Saregama Musicbar Karaoke CBWK121, 120W 2.1 Channel Soundbar, Karaoke Function to Sing Any Song, 2 mics, 1000 pre-...","4.0","85","10990.00","19990.00","Speakers","Mid Range","Good","Low"
"Synqe Type C to Type C Short Fast Charging 60W Cable Compatible with Samsung Galaxy Z Fold3 5G, Z Flip3 5G, S22 5G, S22 Ul...","4.3","952","349.00","399.00","Mobile Phone","Budget","Good","Low"
"iCasso MacBook Pro 13 inch Case 2022 2021 2016-2020 Release A2338 M2/M1/A2159/A1989/A1706/A1708, Plastic Hard Shell Case w...","4.5","3231","1099.00","1999.00","Laptop","Economy","Excellent","Moderate"
"Marshall Emberton 20 Watt Wireless Bluetooth Portable Speaker (Black and Brass)","4.6","8631","14251.00","17499.00","Speakers","Mid Range","Excellent","Popular"
"Spigen Optik Armor Back Cover Case for Samsung Galaxy S23 Ultra (Poly Carbonate + TPU | Black)","4.5","194","2499.00","3399.00","Mobile Phone","Economy","Excellent","Low"
"FLiX (Beetel) USB Type C to Lightning PVC Data Sync & 18W PD Fast Charging Cable, Made in India, 480Mbps Data Sync, Solid ...","3.8","532","229.00","599.00","Other","Budget","Average","Low"
"HP 15s-Ryzen 3 3250U 8GB SDRAM/256GB SSD 15.6""(39.6cm)HD Laptop/AMD Radeon Graphics/Win11 Home/MSO 2021/Fast Charge/Jet Bl...","3.4","131","31729.00","43362.00","Laptop","Premium","Average","Low"
"CEDO Samsung F62 Back Cover | Matte Soft Silicon Flexible | Camera Bump Protection | All Side Shock Proof Rubberised Back ...","4.3","459","149.00","999.00","Camera","Budget","Good","Low"
"Robustrion Smart Trifold Hard Back Flip Stand Case Cover for Samsung Tab S6 Lite Cover 10.4 inch SM-P610/P615 - Black","4.2","3784","549.00","1999.00","Other","Budget","Good","Moderate"
"D2Q branded Original for VIVO Handsfree, Smart Phones, Headphones, Wired In Ear Earphones","2.7","6","99.00","999.00","Mobile Phone","Budget","Poor","Low"
"CEDO Nothing Phone (1) Back Cover | Matte Soft Silicon Flexible | Camera Bump Protection | All Side Shock Proof Rubberised...","3.9","91","178.00","999.00","Camera","Budget","Average","Low"
"Noise Buds VS103 - in-Ear Truly Wireless Earbuds with 18-Hour Playtime, HyperSync Technology, with Mic, Full Touch Control...","3.5","28766","1499.00","2999.00","Earbuds","Economy","Average","Very Popular"
"Doms 0.6 Gl Ball Point Pen - Blue Ink (Pack of 80)","4.2","299","290.00","320.00","Other","Budget","Good","Low"
"TheGiftKart Ultra-Hybrid Crystal Clear Back Cover Case for iPhone 14 | Slim Fit Shockproof Design | Camera Protection Bump...","4.5","51","349.00","999.00","Mobile Phone","Budget","Excellent","Low"
"LOXXO® Compatible with iPhone 14 Pro Max Case, Liquid Silicone Case, Full Body Protective Cover, Shockproof, Slim Phone Ca...","4.3","17","449.00","999.00","Mobile Phone","Budget","Good","Low"
"CEDO Basic Case for Samsung M53 (5G) with Rotating Ring Holder & Kickstand in-Built (Plastic|Black)","4.4","106","299.00","999.00","Other","Budget","Good","Low"
"LG Ultragear Gaming 24 Inch (60.3 Cm) Full HD (1920 x 1080) Pixels LCD Monitor 165Hz, 1ms, Freesync Premium, HDMI x 2, Dis...","4.2","103","10499.00","18000.00","Mobile Phone","Mid Range","Good","Low"
"CEDO Tempered Glass for iPad Air/Air 2 / iPad Pro 9.7 (2016) | Screen Protector Tempered Glass for iPad Air/Air 2 / iPad P...","4.2","2347","349.00","999.00","Tablet","Budget","Good","Moderate"
"Sounce Anti Fall Dust Protection Case Cover for Oppo Enco Buds Headphones Case Silicone Headset case with Keychain (Case C...","4.3","267","99.00","999.00","Mobile Phone","Budget","Good","Low"
"TheGiftKart Transparent Crystal Clear Back Cover Case for Samsung Galaxy M31s | Shockproof Soft TPU Case | Cushioned Edges...","4.3","1689","195.00","999.00","Mobile Phone","Budget","Good","Moderate"
"YellowInc Case Cover Compatible with OnePlus Nord Buds (Earbuds Not Included) (Red)","3.9","1678","329.00","499.00","Mobile Phone","Budget","Average","Moderate"
"HDMI Display Dongle 1080P Wireless Mini Receiver Chrome Casters Adapter Support Airplay Miracast, Sharing, Screen mirrorin...","2.3","81","939.00","1999.00","Monitor","Budget","Poor","Low"
"Pilot Hi-Techpoint 05 Super Value Pen - Pack of 3, Blue","4.3","4662","135.00","150.00","Other","Budget","Good","Moderate"
"VEMIGON Stainless Steel Magnetic Strap Compatible with Apple Watch Series 8 7 6 5 4 3 2 1 SE, Women and Men [Watch Not Inc...","3.4","83","628.00","1069.00","Other","Budget","Average","Low"
"LXCN® New Car Phone Holder Mount, Rearview Mirror Phone Holder for Car, 360°Rotatable and Retractable Car Phone Holder, Mu...","3.4","17","375.00","999.00","Other","Budget","Average","Low"
"SAVIAURA 1 Sheet 2 in 1 Photography Backdrop 3D Flat Lay Tabletop Double-Sided 22x16 Photo Background PVC Wrinkle-Free for...","4.0","226","236.00","750.00","Tablet","Budget","Good","Low"
"SanDisk 128GB High Endurance Video MicroSDXC Card with Adapter for Dash Cam and Home Monitoring Surveillance Systems - C1...","4.6","39541","1279.00","3200.00","Monitor","Economy","Excellent","Very Popular"
"Newly Smart Watch Charger Magnetic, Charging Cable for Boat Xtend, Noise ColorFit Pulse, Colorfit Ultra/Ultra 2, Color Fit...","3.7","13","199.00","999.00","Smartwatch","Budget","Average","Low"
"Apple Watch SE (GPS + Cellular, 40mm) - Space Grey Aluminium Case with Midnight Sport Band - Regular","4.6","5385","30900.00","33900.00","Other","Premium","Excellent","Popular"
"MODERN IN Tabletop Cell Phone Holder, Lazy Bracket Mobile Phone Stand - Clip-on Stand Holder - Grip Flexible Long Arm Goos...","3.8","36","299.00","1299.00","Mobile Phone","Budget","Average","Low"
"TheGiftKart Crystal Clear Back Cover Case for OnePlus 7T | 360 Degree Protection | Shock Proof Design | Transparent Back C...","4.5","316","284.00","999.00","Mobile Phone","Budget","Excellent","Low"
"Faber-Castell Whiteboard Broad Marker - Pack of 10 (Black)","4.3","4918","264.00","280.00","Other","Budget","Good","Moderate"
"Luxor Gel One Ball Pen Blue (20's Box)","4.1","1243","141.00","240.00","Other","Budget","Good","Moderate"
"Fybros Comex 2 Pin Extension Cord, Extension Box, Power Strip with International Sockets Extension Board,Thermal Protectio...","4.3","397","489.00","599.00","Other","Budget","Good","Low"
"Amazon Brand - Solimo TPU Back Cover for OnePlus 7 Pro (Clear)","4.1","412","139.00","499.00","Mobile Phone","Budget","Good","Low"
"EVM 2.5"" 256GB SATA SSD Next-gen 3D TLC NAND Internal SSD, Flash Fast Performance Ultra Low Power Consumption (EVM25, Black)","4.1","200","1350.00","3999.00","Other","Economy","Good","Low"
"Mobistyle Oneplus nord 2T Cover Hybrid PC+TPU Soft Grip, Enhanced Camera Guard Back Cover Compatible for Oneplus nord 2T (...","3.8","107","299.00","999.00","Mobile Phone","Budget","Average","Low"
"Faber-Castell Castell 9000 Pencil Set - Pack of 12","4.6","9663","600.00","800.00","Other","Budget","Excellent","Popular"
"OneAssist 2 Years Furniture Extended Warranty Plan 3000 to 5000 - Digital Delivery in 2 Hours","4.3","23","149.00","298.00","Other","Budget","Good","Low"
"ESR Pencil Case Compatible with iPad Pro 12.9 Inch (2022/2021, 6th/5th Gen), Built-in Pencil Holder, Pencil 2 Support, Fle...","4.5","2132","1994.00","2999.00","Tablet","Economy","Excellent","Moderate"
"Consistent S6 SSD 512GB (CTSSD512S6)","4.2","183","2200.00","8999.00","Other","Economy","Good","Low"
"Aroma® Studio 1 Handy 10W Bluetooth Speaker Hi-fi Stereo Sound Surround Upto 10 Hours Playback, Best for Mobile, Laptop/P...","3.9","14","449.00","1999.00","Laptop","Budget","Average","Low"
"iQOO Neo 6 5G (Cyber Rage, 12GB RAM,256GB Storage) | Only Snapdragon 870 in The Segment | 50% Charge in Just 12 Mins | 90 ...","4.4","22194","32999.00","39999.00","Other","Premium","Good","Very Popular"
"Wings Phantom 860 Wireless Earphones with 50 Hours of Battery Backup with Low Latency 40 ms, Gaming Designed case, LED Lig...","4.0","23","1499.00","2999.00","Other","Economy","Good","Low"
"(Renewed) Fire-Boltt Ninja Call Pro Plus 1.83"" Smart Watch with Bluetooth Calling, AI Voice Assistance, 100 Sports Modes I...","3.8","228","1529.00","1799.00","Smartwatch","Economy","Average","Low"
"Mivi Collar Flash Pro Bluetooth Earphones with mic, 72 Hours Playback Time, Dual Battery, Made in India. Neckband with Pow...","3.6","1462","1399.00","2999.00","Other","Economy","Average","Moderate"
"WildHorn Leather 14 inch Laptop Messenger Bag for Men I Padded Laptop Compartment with Adjustable Strap I Extra Zip Compar...","3.9","175","2309.00","4999.00","Laptop","Economy","Average","Low"
"ZOUK Handmade PeTA Approved Vegan Leather 15.6 Inch Laptop Office Bag with Double Handles, Multicolor Geometric Print Shou...","4.3","85","1699.00","4863.00","Laptop","Economy","Good","Low"
"Western Digital 1TB Elements Portable SSD, 400MB/s R, Upto 2 Meter Drop Protection, PC & MAC Compatible, 3 Y Warranty (WDB...","4.4","133","6998.00","20500.00","Other","Mid Range","Good","Low"
"Zebronics Zeb- NC1200 USB Powered Laptop Cooling Pad with 125mm Fan, Pass Through USB Connector and Blue LED Lights","3.9","1394","449.00","649.00","Laptop","Budget","Average","Moderate"
"POPIO Tempered Glass Screen Protector for Fossil Gen 6 42mm / 44mm (Men/Women), Michael Kors Gen 6 Bradshaw (Pack of 2)","4.0","398","251.00","599.00","Other","Budget","Good","Low"
"ProElite Deer Flip case Cover for Samsung Galaxy Tab A 10.1"" T510/T515 (Wine Red)","4.4","3330","529.00","1999.00","Mobile Phone","Budget","Good","Moderate"
"Sounce Cleaning Soft Brush Keyboard Cleaner 5-in-1 Multi-Function Computer Cleaning Tools Kit Corner Gap Duster Keycap Pul...","4.5","23","149.00","999.00","Accessories","Budget","Excellent","Low"
"Alifiya Polyester Tablet Sleeve/Laptop Sleeve Bag/Case Cover Upto 11.6 inch for iPad/Samsung Galaxy/Lenovo (Black_L20)","4.3","1201","299.00","409.00","Laptop","Budget","Good","Moderate"
"POCO M4 Pro 5G (Cool Blue, 4GB RAM 64GB Storage) Dual Sim 5G 50MP Dual Camera Setup 6.6 Inch FHD+ 90 Hz Display 5000 mAh H...","4.0","139","14999.00","16999.00","Mobile Phone","Mid Range","Good","Low"
"ACESHLEY Band 2022 Silicone Realme Band Strap with Black Metal Buckle Compatible for Realme Smart Band RMA 183 Black (Trac...","3.3","348","249.00","999.00","Mobile Phone","Budget","Average","Low"
"Titu Ki Baatein 50 PCS Cute Vintage Stickers - Vinyl Kids Stickers for Water Bottle Laptop Skateboard Phone - Wateproof Re...","2.2","5","199.00","599.00","Laptop","Budget","Poor","Low"
"7SEVEN® Infrared Remote Control for Realme Smart 4K Android LED OLED QLED TV replacement for original realme remote with N...","3.5","69","349.00","999.00","Mobile Phone","Budget","Average","Low"
"MotoTrance ESSENTIALS Blue Scooty Cover - Honda Activa 5G | With Storage Bag | Water Resistant | Dust and Heat Protection...","3.9","4322","341.00","620.00","Other","Budget","Average","Moderate"
"Portronics Auto 18 Car Bluetooth Transmitter/Receiver with Display, Handsfree Calling, Aux in/Out, HD Sound Quality, for C...","3.4","281","999.00","1999.00","Monitor","Budget","Average","Low"
"CHIPTRONEX Titan X Mid Tower ATX Gaming Cabinet USB 3.0 with Bottom PSU Mount Gaming case, Computer case, Cabinet for pc, ...","4.0","2766","2399.00","3299.00","Other","Economy","Good","Moderate"
"Panasonic KX-TG3411SX 2.4 GHz Digital Cordless Phone (Black)","4.0","1667","2619.00","3000.00","Other","Economy","Good","Moderate"
"(Renewed) JBL C100SI Wired In Ear Headphone with Mic (Black)","3.8","2339","419.00","599.00","Headphones","Budget","Average","Moderate"
"Action Pro Helmet 3M Chin Mount Strap Compatible with All Smartphones GoPro Hero 11 10 9 8 7 6 5 4 SJCAM DJI Osmo and All ...","3.8","4690","249.00","499.00","Mobile Phone","Budget","Average","Moderate"
"EVM 8GB DDR3 1600MHz So-DIMM Laptop Memory Ram (EVMT8G1600S86P)","4.2","54","1019.00","9999.00","Laptop","Economy","Good","Low"
"YAMAHA YRS-24B Recorder, White","4.4","1818","460.00","480.00","Other","Budget","Good","Moderate"
"Dolgix 8GB DDR3 Desktop RAM 1333MHz |CL-9 | (Memory) U-DIMM | Long-DIMM | PC3-10600 (2Rx8 Dual Rank) 3 Years Warranty (Mad...","3.8","89","1119.00","3900.00","Other","Economy","Average","Low"
"KHOOBREZ Cable Management Box | Mobile, Tablet & Charging Stand | Wire Organizer Box | Desk Organizer Wire Bin (White)","4.1","134","472.00","1099.00","Mobile Phone","Budget","Good","Low"
"iXport™ Headset Replacement Ear Cushion Pads for Audio Technica Posh Ath-M50/M50S, Soundcore Life Q10, JBL 650BTNC","3.8","466","355.00","999.00","Headphones","Budget","Average","Low"
"KAVANA (3 pcs) Type G, Universal Flat Pin 3Pin Travel Power Plug Converter Adapter Compatible in UK Countries, England, Sc...","4.3","73","299.00","599.00","Accessories","Budget","Good","Low"
"Motorola T201I Digital Cordless Landline Phone (Black)","3.3","1474","2045.00","2999.00","Other","Economy","Average","Moderate"
"SupCares Edge to Edge Privacy Tempered Glass for iPhone 14 Pro (6.1 Inch) with Easy Self Installation Kit | Black","4.0","55","399.00","799.00","Mobile Phone","Budget","Good","Low"
"Amazon Brand - Solimo Back Cover Case for Mi A3 | Compatible for Mi A3 Back Cover Case | 360 Degree Protection | Soft and ...","4.2","193","139.00","299.00","Other","Budget","Good","Low"
"POPIO Tempered Glass Screen Protector Compatible For OnePlus 7T with Edge to Edge Coverage and Easy Installation Kit, Pack...","3.9","2768","299.00","599.00","Mobile Phone","Budget","Average","Moderate"
"Amazon Basics Permanent Fine Point Marker Set - Black - Pack of 12","4.1","34471","229.00","445.00","Other","Budget","Good","Very Popular"
"Amkette EvoFox Falcon X85 Extended Mouse Pad/Desk Pad for Laptop, PC Gaming and Desk with Extra Large Speed Surface, Non-S...","4.6","920","589.00","1199.00","Laptop","Budget","Excellent","Low"
"TheGiftKart Transparent Crystal Clear Back Cover Case for OnePlus 8T | Shockproof Soft TPU Case | Cushioned Edges for Ulti...","4.2","566","269.00","999.00","Mobile Phone","Budget","Good","Low"
"FLiX (Beetel Flow 03C USB Type A to Type C Braided Charge and data Sync Cable, upto 15W(3A) super fast charging, upto 480M...","4.0","10079","79.98","349.00","Other","Budget","Good","Very Popular"
"Junkyard Quotations Vinyl Stickers for laptops Scrapbook and Decorating Other Gadgets (Pack of 50)","4.2","31","284.00","399.00","Laptop","Budget","Good","Low"
"LOHAYA AC Remote Compatible with O General Split/Window AC Remote Control [Double Set-Swing] [ Compatible for O General AC...","3.9","209","474.05","1199.00","Other","Budget","Average","Low"
"Blaupunkt Newly Launched SBA15 Gaming 15W Bluetooth Soundbar with 2000 mAh Battery I Gaming RGB Lights I TurboVolt Chargin...","3.9","11455","1345.00","3299.00","Speakers","Economy","Average","Very Popular"
"Gizga Essentials Magic Slate Digital LCD Writing Tablet with Stylus Pen & 12-Inch Screen, Slate Board for E-Notes, Digital...","3.5","88","449.00","1599.00","Tablet","Budget","Average","Low"
"TheGiftKart Flip Back Cover Case for Samsung Galaxy M53 5G | Genuine Leather Finish | Designer Button | Inbuilt Pockets & ...","4.3","270","299.00","999.00","Mobile Phone","Budget","Good","Low"
"GIONEE STYLFIT GSW6 Smartwatch with Bluetooth Calling and Music, Built-in Mic & Speaker, 1.7” Display, Multiple Watch Face...","3.9","5025","1599.00","6999.00","Speakers","Economy","Average","Popular"
"Blaupunkt BT02 Portable Wireless Bluetooth Speaker with 5W HD Sound, Deep Bass, TWS Function, AUX Input, Speaker with Mobi...","4.1","482","949.00","1999.00","Earbuds","Budget","Good","Low"
"LUNAGARIYA®, Protective Case for Airtel Xstream settop Box Remote Remote Control Pouch Cover Holder PU Leather Cover Holde...","3.8","561","199.00","499.00","Other","Budget","Average","Low"
"HP v150w 64 GB USB 2.0 Flash Drive (Blue)","4.1","5783","469.00","1400.00","Other","Budget","Good","Popular"
"truke Yoga Mystic Wireless in Ear Earphones with mic, 50H of Playtime, Digital Display, ENC, Silicon Design, USB-C Fast Ch...","3.6","333","799.00","2999.00","Monitor","Budget","Average","Low"
"Consistent - 4GB DDR3 RAM 1600MHz Desktop Memory | | Long-DIMM (UDIMM) | DT PC3-1600| PC3-12800 | for Standard & Gaming De...","3.7","125","616.00","2000.00","Other","Budget","Average","Low"
"TheGiftKart Shockproof Crystal Clear Back Cover Case for Redmi 10A / 10A Sport | 360 Degree Protection | Protective Design...","4.1","266","251.00","999.00","Mobile Phone","Budget","Good","Low"
"Wecool N1 High Bass ENC Neckband in Ear Earphones, Sports Fit Bluetooth Earphones with 12 Hours Battery, Fast Charging, IP...","3.9","1919","599.00","2999.00","Other","Budget","Average","Moderate"
"Panasonic Corded Telephone, White","4.2","5303","1499.00","2000.00","Other","Economy","Good","Popular"
"Tough Lee Tempered Glass Screen Guard for Mi Redmi Note 10 Pro/Note 10 Pro Max/Xiaomi 11T Pro with Camera Cut (Transparen...","3.8","622","142.00","999.00","Mobile Phone","Budget","Average","Low"
"SanDisk Ultra Dual Drive Go USB 3.0 Type C Flash Drive, Peach, 64GB, 5Y","4.2","339","689.00","1600.00","Other","Budget","Good","Low"
"Oaky Keyboard Protector Compatible with MacBook Air M1 13 inch 2020 Release Model A2179, A2337 Soft Silicone Waterproof Du...","4.1","788","349.00","1299.00","Laptop","Budget","Good","Low"
"TheGiftKart Crystal Clear Back Cover Case for Realme Narzo 50 Pro 5G | 360 Degree Protection | Shock Proof Design | Transp...","4.1","101","225.00","999.00","Mobile Phone","Budget","Good","Low"
"Trinetra 20W USB-C Adapter Charger 3D Cute Cartoon Designs Lightning Cable Protector Cable Protector (MICKY GIRL)(carger &...","4.2","72","310.00","325.00","Accessories","Budget","Good","Low"
"Spigen Ultra Hybrid Back Cover Case Compatible with iPhone 14 (TPU + Poly Carbonate | Matte Black)","4.4","237","1599.00","2599.00","Mobile Phone","Economy","Good","Low"
"JUAREZ Viénto JRH24SL 24 Holes 48 Tones Professional Tremolo Polyphonic Harmonica Key of C Scale | Mouth Organ | Cover - S...","4.2","3884","1100.00","1990.00","Other","Economy","Good","Moderate"
"Electvision Remote Control Compatible with Xiaomi Mi Smart Led Tv and Tv Stick with Netflix & Prime Video Hot Keys (Pairin...","3.3","83","549.00","999.00","Television","Budget","Average","Low"
"Storite PU Leather 14 inch Laptop Messenger Organizer Bag/Shoulder Sling Office Business Professional Travel Messenger Bag...","4.0","1564","999.00","3999.00","Laptop","Budget","Good","Moderate"
"Tabelito® Casual 15.6 Inch Laptop Bag (39.6cm), 25 LTR Water Repellent Backpack Laptop Apple/ Dell/ Lenovo/ Asus/ Hp/ Sams...","4.2","1588","549.00","1799.00","Laptop","Budget","Good","Moderate"
"ESR Camera Lens Protectors, Compatible with Samsung Galaxy S23 Ultra (2023), Individual Lens Protectors, Scratch-Resistant...","4.5","810","1139.00","1899.00","Mobile Phone","Economy","Excellent","Low"
"realme Buds Q2s Bluetooth Truly Wireless in Ear Earbuds with Mic (White)","3.9","2315","1999.00","3499.00","Mobile Phone","Economy","Average","Moderate"
"(Renewed) Jbl C115Tws Bluetooth Truly Wireless In Ear Earbuds With Mic Black","3.5","271","2309.00","2999.00","Earbuds","Economy","Average","Low"
"Zitel Case with Screen Protector Compatible for Apple Watch SE 2nd gen 2022 / Series 6/5/4 SE, 44mm Hard PC Cover with Bui...","3.8","4321","699.00","1999.00","Other","Budget","Average","Moderate"
"Tukzer RGB Gaming Mouse Pad with 4 USB HUB, Large Extended Soft Mouse Pad, LED Glowing Backlight 13 Lighting Modes| for Co...","4.4","1038","1599.00","3299.00","Accessories","Economy","Good","Moderate"
"Amazon Brand - Solimo Transparent Black Case (Hard Back & Soft Bumper Cover) with for Apple iPhone 6S","3.9","73","149.00","499.00","Mobile Phone","Budget","Average","Low"
"Doubledicestore Tempered Glass Screen Protector Compatible for Samsung Galaxy S20 FE 5G/4G with Edge to Edge Coverage and ...","3.9","4413","149.00","599.00","Mobile Phone","Budget","Average","Moderate"
"realme Buds Air 3S True Wireless in Ear Earbuds, 11mm Triple Titanium Driver, Quad Mic AI ENC for Calls, Dual Device Pairi...","4.0","5567","2499.00","4999.00","Mobile Phone","Economy","Good","Popular"
"Boat Micro USB 550 Stress Resistant, Tangle-Free, Sturdy Cable with 3A Fast Charging & 480Mbps Data Transmission, 10000+ B...","4.1","1901","269.00","999.00","Other","Budget","Good","Moderate"
"Philips Audio SHE1525BK/94 Upbeat Wired in Ear Earphone with Mic (Black)","3.6","5520","399.00","899.00","Other","Budget","Average","Popular"
"Time Office Replacement Cable For Mantra Mfs100 Fingerprint Scanner (Usb, Black)","3.8","867","230.00","299.00","Printer","Budget","Average","Low"
"(Renewed) Lenovo ThinkPad T450 Intel Core i5-5300U 14 inches Business Laptop Computer, 8GB RAM, 256GB SSD, Windows 10, 1.1...","3.5","386","15100.00","49999.00","Laptop","Mid Range","Average","Low"
"Fujifilm Instax Square Wall Pocket 3 (Black)","2.8","13","149.00","899.00","Other","Budget","Poor","Low"
"Riatech 3.5mm Audio Jack To Headphone Microphone Splitter Converter Adaptor (Specially Design For Mobile And Tablet Only)","3.6","3151","229.00","999.00","Mobile Phone","Budget","Average","Moderate"
"Hp Pavilion Gaming 15-Amd Ryzen 5 15.6 Inches Micro-Edge, Ips, Anti-Glare, Fhd Display (8Gb Ram/512 Gb Ssd/144 Hz/ Rtx 305...","4.1","39","62990.00","81869.00","Monitor","Luxury","Good","Low"
"AmazonBasics 14-Gauge Speaker wire - 50 feet","4.2","5621","499.00","995.00","Speakers","Budget","Good","Popular"
"Ant Esports 7.1 USB Gaming Sound Card","4.1","1952","973.00","1499.00","Other","Budget","Good","Moderate"
"TheGiftKart Dual-Color Leather Finish Samsung Galaxy M31 / F41 / M31 Prime Flip Back Cover | Inbuilt Stand & Pockets | Wal...","4.3","840","299.00","999.00","Mobile Phone","Budget","Good","Low"
"Nokia 105 Dual SIM, Keypad Mobile Phone with Wireless FM Radio | Blue","3.8","4022","1449.00","1600.00","Mobile Phone","Economy","Average","Moderate"
"Creative Pebble 2.0 USB-Powered Desktop Speakers with Far-Field Drivers and Passive Radiators for PCs and Laptops (Black)","4.3","67650","1899.00","2999.00","Laptop","Economy","Good","Very Popular"
"Sonia Professional White Umbrella 100cms 36 inch/91cm for Photography Studio Light Flash, Camera Flash, Video Light 2 Pcs ...","4.0","925","373.00","1800.00","Camera","Budget","Good","Low"
"ProElite Deer Flip case Cover for Realme PadMini 8.68 inch Tablet, Wine Red","4.4","226","489.00","1999.00","Mobile Phone","Budget","Good","Low"
"ONSITEGO 1 Year Extended Warranty for Smartwatches","3.6","99","399.00","1499.00","Smartwatch","Budget","Average","Low"
"Winble Magnetic Case for iPhone 14 Plus Back Cover Case | Anti-Fall Clear Non-Yellow Protective Clear Shockproof Compatibl...","3.2","14","499.00","999.00","Mobile Phone","Budget","Average","Low"
"Amazon Basics Multipurpose Adjustable Portable Laptop Table with Cooling Fan, Black","3.7","2456","1699.00","3999.00","Laptop","Economy","Average","Moderate"
"TheGiftKart Ultra-Hybrid Crystal Clear Back Cover Case for iPhone 13 Pro MAX | Camera & Screen Protection Bumps | Shockpro...","5.0","2","259.00","999.00","Mobile Phone","Budget","Excellent","Low"
"realme Pad X WiFi Tablet | 4GB RAM 64GB ROM (Expandable), 27.9cm (11 inch) WUXGA+ Display | 6nm SD Processor | Dolby Atmos...","4.3","53","19999.00","29999.00","Mobile Phone","Mid Range","Good","Low"
"Wayona Type C to Lightning MFI Certified 20W Fast charging Nylon Braided USB C Cable for iPhone 14 Pro,14 Pro Max,14,14 Pl...","4.1","1214","699.00","1199.00","Mobile Phone","Budget","Good","Moderate"
"Fire-Boltt Ninja Calling 1.69"" (4.29cm) Bluetooth Calling smartwatch with Voice Assistant, Metal Body 200 Watch Faces, Mul...","4.1","33447","1999.00","7999.00","Smartwatch","Economy","Good","Very Popular"
"VMT Stock OnePlus 11 5G Back Cover | Transparent Crystal Clear Hard PC Back Case with TPU Bumper, Drop Protection Case Cov...","3.7","25","259.00","999.00","Mobile Phone","Budget","Average","Low"
"MOCA Compatible Smart flip Cover case for iPad 9.7 inch 2017 2018 iPad 5th 6th Generation A1893 A1954 A1822 A1823 Smart ca...","4.3","1468","515.00","1499.00","Tablet","Budget","Good","Moderate"
"TOUGH LEE Tempered Glass Screen Guard Protector for Samsung Galaxy M13 / M13 5G / Samsung Galaxy M33 5G / Samsung F23 5G (...","4.0","2264","255.00","999.00","Mobile Phone","Budget","Good","Moderate"
"mobimint 7 Feet Long Tripod Stand for Self Video Shoot|DSLR Camera|You-tubers|Video Shooting Studio Etc.Compatible with Al...","4.6","60","449.00","1199.00","Camera","Budget","Excellent","Low"
"HP USB 3.1 Flash Drive 32GB 796L","4.2","7181","529.00","2200.00","Other","Budget","Good","Popular"
"CEDO Samsung Tab A7 10.4 (2020) SM-T500/T505 Flip Cover | Leather Finish | 360 Degree Rotate Flip Cover | Shockproof Style...","4.1","200","399.00","999.00","Other","Budget","Good","Low"
"Original HB434666RBC Battery Compatible with Huawei Airtel Vodafone Router 4G Hotspot Battery - 1500mAh - 1 Year Warranty","3.4","854","475.00","1999.00","Networking","Budget","Average","Low"
"TheGiftKart Back Cover for Samsung Galaxy M21 2021 Edition / M21 / M30s (TPU, PC | Transparent | Black Bumper)","4.3","453","259.00","999.00","Mobile Phone","Budget","Good","Low"
"EGOTUDE Shock Proof Hard Back Soft Bumper Cover Case for iPhone 7 Plus / 8 Plus (Transparent)","4.2","1301","332.00","999.00","Mobile Phone","Budget","Good","Moderate"
"ENVOUS Smartwatch Charger Universal Clip 2-Pin Cable, Smart Watch Fire Bolt Ring Charger Cable for W26, W26Plus, T500, T5...","3.8","98","189.00","999.00","Smartwatch","Budget","Average","Low"
"M.G.R.J® Charger Stand Compatible for Samsung Galaxy Watch 4/ Classic/Watch 3 41mm 45mm/Active 2 40mm 44mm,Non-Slip Silico...","4.0","39","354.00","999.00","Mobile Phone","Budget","Good","Low"
"Fire-Boltt Astro 1.78"" AMOLED Display Smartwatch, Always On Display, Bluetooth Calling with AI Voice, 110+ Sports Modes, R...","4.2","251","2999.00","17999.00","Monitor","Economy","Good","Low"
"Dicto T-500 S8 Series Smart Watch Sleep Monitor, Distance Tracker, Calendaring, Sedentary Reminder, Text Messaging, Pedome...","2.2","4","599.00","1999.00","Monitor","Budget","Poor","Low"
"AmazonBasics laptopsss Sleeve Case Cover Pouch 15.6-inches laptopss for Men and Women | Slim Profile Neoprene, Soft Puffy ...","4.3","1559","439.00","1099.00","Laptop","Budget","Good","Moderate"
"GIZGA essentials (29cm x 24cm Gaming Mouse Pad, Laptop Desk Mat, Computer Mouse Pad with Smooth Mouse Control, Mercerized ...","4.4","268","149.00","699.00","Laptop","Budget","Good","Low"
"DIGITEK® (DMP 60N) Professional Monopod with 4 Extendable Sections & Dual Mount Thread Adapter (1/4inch and 3/8inch), Load...","4.0","1291","799.00","1495.00","Accessories","Budget","Good","Moderate"
"DURACELL Alkaline AA Battery with Storage Box (Pack of 12)","4.4","285","490.00","495.00","Other","Budget","Good","Low"
"Dyazo 10 Inch LED Ring Light with 3 Level Brightness Dimmable Lighting for Vlogging , You Tube Video , Photo Shoot Live St...","3.8","53","398.00","999.00","Other","Budget","Average","Low"
"SwooK EVA Shockproof Hard Laptop Sleeve Case Bag Compatible for 13 inch Laptop Sleeve Bags for MacBook Pro M1 14 inch 2021...","4.4","125","1199.00","2999.00","Laptop","Economy","Good","Low"
"Robustrion Smart Trifold Hard Back Flip Stand Case Cover for iPad 9.7 inch 2018/2017 5th 6th Generation Model A1822 A1823 ...","4.3","5291","599.00","1999.00","Tablet","Budget","Good","Popular"
"Dyson Pure Cool Link Air Purifier TP03 (White/Silver), Wi-Fi Enabled, Large","4.2","863","27900.00","43900.00","Networking","Premium","Good","Low"
"SPIN CART USB 2.0 Printer Cable, A Male to B Male High speed Cord 1.5 Meter - Color white Compatible For HP, Canon, Epson,...","4.4","66","160.00","399.00","Printer","Budget","Good","Low"
"KAPAVER® Tempered Glass Screen Guard for Nothing Phone 1 [Edge-to-Edge] [Full Glue] [Anti-Scratch] Tempered Glass for Noth...","4.2","126","499.00","1499.00","Other","Budget","Good","Low"
"Syga Focus F-1 Anti-Slip Quick Rapid Shoulder Sling Belt Neck Strap for Camera SLR DSLR Black","4.1","336","379.00","855.00","Camera","Budget","Good","Low"
"Helix Timex Metalfit SPO2 smartwatch with Full Metal Body and Touch to Wake Feature, HRM, Sleep & Activity Tracker","3.5","2570","1199.00","4995.00","Smartwatch","Economy","Average","Moderate"
"(Renewed) Samsung Level U2 Bluetooth Wireless In Ear Earphones With Mic Black","3.6","329","1699.00","2199.00","Other","Economy","Average","Low"
"VMS Deluxe 70x100mm 125 Micron Lamination Pouch 2 x 100 Sheets","3.9","815","249.00","300.00","Other","Budget","Average","Low"
"ASUS Prime H510M-Emicroatx Motherboard Lga1200 for 11Th & 10Th Gen Processor Ddr4","4.2","510","6602.00","9000.00","Other","Mid Range","Good","Low"
"AGARO 3.1 A Dual Port Lightning, USB Smart Car Charger for All Smartphones & Tablets- Black","3.7","65","125.00","495.00","Mobile Phone","Budget","Average","Low"
"Fastrack Reflex Activity Tracker - Full Touch, Color Display, Notification Alert - Upto 7 Days Battery Life","3.2","429","1350.00","1750.00","Monitor","Economy","Average","Low"
"CEDO iPhone XR Tempered Glass | Screen Protector Full HD Quality Edge to Edge Coverage for iPhone XR (Black)","4.0","1772","199.00","999.00","Mobile Phone","Budget","Good","Moderate"
"TheGiftKart Genuine Liquid Silicone Back Cover Case for Samsung Galaxy S23 Ultra 5G | Soft Micro-Fibre Lining Inside | Tot...","4.8","7","329.00","999.00","Mobile Phone","Budget","Excellent","Low"
"Spigen Tempered Glass Screen Protector [GlasTR Slim] Designed for MacBook Pro 13 inch (M1 / 2017-2021) / MacBook Air 13 in...","4.3","4724","1999.00","2899.00","Laptop","Economy","Good","Moderate"
"GLink 2.0 GS-001 Multimedia Speaker with Aux Connectivity, USB Powered and Volume Control for PC/Laptops/Desktop/Mobile an...","3.0","44","299.00","599.00","Laptop","Budget","Average","Low"
"Portronics Konnect A Trio 3-In-1 Multifunctional Cable For Micro Usb For Ios And Type C Mobile Phones, Smartphone, Tablet,...","3.7","390","204.00","899.00","Mobile Phone","Budget","Average","Low"
"Tabelito® Basic Laptop Bag Sleeve Nylon Case Cover Pouch for 15.6 Inch(39.6cm) Laptop Apple / Dell / Lenovo / Asus / Hp / ...","4.2","1966","299.00","999.00","Laptop","Budget","Good","Moderate"
"Xiran Plastic Wall Hanging Mobile Phone Holder Stand for Home & Office Use Charging Stand, Charging Stand for All Smartpho...","4.2","16","299.00","499.00","Mobile Phone","Budget","Good","Low"
"TheGiftKart Tough Armor Bumper Back Cover Case for Mi Redmi K20 / K20 Pro | Ring Holder & Kickstand in-Built | 360 Degree ...","4.5","100","349.00","999.00","Mobile Phone","Budget","Excellent","Low"
"TheGiftKart Back Cover Case for OnePlus Nord CE 5G (2021) (Crystal Clear | Shockproof | Hybrid TPU & PC | Transparent Back...","4.1","2652","259.00","999.00","Mobile Phone","Budget","Good","Moderate"
"Conbre CruizerXR Outdoor WiFi 1080p Motorized Pan/Tilt Camera |Color Night Vision | Dust and Water Protection | Auto Cruis...","3.4","14","2499.00","5999.00","Camera","Economy","Average","Low"
"AILKIN USB-C 65W Warp Charger 10V/6.5A for OnePlus 8T/9/9 Pro Charger, Warp Charge 30 for OnePlus 7 Pro / 7T / 7T Pro/Nord...","4.6","7927","1699.00","2999.00","Mobile Phone","Economy","Excellent","Popular"
"Meyaar Leather Case Cover Only Compatible with Boat Airdopes 141 & Boat Airdopes 148 (Earbuds Not Included) (Leather Yellow)","3.6","253","379.00","999.00","Earbuds","Budget","Average","Low"
"Lapster cable Compatible with Xiaomi Mi band 5 charger/mi band 6 charger/Amazfit Band 5 -fitness tracker","3.7","3617","199.00","999.00","Accessories","Budget","Average","Moderate"
"EVM 8GB DDR3 1333MHz Long-DIMM Desktop Memory Ram (EVMT8G1333U86P)","3.8","47","1009.00","9999.00","Other","Economy","Average","Low"
"Milestone Nothing Phone 1 Camera Protector/Camera Lens Tempered Glass Compatible with Nothing Phone 1 Back Metal Ring (Sil...","3.8","90","199.00","599.00","Camera","Budget","Average","Low"
"NoWorries No Worries - MAP Laptop Skin Bubble-Free Vinyl Laptop Sticker for 14 & 15.6 inches laptops It Keeps Your Laptop ...","4.0","176","239.00","699.00","Laptop","Budget","Good","Low"
"CP PLUS 3+1 Coaxial Pure Copper CCTV Camera Cable (90 Meter) White","4.0","531","1499.00","2800.00","Television","Economy","Good","Low"
"Zeiss Pre-Moistened Lens Cleaning Wipes for Spectacles, Binoculars, Mobiles, Tablets, Laptops, LCD Display, Cameras (2 Pac...","4.4","612","440.00","498.00","Laptop","Budget","Good","Low"
"VM - PROTEC 3D Back Camera Lens Protector For OnePlus 11R 5G Full Coverage 360 Degree Protection Tempered Glass Bubble-Fre...","3.9","19","249.00","999.00","Mobile Phone","Budget","Average","Low"
"Amazon Brand - Solimo 360 Degree Protection Black Border Back Cover for Realme XT - Acrylic, TPU, Black","4.1","20","179.00","499.00","Mobile Phone","Budget","Good","Low"
"Sounce Screen Protector Compatible with Fitbit Versa 2 Case, Ultra-Thin Slim Soft TPU Protective Case All-Around Full Cove...","4.1","592","299.00","999.00","Other","Budget","Good","Low"
"HP DHS-2101 2.0 USB Portable Multimedia Wired Black Speaker with 3.5mm AUX Connectivity, Black","4.0","311","1307.00","2000.00","Speakers","Economy","Good","Low"
"Seagate One Touch 4TB External HDD with Password Protection – Black, for Windows and Mac, with 3 yr Data Recovery Service...","4.5","28685","8739.00","13999.00","Other","Mid Range","Excellent","Very Popular"
"Noise Champ 2 Smart Watch for Kids with Habit Reminders (Handwash, Brushing, etc), 7 Days Battery, IP68 Waterproof, Activi...","3.9","528","2499.00","3999.00","Smartwatch","Economy","Average","Low"
"Ant Esports VS500L 500 Watt Non-Modular Continuous Power Gaming Power Supply/PSU for PC","4.3","2850","2029.00","2699.00","Other","Economy","Good","Moderate"
"Panasonic CR2032 Coin Cell Battery Compatible with accu-chek, Air Tag, etc (Pack of 2)","4.3","59","99.00","100.00","Other","Budget","Good","Low"
"LIRAMARK Webcam Cover Slide, Ultra Thin Laptop Camera Cover Slide Blocker for Computer MacBook Pro iMac PC Tablet (Pack of 6)","4.1","207","159.00","999.00","Laptop","Budget","Good","Low"
"YOZTI 10"" LED Ring Light with 7 Feet Long Tripod Stand (84 Inch) Combo for Tiktok MX Instagram Reels YouTube Video Shootin...","3.9","6980","799.00","2499.00","Other","Budget","Average","Popular"
"Camlin Kokuyo Fine Point Sketch Pen - 12 Shades, Multicoloured","4.3","295","10.00","30.00","Other","Budget","Good","Low"
"TANZILIGHT® Fariy Lights Batteries 30 Pcs LR44/AG13, 1.5V Alkaline Button Coin Cell Electronics Solutions LR44 Battery (Pa...","3.7","124","210.00","999.00","Other","Budget","Average","Low"
"Alifiya Polyester Gadget Charger Pouch / Travel Organizer Pouch for Cables / Hard Disk / Charger (Grey - Pack of 2)","4.2","343","359.00","499.00","Accessories","Budget","Good","Low"
"POPIO Tempered Glass for Poco F1 (Transparent) Full Screen Coverage (Except Edges), Pack of 2","4.1","2313","299.00","599.00","Mobile Phone","Budget","Good","Moderate"
"JXL 8018 8 Inch Active Bass Tube Subwoofer with Inbuilt Amplifier 4200W (Black)","4.1","995","3799.00","9900.00","Other","Economy","Good","Low"
"Sony WH-CH510 Wireless Bluetooth On Ear Headphone with Mic (Blue)","4.0","13188","2999.00","4990.00","Headphones","Economy","Good","Very Popular"
"Honeywell Surge Protector/Spike Guard/Extension Board, Master Switch, 8 Universal Sockets, 20000Amp, 2 Mtr Cord, Device Se...","4.4","3649","1369.00","1899.00","Other","Economy","Good","Moderate"
"Inefable® Earphone Headphone Case Pouch Cover Carrying Case for Earphones , Headset , Pen Drives , SD Cards , All Mobile A...","4.0","73","149.00","799.00","Mobile Phone","Budget","Good","Low"
"HOME BUY Professional Cutting Mat A3 Self-Healing 5 Layers Double Sided Durable Non-Slip PVC 18"" X 12"" Inch","4.5","2482","399.00","999.00","Other","Budget","Excellent","Moderate"
"WC Wicked Cushions Premium Replacement Ear Cushions for Bose QC35 ii & QC35 (QuietComfort 35) Headphones - Black","4.4","6617","1650.00","3039.00","Headphones","Economy","Good","Popular"
"Apple iPhone 14 Pro (256 GB) - Space Black","4.6","306","132999.00","139900.00","Mobile Phone","Luxury","Excellent","Low"
"TECH-X 12 Inch USB to DC Power Cable Charger Cord Barrel Jack USB 2.0 toDC Jack 5.5 x 2.5mm or 5.5 x 2.1mm Power Plug for ...","3.5","67","249.00","499.00","Accessories","Budget","Average","Low"
"MVYNO Gorgeous iPhone 13 Cover | Pretty Beautiful Pink Protective Case for Women & Girls (Soft Flexible | Silicone | iPhon...","4.3","793","599.00","1499.00","Mobile Phone","Budget","Good","Low"
"HP Deskjet Ink Advantage 2776 AIO Printer, Copy, Scan, WiFi, Bluetooth, USB, Simple Setup Smart App, Ideal for Home.","4.0","493","6399.00","7818.00","Printer","Mid Range","Good","Low"
"HANUMEX 6x9FT Chroma Green Backdrop Green Screen Background Photo Light Studio Green Photography Background for VFX Editin...","3.9","6486","339.00","899.00","Other","Budget","Average","Popular"
"IKALL K100 1.8 Inch Display Keypad Mobile (Dual Sim, 1000 mAh Battery) (Black)","3.5","10","704.00","999.00","Mobile Phone","Budget","Average","Low"
"Wildcraft Turnaround Polyester 14 inch 27 Ltrs Blue Laptop Bag (8903340000000)","4.3","3227","1895.00","1999.00","Laptop","Economy","Good","Moderate"
"ZORBES® Mini Printer, Small Pocket Printer Black and White Printing Bluetooth Thermal Printer Compatible with iOS, Androi...","3.5","19","2094.00","3959.00","Printer","Economy","Average","Low"
"HAKUHO Telephone Extension Cord 2 Pin, 1 Line Rj11 Male To Male Cable Line Or Landline, Phone, Modem Or Fax Machine (Blac...","4.1","286","199.00","599.00","Networking","Budget","Good","Low"
"Amozo Frameless Slim Design Translucent Matte Back Case Cover for iPhone 13 / iPhone 14 (Polycarbonate|Black)","4.0","765","284.00","999.00","Mobile Phone","Budget","Good","Low"
"mobistyle Soft Silicone Wristband smartwatch Strap Compatible only for Watch 2 Lite/GPS Watch (WATCH NOT INCLUDED)","3.8","581","299.00","999.00","Smartwatch","Budget","Average","Low"
"Dyazo Memory-Foam Gel Mouse Pad with Wrist Rest Support Non Slip Rubber Base Mousepad Suitable for Computer, Laptop, Noteb...","4.5","469","399.00","899.00","Laptop","Budget","Excellent","Low"
"Astigo Air Conditioner Remote Compatible Daikin Split AC Remote Control [ Compatible for Daikin AC Remote ] [ AC-132A ]","3.8","67","439.00","899.00","Other","Budget","Average","Low"
"Zapcase Back Case Cover for iPhone XR | Compatible for iPhone XR Back Case Cover | Matte Soft Flexible Silicon | Liquid Si...","4.3","83","349.00","899.00","Mobile Phone","Budget","Good","Low"
"ADISA 32L Large Laptop Backpack Office Bag College Travel Back Pack with rain Cover (Navy)","4.4","5","599.00","1799.00","Laptop","Budget","Good","Low"
"TRONI 'Foldable Bed Study Table Portable Multifunction Laptop-Table Lapdesk for Children Bed Foldabe Table Work Office Hom...","3.8","819","219.00","699.00","Laptop","Budget","Average","Low"
"MINDFIED 20W Fast Charger with Cable Compatible with Apple iPhone 13, iPhone 12, iPhone 11, iPhone X, iPhone 8 Series | 20...","4.6","6","699.00","1999.00","Mobile Phone","Budget","Excellent","Low"
"iClever Bluetooth Mouse Multi-Device Silent Mouse, Dual Mode Bluetooth + 2.4G Wireless Mouse, Silent Work, Rechargeable, S...","4.4","1819","1650.00","2999.00","Accessories","Economy","Good","Moderate"
"Prolite Heavy-Duty Light Stand (9 feet) for Ring Light, Flash, Reflector, Diffuser, Photo & Video Studio Shooting (Portabl...","4.2","3910","849.00","2000.00","Other","Budget","Good","Moderate"
"Zebronics-Zeb Dazzle Wireless Optical Mouse with Nano Receiver (Black)","3.2","830","249.00","329.00","Accessories","Budget","Average","Low"
"POPIO Tempered Glass Screen Protector Compatible for OnePlus Nord with Edge to Edge Coverage and Easy Installation kit (Tr...","3.7","940","150.00","599.00","Mobile Phone","Budget","Average","Low"
"AJM 360 Protection Shockproof Design Soft Rubberised Case with Keychain for Oppo Enco Air 2 Pro (Navy Blue)","3.7","258","299.00","399.00","Mobile Phone","Budget","Average","Low"
"HP Laserjet 108A Monochrome Laser Printer with USB Connectivity, Compact Design, Fast Printing","4.2","607","11999.00","12883.00","Printer","Mid Range","Good","Low"
"Portronics Car Power 12 Car Charger with 17W Total Output, Triple USB Port, 3.4A Compatible with Most Cars(Black)","4.2","60","301.00","599.00","Accessories","Budget","Good","Low"
"Wayona USB Type C Long Charger Cable Fast Charging USB C Cable 2meter/ 6ft for Samsung Galaxy S10e S10 S9 S8 Plus S10+, No...","4.2","10866","319.00","999.00","Mobile Phone","Budget","Good","Very Popular"
"GO SHOPS Noise_Colorfit Smart Watch Charger 2 Pin USB Fast Charger Magnetic Charging Cable Adapter (Smart Watch Charger 2 ...","4.3","130","249.00","999.00","Smartwatch","Budget","Good","Low"
"ULANZI VL49 RGB Video, LED Camera Light 360° Full Color Portable Photography Lighting with 3 Cold Shoe, 2000mAh Rechargeab...","4.2","3032","2375.00","2990.00","Camera","Economy","Good","Moderate"
"M.G.R.J® Portable Carrying Hard Case Cover for JBL Flip 6 / Flip 5 / Flip 4 / Flip 3 / Flip Essential (Hard|EVA|Black)","4.3","304","689.00","999.00","Other","Budget","Good","Low"
"Viaxos All in One USB Universal Worldwide International Travel Adapter Plug for Laptops, Cameras (Supports Over 150 Countr...","3.4","306","219.00","999.00","Laptop","Budget","Average","Low"
"GoRogue Stud Foldable Wooden Mini Lapdesk for Couch, Sofa Bed, Study Tray Table Stand for Writing (Beige)","4.2","1988","601.00","1499.00","Other","Budget","Good","Moderate"
"POPIO Tempered Glass for Poco X2 / Poco M2 Pro/Redmi K30 / Redmi Note 9 Pro/Redmi Note 9 Pro Max (Black) Edge to Edge Full...","4.0","494","150.00","599.00","Mobile Phone","Budget","Good","Low"
"FF&D F3800X 160 W 5.1 Channel Bluetooth Home Audio Speaker & Home Theater System","4.2","4145","7490.00","10990.00","Speakers","Mid Range","Good","Moderate"
"MAYA BALLE® Camera Lens Protector Compatible for iPhone 14/iPhone 14 Plus, [Anti-Scratch] Premium Tempered Glass Film Alum...","4.1","50","236.55","699.00","Mobile Phone","Budget","Good","Low"
"MYVN Compatible Vivo Charging Cable for All VIVO Phones and Android Phones - Only Cable (White)","4.1","890","249.00","429.00","Mobile Phone","Budget","Good","Low"
"TheGiftKart Ultra-Hybrid Crystal Clear Back Case Cover for Samsung Galaxy A23 4G / A23 5G | Shockproof Design | Camera Pro...","5.0","17","399.00","999.00","Mobile Phone","Budget","Excellent","Low"
"GOVO GOBOLD 610 Bluetooth Wireless On Ear Headphone with Mic, 15H Play Time, 40MM Driver, Bluetooth 5.2, Passive Noise Can...","3.9","470","1499.00","3899.00","Headphones","Economy","Average","Low"
"Decor Black Pen Stand for Office Table with Airplane Miniature, Clock and Pencil Holder - Stationary Desk Organizer","4.2","397","539.00","999.00","Other","Budget","Good","Low"
"ZEBRONICS Zeb-DUKE1 Bluetooth 5.0 Wireless Over Ear Headphones With Mic, with AUX Port, Call Function, Voice Assistant Sup...","3.9","904","899.00","2499.00","Headphones","Budget","Average","Low"
"boAt Xtend Smartwatch Wonder Woman Edition with Alexa Built-in, 1.69” HD Display, Multiple Watch Faces, Stress Monitor, He...","4.2","72169","1299.00","7990.00","Monitor","Economy","Good","Very Popular"
"MC SID Razz Harry Potter Pack of 6 New Magnetic Bookmarks | Gift for Readers and Book Lovers| Girlfriends/Boyfriends Gift...","4.2","1368","299.00","499.00","Other","Budget","Good","Moderate"
"Meyaar Stainless Steel Band Compatible with Fire-Boltt Visionary BSW046, Fire-Boltt Ring BSW005, FireBoltt Ring Pro BSW02...","3.7","168","379.00","599.00","Other","Budget","Average","Low"
"KimTok Bluetooth Wireless in Ear Neckband Upto 8 Hours Playback time with Mic,Bluetooth Earphones with 10mm Driver,IPX5 Ra...","5.0","14","449.00","1999.00","Other","Budget","Excellent","Low"
"Lustree Scratch Proof Tab Tempered Glass Screen Protector for Realme Pad 10.4 inch","3.8","492","279.00","999.00","Mobile Phone","Budget","Average","Low"
"TheGiftKart Ultra Clear Back Cover Case for Samsung Galaxy S23 Ultra 5G | Slim & Protective Design | Inbuilt Dust Plugs & ...","4.5","18","284.00","999.00","Mobile Phone","Budget","Excellent","Low"
"ETZIN Mini AV2VGA to Video Converter, Composite AV to VGA Adapter, TV Set-Top Box Audio Video Converter (White)","3.9","514","470.00","1999.00","Television","Budget","Average","Low"
"AirCase Protective Laptop Bag Sleeve fits Upto 13.3"" Laptop/ MacBook, Wrinkle Free, Padded, Waterproof Light Neoprene case...","4.3","487","499.00","1299.00","Laptop","Budget","Good","Low"
"Amozo Back Cover Case for iPhone 13 Mini (Polycarbonate|Transparent)","4.3","414","379.00","1499.00","Mobile Phone","Budget","Good","Low"
"Smart Tech 2.5 Inch (6.35 cm) Laptop SATA Hard Drive HDD/SSD Enclosure USB C 3.1 with OTG Cable External Sata Hard Disk Tr...","3.9","828","749.00","1499.00","Laptop","Budget","Average","Low"
"ProElite Smart Case for iPad 10th Generation 10.9 inch 2022 [Auto Sleep/Wake Cover] [Pencil Holder] [Soft Flexible Case] R...","4.8","16","589.00","1999.00","Tablet","Budget","Excellent","Low"
"Yantralay School Of gadgets Reversible 2 Side Neoprene Waterproof DSLR Camera Liner Case Cover Pouch Compatible with All D...","4.0","1084","359.00","599.00","Camera","Budget","Good","Moderate"
"(Renewed) realme narzo 50i (Mint Green, 2GB RAM+32GB Storage) - 6.5"" inch Large Display | 5000mAh Battery Without Offers","3.6","32","5999.00","6990.00","Mobile Phone","Mid Range","Average","Low"
"VINSH ENTERPRISE Telescope 60X60 HD Vision Binoculars 10000M High Power for Outdoor Hunting Optical LLL Vision Binocular F...","4.1","341","1590.00","1621.00","Other","Economy","Good","Low"
"Adlynlife 22mm Smart Watch Straps/Smart Watch Band Compatible for Mi Revolve watch (Black)","4.6","157","289.00","999.00","Smartwatch","Budget","Excellent","Low"
"Spigen Ultra Hybrid Cover Case for Apple Watch SE2 / 6 / SE / 5/4 (40mm) - Crystal Clear (Watch not Included)","3.6","3441","999.00","1899.00","Other","Budget","Average","Moderate"
"realme 9 5G SE (Starry Glow, 8GB RAM, 128GB Storage)","4.0","22","19399.00","26999.00","Mobile Phone","Mid Range","Good","Low"
"HP Micro SD Card 64GB with Adapter U3 (Write Speed 60MB/s & Read Speed 100 MB/s Records 4K UHD and Fill HD Video, Purple)","4.1","1208","579.00","1700.00","Accessories","Budget","Good","Moderate"
"Terabyte 4k (DP) Display Port Male to HDMI Cable Male Port 1080P 1.8 m HDMI Cable (Compatible with HDTV, Smart-TV, Project...","3.6","45","425.00","998.00","Monitor","Budget","Average","Low"
"Spigen Ultra Hybrid Cover Case Designed for Samsung Galaxy Buds2 Pro (2022) | Galaxy Buds 2 (2021) | Galaxy Buds Pro (202...","4.5","9661","1599.00","2299.00","Mobile Phone","Economy","Excellent","Popular"
"Conbre Portable Laptop Stand for Desk, Fold-Up, Adjustable, Ventilated, Aluminum Foldable Laptop Ergonomic Compatibility w...","4.1","58","419.00","1799.00","Laptop","Budget","Good","Low"
"Amazon Brand - Solimo Silicone, Thermoplastic Polyurethane Anti Dust Plug Mobile Cover (Soft & Flexible Back Cover) for Re...","4.1","132","145.00","499.00","Mobile Phone","Budget","Good","Low"
"Orico 2.5 inch (6.35cm) SSD Sata Hard Disk External Portable Case Cover USB3.0, 2139U3-CR (Transparent)","4.4","12658","804.00","1050.00","Other","Budget","Good","Very Popular"
"Lunar's Unisex 50L Water Resistant Office/Travel/Business Laptop Backpack, Bag for up to 17.3 inch Laptop/MacBook with rai...","4.0","2479","1199.00","2999.00","Laptop","Economy","Good","Moderate"
"COSMUS Madison waterproof Multipurpose Backpack With laptop compartment , 33L","4.2","2187","1079.00","2699.00","Laptop","Economy","Good","Moderate"
"ZEBRONICS Zeb-Duke Wireless Bluetooth Over The Ear Headphone with Mic - (Green)","3.9","11111","1199.00","2499.00","Headphones","Economy","Average","Very Popular"
"GO SHOPS FireBoltt 360 SpO2 Smart Watch Charger 2 Pin USB Fast Charger Magnetic Charging Cable Adapter (smart watch charge...","3.5","133","249.00","999.00","Smartwatch","Budget","Average","Low"
"elago GB5 Case Compatible with Samsung Galaxy Buds 2 Pro Case (2022) / Galaxy Buds 2 Case (2021) / Galaxy Buds Pro Case (2...","4.5","6887","949.00","1799.00","Mobile Phone","Budget","Excellent","Popular"
"TP-Link TL-SG105S 5-Port Desktop Gigabit Ethernet Switch/Hub, Ethernet Splitter, Plug & Play, no Configuration Required, S...","4.6","275","1399.00","2999.00","Other","Economy","Excellent","Low"
"CodersParadise Pack of 58 Random Music Aesthetic Vinyl Stickers for Laptop, Journal, Bike Helmet, Diary, Guitar, Mobile Ca...","4.7","92","299.00","699.00","Laptop","Budget","Excellent","Low"
"ng EarSafe Open Ear Bluetooth Wireless Headphones with Mic (Black)","3.4","217","2999.00","4999.00","Headphones","Economy","Average","Low"
"INEFABLE® Pubg Battleground Anti-Slip Thumb Finger Multi-Color Sleeve Slip-Proof Sweat-Proof Professional Touch Screen for...","4.0","18","79.00","399.00","Other","Budget","Good","Low"
"TP-Link Nano AC1300 Wireless MU-MIMO Wi-Fi Adapter(Archer T3U Nano), Dual Band Wireless Network Adapter for PC/Desktop/Lap...","4.3","12847","1399.00","2199.00","Networking","Economy","Good","Very Popular"
"Razer Kraken X Ultralight Gaming Headset: 7.1 Surround Sound - Lightweight Aluminum Frame - Bendable Cardioid Microphone -...","4.3","1576","2549.00","5199.00","Headphones","Economy","Good","Moderate"
"JBL Partybox Encore Essential | Portable Bluetooth Party Speaker | 100W Monstrous Pro Sound | Dynamic Light Show | Upto 6H...","4.5","136","20997.00","29999.00","Speakers","Premium","Excellent","Low"
"TA Technology Ahead Bt-Receiver Car Wireless Bluetooth Receiver Adapter 3.5 mm Aux Audio Stereo Music Home Hands Free Car ...","2.4","4","340.00","399.00","Accessories","Budget","Poor","Low"
"FEDUS 3 in 1 Laptop Screen Guard, Keyboard Protector and Laptop Skin for All 15.6INCH Laptops Laptop Accessories Combo Kit","3.3","3239","429.00","499.00","Laptop","Budget","Average","Moderate"
"Amazon Brand - Solimo Anti Dust Plug Soft & Flexible Silicone, Thermoplastic Polyurethane Mobile Back Cover for Realme 7- ...","4.3","85","145.00","499.00","Mobile Phone","Budget","Good","Low"
"ERH India Plastic Digital LCD Table Desk Car Calendar Timer Dashboard Office Desk Stopwatch Digital Alarm Clock for Car Da...","3.7","395","199.00","499.00","Other","Budget","Average","Low"
"Zither Gadgets2use Hybrid Sim Adapter (Pack of 2)","3.8","1415","129.00","300.00","Accessories","Budget","Average","Moderate"
"(Renewed) Fire-Boltt Ninja Call Pro Dual Chip Bluetooth Calling Smartwatch, AI Voice Assistance 1.69 HD Display, 100 Sport...","4.0","262","1444.00","1799.00","Monitor","Economy","Good","Low"
"Hoss® Type C Extension Cable, USB 3.1 Gen 2 (10Gbps) USB C Male to Female Extension Fast Charging Cable Compatible with Th...","4.4","192","988.00","1999.00","Other","Budget","Good","Low"
"World Shopper processer CPU Fan i3/i5/i7 LGA115x CPU Fan E97379 003 Core i3 i5 i7 Socket 1150 1155 1156 4-Pin Connector CP...","3.6","9","214.00","349.00","Other","Budget","Average","Low"
"BlueRigger Premium Digital Optical Audio Toslink Cable With 24K Gold Plated Connectors, 8 Channel (7.1) Audio Support (for...","4.2","30859","989.00","1199.00","Other","Budget","Good","Very Popular"
"pTron Tangent Lite Bluetooth 5.0 Wireless in Ear Earphones with mic, Hi-Fi Stereo Sound, 8Hrs Playtime, Lightweight Snug-f...","3.5","85214","649.00","1800.00","Other","Budget","Average","Very Popular"
"Amazon Brand - Solimo Back Cover for Samsung Galaxy M21 / M30s / M21 2021 Edition (Silicone | Clear)","3.8","2570","139.00","399.00","Mobile Phone","Budget","Average","Moderate"
"Havells-Lloyd 146cm (58 Inches) Ultra HD Android Smart LED TV (58US900C) Black","3.0","5","60999.00","99990.00","Television","Luxury","Average","Low"
"Amazon Brand - Solimo Back Cover Case for Mi Redmi Note 5 Pro | Compatible for Mi Redmi Note 5 Pro Back Cover Case | 360 D...","3.8","53","139.00","299.00","Mobile Phone","Budget","Average","Low"
"Live Tech PS05 Extension Cords with USB Slots, 3 USB Ports 3 Way Outlets Power Strips with USB Surge Protection Extension ...","4.3","152","1204.00","2099.00","Other","Economy","Good","Low"
"REMOTEX Air Conditioner Remote Compatible for Voltas Smart Split Ac Remote Control with WiFi Function (Please Match The Im...","3.7","204","290.00","999.00","Networking","Budget","Average","Low"
"Ardith Multi-Purpose Laptop Desk for Study and Reading with Foldable Non-Slip Legs Reading Table Tray, Laptop Table, Lapto...","4.2","1435","649.00","999.00","Laptop","Budget","Good","Moderate"
"Duracell Ultra Alkaline AAA Battery, 6 Pcs","4.5","18403","270.00","300.00","Other","Budget","Excellent","Very Popular"
"CZARTECH Tempered Glass Screen Guard For iPhone 12/ iPhone 12 Pro (6.1"") with Easy Cleaning Kit (Pack of 1)","4.1","837","299.00","799.00","Mobile Phone","Budget","Good","Low"
"Yodel 3D6 5.0 Bluetooth Wireless In Ear Earphones With Mic Magnetic With Stereo Sound And Hands Free, Black","3.1","1110","299.00","1249.00","Other","Budget","Average","Moderate"
"TheGiftKart Shockproof Crystal Clear Back Cover Case for Samsung Galaxy M13 4G | 360 Degree Protection | Protective Design...","4.4","363","251.00","999.00","Mobile Phone","Budget","Good","Low"
"Spigen Rugged Armor Back Cover Case for iPhone 13 (TPU | Matte Black)","4.6","1893","1299.00","2099.00","Mobile Phone","Economy","Excellent","Moderate"
"Apple 5W USB Power Adapter (for iPhone)","4.2","961","1495.00","1900.00","Mobile Phone","Economy","Good","Low"
"LUNAGARIYA®, Protective Case Compatible with JIO Settop Box Remote Control,PU Leather Cover Holder (Before Placing Order,P...","3.9","217","247.00","399.00","Other","Budget","Average","Low"
"Brother DCP-L2541DW Multi-Function Monochrome Laser Printer with Wi-Fi, Network & Auto Duplex Printing","4.3","1292","21699.00","26990.00","Printer","Premium","Good","Moderate"
"Allianztec ESP-WROOM-32 ESP32 ESP-32S Development Board 2.4GHz Dual-Mode WiFi + Bluetooth Dual Cores Microcontroller Proce...","4.3","173","570.00","690.00","Networking","Budget","Good","Low"
"Amazon Brand - Solimo Back Cover for Samsung Galaxy A32 (Plastic | Transparent)","4.0","127","139.00","399.00","Mobile Phone","Budget","Good","Low"
"ProElite Smart Flip Case Cover for Samsung Galaxy Tab A7 Lite 8.7"" SM-T220/225 Translucent Back with Stylus Pen, Dark Blue","3.9","76","499.00","1999.00","Mobile Phone","Budget","Average","Low"
"Pikkme Mi Redmi Note 10 / Note 10s / Note 11 SE Flip Cover| PU Leather Finish | 360 Protection | Wallet & Stand | Strong M...","4.0","492","199.00","999.00","Mobile Phone","Budget","Good","Low"
"Amazon Brand - Solimo Soft & Flexible Back Cover for Samsung Galaxy Note 20 Mobile [TPU, Transparent]","4.2","152","139.00","499.00","Mobile Phone","Budget","Good","Low"
"Spigen Ultra Hybrid S Back Cover Case for Galaxy S23 Ultra (Poly Carbonate + TPU + Kickstand | Crystal Clear)","4.5","176","2499.00","2899.00","Mobile Phone","Economy","Excellent","Low"
"Beetel X73 Cordless 2.4Ghz Landline Phone with Caller ID Display, 2-Way Speaker Phone with Volume Controls, Auto Answer, A...","3.7","13978","2699.00","2799.00","Speakers","Economy","Average","Very Popular"
"Nokia T21 with 10.36"" 2K Screen, with Flip Cover, Android 12 with 2 Years of OS Upgrades & 3 Years of Security Updates, 4G...","4.6","5","18999.00","20999.00","Other","Mid Range","Excellent","Low"
"Blast Inn Warp 65W Charging Cable 'Type-C to Type-C' Compatible with Oneplus 10T 5G New/Nord 2T 5G/10R 5G/10 Pro 5G/Nord C...","4.5","20","379.00","699.00","Mobile Phone","Budget","Excellent","Low"
"CAPRIGO Heavy Duty 2 Feet Projector Ceiling Mount Stand, Universal Full Motion Adjustable Projector Wall & Ceiling Mount B...","4.0","1316","999.00","1499.00","Other","Budget","Good","Moderate"
"Itel MagicX Pro 4G (Wi-Fi Hotspot Tethering, High Speed Internet with 4G Network, 2500mAh Big Battery, 2.4inch QVGA 3D Cur...","2.9","4","2499.00","3199.00","Networking","Economy","Poor","Low"
"SECUREMENT® Plastic Tamper Proof Courier Bag/Envelope/Polybag for Packing, 60 Micron, 12 Inch x 16 Inch, White and Black, ...","3.9","381","474.00","599.00","Other","Budget","Average","Low"
"(Renewed) HP 840g3 Elitebook Ultralight 1.48 KG (6th Gen Intel Core i5 - 6300U /8 GB/512 GB SSD/Windows 10 Pro/Silver /14 ...","3.2","89","20637.00","59999.00","Other","Premium","Average","Low"
"URBN 4 in 1 Quad Cable | 100W PD | Apple MFi Certified Type C to Lightning|USB to LTG|Type C to C|Flat Cable|Made for Mobi...","3.7","461","1999.00","2999.00","Other","Economy","Average","Low"
"Azafran Non-toxic Plant-based Pencil Crayons(15 Colours), Clinically tested to be Baby Safe, Hypoallergenic, Food Grade Co...","4.1","846","449.00","499.00","Other","Budget","Good","Low"
"Spigen Full Coverage Tempered Glass Screen Protector Guard for MacBook Pro 14 inch (M2 Pro / M2 Max / M1 Pro / M1 Max) - 1...","4.2","514","1999.00","2899.00","Laptop","Economy","Good","Low"
"Amkette Ergo Fold Alloy Portable Laptop Stand, Aluminium Alloy stand with 7 Adjustable Levels and Riveted Joints, Anti Sli...","4.5","83","789.00","1499.00","Laptop","Budget","Excellent","Low"
"Black Mirror Men Messenger Bags","4.0","1347","699.00","2499.00","Other","Budget","Good","Moderate"
"Belkin USB-C to HDMI Adapter + Charge (Supports 4K UHD Video, Pass-Through Power up to 60W for Connected Devices) HDMI Ada...","4.2","2816","2599.00","3999.00","Accessories","Economy","Good","Moderate"
"AmazonBasics Laptop Sleeve Case Cover Pouch for 13-Inch(33.02 Cm), 13.3-Inch (33.78 Cm) Laptop for Men & Women | Slim Prof...","4.3","1559","309.00","1099.00","Laptop","Budget","Good","Moderate"
"boAt Stone 1200 14W Bluetooth Speaker with Upto 9 Hours Battery, RGB LEDs, IPX7 and TWS Feature(Blue)","4.2","15462","3999.00","6990.00","Earbuds","Economy","Good","Very Popular"
"ELV DIRECT Ergonomic Aluminum Ventilated Overheat Protection Detachable Computer Laptop Tabletop Mount Stand Riser (Black,...","4.4","596","1062.00","1499.00","Laptop","Economy","Good","Low"
"MAXELL Lr41 Ag3 Lr736 392 392a 192 Sr41 BUTTON COIN CELL BATTERY (for watches,toys.digital thermometer) 5 PIECES","3.9","612","153.00","200.00","Other","Budget","Average","Low"
"Pikkme Samsung Galaxy M31 / F41 / M31 Prime Smoke Cover Protective Shockproof Matte Hard Back Case Cover for Samsung Galax...","3.9","1159","199.00","999.00","Mobile Phone","Budget","Average","Moderate"
"Valimai Tablet Screen Guard Glass Compatible for Redmi Pad 10.61 Inch (2022)","4.1","59","350.00","999.00","Mobile Phone","Budget","Good","Low"
"TheGiftKart Flip Back Cover Case for Samsung Galaxy M04 / F04 / A04e | Dual-Color Leather Finish | Inbuilt Stand & Pockets...","4.5","42","299.00","999.00","Mobile Phone","Budget","Excellent","Low"
"future pro New Full HD High Focus Spy Magnet Camera Full HD Mini Spy WiFi Magnetic Live Stream IP Wireless 1080P Audio Vid...","3.9","8","899.00","2999.00","Camera","Budget","Average","Low"
"COMMA Abaca – A5 Size – Hard Bound Notebook with Elastic Band Closure & Pen Loop – 192 Pages – 80gsm Natural Shade Paper –...","4.5","1792","368.00","395.00","Laptop","Budget","Excellent","Moderate"
"65W Power Warp Charging Cable for OnePlus 9RT, 10 Pro, 9 Pro, 8, 8 Pro, 7, 7T, 7 Pro Nord CE 2 5G, Nord CE 2 Lite 5G, 10R ...","3.7","4","349.00","1999.00","Mobile Phone","Budget","Average","Low"
"Robustrion Marble Series Smart Trifold Flip Stand Case Cover for iPad Air 5th Generation Cover/iPad Air 4th Generation iPa...","4.2","1529","649.00","2499.00","Tablet","Budget","Good","Moderate"
"Spigen Liquid Air Back Cover Compatible for Google Pixel 6a (TPU | Matte Black)","4.5","990","1099.00","1499.00","Mobile Phone","Economy","Excellent","Low"
"SpinBot BattleBudz W20 Wired in Ear Gaming Earphones with mic for Mobile, PC/Laptop, Xbox One, PS4, PS5 (Green)","3.5","267","729.00","999.00","Laptop","Budget","Average","Low"
"Dynotrek Protector 15.6 Inch Laptop Sleeve Case Cover with Charger Pouch Compatible for IdeaPad ThinkPad Pavilion Envy Wat...","4.1","1151","449.00","1549.00","Laptop","Budget","Good","Moderate"
"LIDDU Watch Strap Belt for Boat Xtend Smart Watch","3.8","398","299.00","499.00","Smartwatch","Budget","Average","Low"
"AFRITEE Desk Pad Protector Mat - Dual Side PU Leather Desk Mat Large Mouse Pad Waterproof Desk Organizers Office Home Tabl...","4.2","8217","498.00","1799.00","Accessories","Budget","Good","Popular"
"ProElite Smart Flip Case Cover for Apple iPad 10.2"" 9th Gen (2021) / 8th Gen / 7th Gen with Stylus Pen, Grey","4.3","11466","579.00","1999.00","Tablet","Budget","Good","Very Popular"
"Amazon Brand - Solimo Thermoplastic Polyurethane, Plastic Transparent Black Bumper Case, Hard Back and Soft Bumper Cover f...","4.0","62","149.00","499.00","Other","Budget","Good","Low"
"Vonzee Camera Lens Screen Protector For iPhone 14 6.1'' & iPhone 14 Plus 6.7'' Camera Lens Protector,[Anti-Scratch] Premiu...","4.4","8","199.00","899.00","Mobile Phone","Budget","Good","Low"
"BESTOR LCD Writing Tablet 10 Inch, Colorful Doodle Board Drawing Pad for Kids, Drawing Board Writing Board Drawing Tablet,...","3.8","693","449.00","999.00","Tablet","Budget","Average","Low"
"Dyazo USB Hub 5 in 1 , 3 USB Port 2.0 & 2 TF & SD Slots Data Transfer Upto 480Mbps Compatible for MacBook, , DELL , Comput...","4.1","1097","349.00","999.00","Laptop","Budget","Good","Moderate"
"Sounce Soft TPU Front Protection Case Cover for Samsung Galaxy Watch Active 2 44mm Smart Watch (Flexible/Silicone)","3.9","1505","249.00","999.00","Mobile Phone","Budget","Average","Moderate"
"Sansui 140 cm (55 inches) 4K Ultra HD Certified Android LED TV JSW55ASUHD (Mystique Black)","4.3","714","33990.00","56790.00","Television","Premium","Good","Low"
"Amazon Brand - Solimo Laptop Backpack for 15.6-inch Laptops (27 litres, Black)","3.9","1238","429.00","999.00","Laptop","Budget","Average","Moderate"
"HP CS10 Wireless Multi-Device Bluetooth Keyboard and Mouse Set, USB Plug and Play with 2.4 GHz Wireless Connection,800/120...","4.1","2340","1350.00","1999.00","Accessories","Economy","Good","Moderate"
"TheGiftKart Tough Armor OnePlus Nord (2020) Bumper Back Case Cover | Ring Holder & Kickstand in-Built | 360 Degree Protect...","4.3","3643","395.00","999.00","Mobile Phone","Budget","Good","Moderate"
"Lenovo Yoga Slim 7 Pro Intel Evo Core i5-11320H 14""(35.6cm) 2.8K Laptop(16GB/512GB SSD/Win11/MSO 2021/90Hz/3Yr Brand Warra...","4.2","104","69990.00","106290.00","Laptop","Luxury","Good","Low"
"Cezo 40X60 Magnification Zoom HD,Monocular Telescope for Adults and Children,High Power Telescope Gadget,Outdoor Telescope...","3.1","329","849.00","1999.00","Other","Budget","Average","Low"
"Wayona USB C to USB C 65W Short Powerbank fast charging cable compatible for Samsung Galaxy S22, S20 FE 2022, S21 Ultra, S...","4.3","3214","329.00","1999.00","Mobile Phone","Budget","Good","Moderate"
"GM 3040 Square 2 Pin Flex Box 5 Mtr. with Handle, Indicator & International Socket","4.4","8835","364.83","410.00","Other","Budget","Good","Popular"
"Camel Artist's Oil Color Box - 20ml tubes, 12 Shades","4.5","1418","900.00","950.00","Other","Budget","Excellent","Moderate"
"Fabtec Car Body Cover Compatible with Maruti Swift (2012-2017) with Mirror & Antenna Pockets (Heavy Duty, Full Sized, Trip...","3.9","595","885.00","1399.00","Other","Budget","Average","Low"
"Mivi DuoPods A350 Earbuds- 50hrs Playtime * *New Launch** True Wireless Earbuds with Rich Bass,13mm Dynamic Drivers, Fast ...","3.4","6704","1299.00","2999.00","Earbuds","Economy","Average","Popular"
"NOCXTUN USB Type C OTG Adapter USB Mouse, Pendrive Connector & 2in1 OTG Adapter, USB 3.0 Female to Micro-USBConnector Alum...","4.0","157","99.00","799.00","Accessories","Budget","Good","Low"
"OneAssist 2 Years Extended Warranty Plan for Headphones 2001 to 3000 - Email Delivery Within 2 Hours","4.0","60","349.00","789.00","Headphones","Budget","Good","Low"
"Inditradition 30x60 High Powered Binoculars | for Both Adults & Kids, Waterproof (Black)","3.4","1590","619.00","800.00","Other","Budget","Average","Moderate"
"Cosmic Byte Meteoroid Laptop Cooling Pad with 6 Fan Upto 17 inch laptops (Black/Blue)","3.8","696","1599.00","2199.00","Laptop","Economy","Average","Low"
"Spigen Ultra Hybrid Back Cover Case for iPhone 12 Mini (TPU + Poly Carbonate | Matte Black)","4.3","7337","899.00","2599.00","Mobile Phone","Budget","Good","Popular"
"Clapone 8X40 HD Professional Binocular for Long Distance Birds Watching Traveling Outdoor Sports, (Black Color)","4.7","12","1399.00","2999.00","Other","Economy","Excellent","Low"
"Spigen Liquid Crystal Back Cover Case for iPhone 14 Pro (TPU | Crystal Clear)","4.2","455","1199.00","1899.00","Mobile Phone","Economy","Good","Low"
"LINLO Tempered Glass Screen Protector Compatible for OnePlus Nord CE 2 Lite 5G with Edge to Edge Coverage and Easy Install...","3.9","1663","209.00","699.00","Mobile Phone","Budget","Average","Moderate"
"TheGiftKart Shockproof Crystal Clear Back Cover Case for Samsung Galaxy A33 5G | 360 Degree Protection | Protective Design...","4.3","231","284.00","999.00","Mobile Phone","Budget","Good","Low"
"ProElite Smart Flip Case Cover for Realme Pad X 11 inch Translucent Back with Stylus Pen, Navy","4.7","14","499.00","1999.00","Mobile Phone","Budget","Excellent","Low"
"Rossmax GB101 Aneroid Blood Pressure Monitor (Black)","4.1","1232","1029.00","1220.00","Monitor","Economy","Good","Moderate"
"Wildcraft Work Packs'18 21 Ltrs Black Laptop Backpack (Streak Plus)","4.4","1901","1498.00","1699.00","Laptop","Economy","Good","Moderate"
"TheGiftKart Back Cover Case for Samsung Galaxy F62 (Polycarbonate, TPU | Transparent | Black Bumper)","4.3","1822","259.00","999.00","Mobile Phone","Budget","Good","Moderate"
"Vrachos Bluetooth Extendable Selfie Stick with Wireless Remote, Adjustable and Rotatable Design Portable and Compatible fo...","4.5","57","349.00","1499.00","Other","Budget","Excellent","Low"
"SupCares Edge to Edge Tempered Glass for Google Pixel 7 (6.3 Inch) with Easy Self Installation Kit | Black","4.4","14","289.00","799.00","Mobile Phone","Budget","Good","Low"
"ProElite Deer Smart Flip case Cover for Samsung Galaxy Tab S6 Lite 10.4 Inch 2023/2022 SM-P610/P615/P613 with S Pen Holder...","4.5","3333","549.00","1999.00","Mobile Phone","Budget","Excellent","Moderate"
"Robustrion Deer Pattern Flip Stand Case Cover for Samsung Tab A7 Lite Cover 8.7 Inch Samsung Galaxy Tab A7 Lite Back Cover...","4.5","797","499.00","1999.00","Mobile Phone","Budget","Excellent","Low"
"ZEBRONICS Zeb-Vita Plus Mini 16 w Soundbar Supporting LED Display, USB, SD Card, AUX, FM, TWS & Call Function. (Blue)","3.9","3914","1299.00","2499.00","Earbuds","Economy","Average","Moderate"
"Xech Tellivibe Max Wireless Bluetooth Speaker with Phone Holder 5W with 6H Play Time Retro Radio Design with Mobile Stand ...","3.9","2788","999.00","3299.00","Mobile Phone","Budget","Average","Moderate"
"OpenTech® Screen Protector Compatible for Samsung Galaxy F41 / M21 / M31 / M30s / M30 / A30 / A50 / A50s (Matte Transparen...","3.9","8201","149.00","999.00","Mobile Phone","Budget","Average","Popular"
"uppercase 26 Ltrs Ryder Professional Laptop Backpack (15.6 Inch) 3x more water resistant sustainable bags with rain proof ...","4.8","18","2400.00","3200.00","Laptop","Economy","Excellent","Low"
"Newly Launched Fire_Bolt Ring 3 Smart Watch Charging Cable USB Fast Charger Magnetic Charging Cable Adapter (Charger only ...","3.1","45","249.00","999.00","Smartwatch","Budget","Average","Low"
"HARISSONS Bags Delta 39 L Polyester Navy Blue 15.6 inch Laptop Backpack with Built-in Rain Cover & Anti-Sweat Air Mesh | O...","4.2","1587","2071.00","2799.00","Laptop","Economy","Good","Moderate"
"Winble Silicone Back Cover for OnePlus Nord CE 2 5G Back Cover Camera Protection Soft Silicon Protective Back Cover Design...","4.0","304","299.00","999.00","Mobile Phone","Budget","Good","Low"
"TheGiftKart Tough Armor Bumper Back Case Cover for OnePlus Nord CE 2 5G | Ring Holder & Kickstand in-Built | 360 Degree Pr...","4.3","921","399.00","999.00","Mobile Phone","Budget","Good","Low"
"SENIOR WORLD Easyfone Elite with Sound Amplification - 2.3"" phone with 20+ senior citizen friendly features Dock charger/A...","3.8","1293","3899.00","4290.00","Accessories","Economy","Average","Moderate"
"AmazonBasics Wristband Strap for Fitbit Versa & Versa 2 Watch (Pack 3)","1.4","3","529.00","999.00","Other","Budget","Poor","Low"
"ProElite Smart Case for iPad Pro 12.9 inch 2022/2021 6th/5th Generation [Auto Sleep/Wake Cover] [Pencil Holder] [Soft Flex...","4.2","154","999.00","1999.00","Tablet","Budget","Good","Low"
"RangTeq Retractable Oval Badge with Key Chain ID Holder (Black), Pack of 10","4.1","374","310.00","699.00","Other","Budget","Good","Low"
"Zoul Nylon Braided USB to Lightning Short Data Sync & Fast Charging Power Bank Cable for iPhones, iPad Air, iPad Mini, iPo...","4.2","2454","349.00","1099.00","Mobile Phone","Budget","Good","Moderate"
"realme Pad WiFi+4G Tablet | 3GB RAM 32GB ROM (Expandable) | 26.4cm (10.4 inch) WUXGA+ Display | 7100 mAh Battery | Dolby A...","4.2","1250","15998.00","24999.00","Mobile Phone","Mid Range","Good","Moderate"
"Amazfit GTS 4 Mini Smart Watch, Alexa Built-in Fitness Tracker with 24H Heart Rate Blood Oxygen Monitor, 5 Satellite Posit...","4.1","1377","7999.00","10998.00","Monitor","Mid Range","Good","Moderate"
"URBN 10000 mAh Lithium_Polymer 15W Super Fast Charging Wireless Power Bank with 22.5W Type C PD (Input& Output) and QC 3.0...","3.6","280","1799.00","3499.00","Accessories","Economy","Average","Low"
"Hoteon 2500W Extension Board with USB Slots, Individual Switch & Safety Shutter, 4 USB Ports(3.4A) 4 Way Outlets Power Str...","4.5","3838","1709.00","2999.00","Other","Economy","Excellent","Moderate"
"Frexcez 5V/4A USB Vooc Flash Power Adapter Cable Wall Charger for Oppo F11 Pro & All Oppo Smartphone -Cable","4.1","699","289.00","999.00","Mobile Phone","Budget","Good","Low"
"Caprigo Heavy Duty TV Wall Mount Stand for 12 to 27 inches LED/LCD/Monitor Screen's, Full Motion Rotatable Universal TV & ...","4.2","269","599.00","1299.00","Television","Budget","Good","Low"
"Pikkme Back Cover for Samsung Galaxy M51 (Thermoplastic Polyurethane, Plastic|Black)","3.8","669","199.00","259.00","Mobile Phone","Budget","Average","Low"
"Portronics Power Brick II 10000 mAh Power Bank with LED Indicators, Fast Charging for Mobile & Other Devices(White)","3.5","235","749.00","1999.00","Mobile Phone","Budget","Average","Low"
"IRONFIX® (Pack of 4) Cable Protector Data Cable Saver Charging Cord Protective Cable Cover (4pc)","4.0","225","60.00","299.00","Other","Budget","Good","Low"
"Dyazo Mobile Stand Holder for Desk Sturdy, Anti-Slip , Height Angle Adjustable Mobile Holder Cellphone Holder Compatible w...","4.2","1888","379.00","799.00","Mobile Phone","Budget","Good","Moderate"
"Ringke Fusion-X Compatible For iPhone 14 Case Cover Transparent Hard Back Soft Flexible TPU Bumper Scratch Resistant Shock...","4.7","98","1499.00","2199.00","Mobile Phone","Economy","Excellent","Low"
"Samsung 8GB DDR4 PC4-19200, 2400MHz, 260 PIN SODIMM, CL 17, 1.2V, ram memory module, M471A1K43BB1-CRC","4.4","544","1790.00","5999.00","Other","Economy","Good","Low"
"Kabeer Art Mechanical Pencil With Clutch Mechanism For 2B, 4B, 6B, 8B Leads + 6 Lead Refills (4B/5.6mm)","4.2","337","331.55","450.00","Other","Budget","Good","Low"
"(Renewed) Dell Latitude Laptop E7470 Intel Core I5 - 6300U Processor, 16 Gb Ram & 256 Gb Ssd, 14.1 Inches Screen Windows 1...","3.3","366","20345.00","65999.00","Laptop","Premium","Average","Low"
"ProElite Smart Case Cover for Apple iPad Pro 11 inch (27.9cm) 2022/2021 4th/3rd Generation [Auto Sleep/Wake ], Translucent...","4.3","485","699.00","1999.00","Tablet","Budget","Good","Low"
"IRONFIX® Unbreakable Mobile Holder for Home Wall Charging, Wall Mount Phone Holder, Wall Mobile Charging Holder,Wall Holde...","4.0","2312","99.00","299.00","Mobile Phone","Budget","Good","Moderate"
"Fire-Boltt Dazzle Plus 1.83"" Smartwatch Full Touch Largest Borderless Display & 60 Sports Modes (Swimming) with IP68 Ratin...","4.1","1756","1399.00","11999.00","Monitor","Economy","Good","Moderate"
"Spigen Ultra Hybrid Back Cover Case Compatible with iPhone 14 Plus (TPU + Poly Carbonate | Crystal Clear)","4.6","326","1599.00","2599.00","Mobile Phone","Economy","Excellent","Low"
"CZARTECH Native Back Cover for iPhone 14 Plus Clear case (TPU + Tough Polycarbonate Back I 6 ft Drop Protection Tested I M...","4.4","536","499.00","1099.00","Mobile Phone","Budget","Good","Low"
"SKYSHOP® LBSTAR BM10 World's Smallest Mobile Phone Dual Sim Support with Bluetooth Dialer (Grey Color)","3.3","35","1799.00","2999.00","Mobile Phone","Economy","Average","Low"
"QZ USB 3.1 Type C Hub, USB C Hub, USB Type C to Ethernet Adapter, Type C to LAN RJ45, USB C to Ethernet Adapter [Thunderbo...","4.3","601","1695.00","2217.00","Accessories","Economy","Good","Low"
"TheGiftKart Protective Sleek Back Cover Case for Samsung Galaxy M21 / M21 2021 Edition / M30s | Soft TPU Rubberised Matte ...","4.1","6821","199.00","999.00","Mobile Phone","Budget","Good","Popular"
"AMiRiTE AGW01 20MM Stainless Steel Metal Bands Compatible for Samsung Galaxy Galaxy Watch5 Pro (45mm) Galaxy Watch5 (44mm...","4.2","217","885.00","1999.00","Mobile Phone","Budget","Good","Low"
"AMiRiTE AGW02 20MM Milanese Mesh Replacement Watch Bands / Straps Compatible with Samsung Galaxy Galaxy Watch5 Pro (45mm) ...","4.0","96","498.00","1999.00","Mobile Phone","Budget","Good","Low"
"Dynotrek Root 11.6-12.9 Inch Laptop Sleeve/Case/Cover with Handle for Men Women Compatible Chromebook/Tablet/iPad Waterpro...","4.0","157","299.00","1999.00","Laptop","Budget","Good","Low"
"TheGiftKart Crystal Clear Back Cover Case for Mi Redmi Note 11T 5G / Poco M4 Pro 5G | 360 Degree Protection | Shock Proof ...","4.2","618","251.00","999.00","Mobile Phone","Budget","Good","Low"
"Ant Esports GM400W RGB Wireless Gaming Mouse, Stylish Mouse for Ultimate Gaming, Upto 3200 DPI, 6 Buttons Durable Switche...","4.2","7667","501.47","1999.00","Accessories","Budget","Good","Popular"
"Pikkme Mi Redmi 10 / Redmi 10 Power Flip Cover | PU Leather Finish | 360 Protection | Wallet & Stand | Strong Magnetic Fli...","4.1","131","199.00","999.00","Mobile Phone","Budget","Good","Low"
"boAt Stone 1000v2 14W Bluetooth Speaker Signature Sound, Upto 8 Hours Playback, Rugged Design, Integrated Controls, Blueto...","4.3","40917","3499.00","6990.00","Speakers","Economy","Good","Very Popular"
"Car Charger, 120W Car Cigarette Lighter Splitter with QC3.0 & 2.4A USB Ports, PD Charging Port 12V/24V Car Charger Car Lig...","4.0","78","879.00","1262.00","Accessories","Budget","Good","Low"
"CASEOLOGY by Spigen Vault Back Cover Case for Samsung Galaxy S21 FE 5G (TPU | Matte Black | Texture)","4.3","647","1199.00","1799.00","Mobile Phone","Economy","Good","Low"
"TheGiftKart Crystal Clear Back Case Cover for Google Pixel 7 | Shockproof 360 Degree Protection | Camera Protection Bump |...","4.3","87","284.00","999.00","Mobile Phone","Budget","Good","Low"
"Spigen Ultra Hybrid Back Cover Case Compatible with iPhone 14 (TPU + Poly Carbonate | Frost Black)","4.6","174","1599.00","2599.00","Mobile Phone","Economy","Excellent","Low"
"IFB 6.5 Kg 5 Star Top Load Washing Machine Aqua Conserve (TL-REWS 6.5KG AQUA, White, 2X Power Dual Steam, Inbuilt Heater)","4.3","2678","20490.00","23250.00","Other","Premium","Good","Moderate"
"Tukzer Lap Desk Fits up to 17-Inch Laptop Angled Pillow Cushion with Built-in Mouse Pad & Phone Holder(Carbon Fiber)","4.0","754","1249.00","1999.00","Laptop","Economy","Good","Low"
"7SEVEN® Bluetooth Voice command Samsung Smart 4K Tv Remote Control Replacement of Original BN59-01312F Samsung Ultra Curve...","3.0","98","1449.00","2999.00","Television","Economy","Average","Low"
"Vemigon Compatible with Apple Watch Straps with Rugged Case Bumper, Crystal Bands with Shockproof Protective Cover for iWa...","3.7","417","628.00","1199.00","Other","Budget","Average","Low"
"Acko 1 Year Extended Warranty for Tablets Between INR 10,001-20,000 (Email Delivery)","4.0","271","349.00","799.00","Tablet","Budget","Good","Low"
"Tombow Zero Pen Type Eraser Round Shape 2.3 mm Tip Mono-Shade with Extra Refill Pack (White)","4.5","184","299.00","450.00","Other","Budget","Excellent","Low"
"TERABYTE HDMI to VGA 1080P HDMI Male to VGA Female Video Converter Adapter Cable for PC Laptop HDTV Projectors and More De...","3.7","174","189.00","899.00","Laptop","Budget","Average","Low"
"REALCASE Designed for iPhone 14 Back Cover Case | Stylish Frameless Matte Hard Skin | Soft TPU Shock Proof Bumper Back Cov...","4.8","8","348.00","999.00","Mobile Phone","Budget","Excellent","Low"
"Akai Professional MPK mini MK3 25 Key USB MIDI Keyboard Controller with 8 Backlit Drum Pads, 8 Knobs and Music Production ...","4.3","19580","8727.00","11902.00","Accessories","Mid Range","Good","Very Popular"
"Upix® AC Remote No. 29C, Compatible for Panasonic AC Remote Control (Exactly Same Remote Will Only Work)","4.2","351","449.00","899.00","Other","Budget","Good","Low"
"KRISONS Thunder Speaker, Multimedia Home Theatre, Floor Standing Speaker, LED Display with Bluetooth, FM, USB, Micro SD Ca...","3.8","363","2190.00","3999.00","Speakers","Economy","Average","Low"
"CEDO Clear Case for iPhone 13 Pro | Soft Flexible Full Protection Shock Proof TPU Back Cover for iPhone 13 Pro (Transparent)","4.1","66","199.00","999.00","Mobile Phone","Budget","Good","Low"
"Ant Esports VS450L 450 Watt Non-Modular Continuous Power Gaming Power Supply/PSU for PC","4.3","2850","1865.00","2399.00","Other","Economy","Good","Moderate"
"POPIO Tempered Glass Compatible for iPhone 14 Pro Max (Transparent) Edge to Edge Full Screen Coverage with Installation Ki...","4.2","939","150.00","599.00","Mobile Phone","Budget","Good","Low"
"(Renewed) HP Chromebook C640 10th Gen Intel Core i5 Thin & Light FHD Laptop (8 GB DDR4 RAM/64 GB eMMC SSD/14"" (35.6 cm) FH...","3.4","7","20999.00","89999.00","Laptop","Premium","Average","Low"
"Blaupunkt EM10 in-Ear Wired Earphone with Mic and Deep Bass HD Sound Mobile Headset with Noise Isolation and with customis...","4.0","8565","599.00","1299.00","Mobile Phone","Budget","Good","Popular"
"realme Pad Mini WiFi Tablet | 4GB RAM 64GB ROM (Expandable), 22.1cm (8.7 inch) Cinematic Display | 6400 mAh Battery | Dual...","4.0","215","12926.00","19999.00","Mobile Phone","Mid Range","Good","Low"
"Spigen Liquid Air Back Cover Case for iPhone Xs | iPhone X (TPU | Matte Black)","4.5","12607","999.00","1699.00","Mobile Phone","Budget","Excellent","Very Popular"
"HS04 Laptop Battery Compatible for HP 240 G4 G5 245 G4 G5 246 G4 G5 250 G4 G5 255 G4 G5 256 G4 G5 340 G3 346 G3 348 G3 348...","4.0","144","1549.00","2499.00","Laptop","Economy","Good","Low"
"CodersParadise Pack of 57 Harry Potter Movie Stickers for Laptop, Journal, Diary, Guitar, Mobile Case - Aesthetic Waterpro...","4.7","92","299.00","899.00","Laptop","Budget","Excellent","Low"
"Verilux® 6 in 1 USB C Hub,Type C Hub with 4K HDMI Output, 55W PD Charging Port,100M Ethernet Hub,1 USB 3.0, 2 USB 2.0 USB ...","4.0","2489","1853.00","2759.00","Other","Economy","Good","Moderate"
"Bassoholic Two Way 6.5 Inches Coaxial High Bass Speakers for Car with Imported Rubber Edge Cone, Multicolor","3.8","21","1590.00","2990.00","Speakers","Economy","Average","Low"
"JULEX IR Security CCTV False Outdoor Camera Fake Dummy Security Camera Realistic Looking Dummy Security CCTV Fake Bullet C...","3.9","72","579.00","999.00","Television","Budget","Average","Low"
"Zitel® Charger Stand Compatible with Apple Watch Series 7/6/SE/5/4/3/2/1 (45mm, 44mm, 42mm, 41mm, 40mm, 38mm) Nightstand M...","4.3","417","389.00","999.00","Accessories","Budget","Good","Low"
"TP-Link ER605 (TL-R605) | Multi-WAN Wired Single_Band 1000 Mbps VPN Router | Up to 4 Gigabit WAN Ports | SPI Firewall SMB ...","4.2","1983","6728.00","8999.00","Networking","Mid Range","Good","Moderate"
"Dell Vostro 3420 Laptop,12th Gen Intel Core i5-1235U, 8GB & 512GB SSD, 14.0"" (35.56Cms) FHD WVA AG 250 nits, Windows 11 + ...","4.3","7","56990.00","83127.00","Laptop","Luxury","Good","Low"
"Corsair Vengeance LPX 8GB DDR4 3000 (PC4-24000) C16 PC Memory (CMK8GX4M1D3000C16)","4.6","6849","2245.00","6899.00","Other","Economy","Excellent","Popular"
"CEDO Redmi 9/9 Activ Back Cover | Matte Soft Silicon Flexible | Camera Bump Protection | All Side Shock Proof Rubberised B...","4.1","2827","149.00","999.00","Mobile Phone","Budget","Good","Moderate"
"Snazzy Bamboo Wood Foldable Portable Adjustable Height Multipurpose Laptop Table Lap Desk/Study Table/Writing Utility Tabl...","4.3","187","1645.00","1999.00","Laptop","Economy","Good","Low"
"Boult Audio XCharge Wireless in Ear Bluetooth Earphones with ENC Mic, 28H Playtime, Type-C Fast Charging (15Min=15Hrs Play...","3.5","689","854.00","4999.00","Other","Budget","Average","Low"
"Apple iPhone 14 (128 GB) - Yellow","4.5","493","74900.00","79900.00","Mobile Phone","Luxury","Excellent","Low"
"SKY HUB V380 HD 1080P Night Vision Wireless WiFi IP Camera with 2 Way Audio and Upto 128 GB SD Card Support CCTV Camera, B...","3.4","252","1249.00","1999.00","Television","Economy","Average","Low"
"BigPassport 1080P/30fps 5P lens Full HD Webcam with Tripod & Inbuilt Microphone, Advanced Human Face Detection, Laptop Des...","3.9","2290","1580.00","3999.00","Laptop","Economy","Average","Moderate"
"HP 14s, AMD Ryzen 5-5500U 14 inches(35cm) FHD, IPS, Micro-Edge Display Laptop (8GB RAM/512GB SSD /Radeon Graphics/Windows ...","4.2","846","47890.00","57042.00","Laptop","Premium","Good","Low"
"Vivo Y35 (Dawn Gold, 8GB RAM, 128GB Storage) with No Cost EMI/Additional Exchange Offers","4.1","293","18499.00","22999.00","Mobile Phone","Mid Range","Good","Low"
"Logitech Brio Stream, Ultra 4K HD Video Calling, Optical Zoom, Noise-Canceling mic,HD Auto Light Correction, Works with Mi...","4.3","14054","16300.00","23599.00","Other","Mid Range","Good","Very Popular"
"POPIO Camera Lens Protector for iPhone 14 / iPhone 14 Plus (Transparent), Pack of 2","3.9","559","251.00","599.00","Mobile Phone","Budget","Average","Low"
"Mizi [2 Pack] Metal Anti Dust Plug, Protect Charging Port from Dust and Moist with Storage Box and Cable Clip Holder for i...","4.0","213","259.00","499.00","Other","Budget","Good","Low"
"GIZGA essentials (29cm x 24cm Gaming Mouse Pad, Laptop Desk Mat, Computer Mouse Pad with Smooth Mouse Control, Mercerized ...","4.4","404","149.00","699.00","Laptop","Budget","Good","Low"
"ProElite Tempered Glass Screen Protector for Apple iPad 10.2"" 9th/8th/7th Generation 2021 with Auto Alignment Kit","4.1","164","597.00","1999.00","Tablet","Budget","Good","Low"
"Seagate One Touch 4TB External HDD with Password Protection – Light Blue, for Windows and Mac, with 3 yr Data Recovery Ser...","4.5","28685","8699.00","13999.00","Other","Mid Range","Excellent","Very Popular"
"Tizum USB Type C to Type C 5A (100W) Braided Sync & Fast Charging Cable for Mobile, Laptop, Macbook & other Type-C devices...","5.0","41","449.00","1899.00","Laptop","Budget","Excellent","Low"
"iFFALCON 80 cm (32 inches) HD Ready LED TV 32E32 (Black)","4.2","49","6999.00","18990.00","Other","Mid Range","Good","Low"
"Dell 40Whr 14.8V 4 Cell Battery for M5Y1K 453-BBBR HD4J0 GR437 W6D4J 451-BBUD","4.0","409","2199.00","4199.00","Other","Economy","Good","Low"
"Boult Audio ProBass Curve-X Bluetooth Earphones with Fast Charging & 15H Battery Life, Extra Bass, IPX5 Water Resistant He...","3.6","4079","999.00","4499.00","Other","Budget","Average","Moderate"
"PALAY BTS School Backpack Kpop Theme BTS Bangtan Girls Casual Backpack","3.5","155","1569.00","2140.00","Other","Economy","Average","Low"
"BlueRigger in-Wall High Speed 18Gbps HDMI Cable - CL3 Rated - Supports 4K 60Hz, Ultra HD, 3D, 1080p, Ethernet and Audio Re...","4.4","44647","399.00","18899.00","Other","Budget","Good","Very Popular"
"VEMIGON Alpine Loop Compatible with Apple Watch Straps 49mm 45mm 44mm 42mm and 41mm 40mm 38mm, Nylon Textile Woven Loop wi...","3.4","41","698.00","1197.00","Other","Budget","Average","Low"
"ProElite Smart Flip Case Cover for Apple iPad 10.2"" 9th Gen (2021) / 8th Gen / 7th Gen with Stylus Pen, Gold","4.3","11466","549.00","1999.00","Tablet","Budget","Good","Very Popular"
"BRUSTRO A3 Double Sided Self Healing Eco Friendly 5 Layers Cutting Mat Metric/Imperial 45cm x 30cm Black","4.6","393","499.00","840.00","Other","Budget","Excellent","Low"
"Amazon Brand - Solimo Acrylic 360 Protection Border Back Cover for LG G8X ThinQ (Black)","4.0","98","189.00","499.00","Other","Budget","Good","Low"
"Seagate BarraCuda 1 TB Internal Hard Drive HDD 3.5 Inches (8.8 cm) SATA 6 Gb/s 7200 RPM 64 MB Cache for Computer Desktop P...","4.3","34838","3599.00","3999.00","Other","Economy","Good","Very Popular"
"JBL Tune 500BT by Harman Powerful Bass Wireless On-Ear Headphones with Mic, 16 Hours Playtime & Multi Connect Connectivity...","3.7","84439","2799.00","3799.00","Headphones","Economy","Average","Very Popular"
"ZEBRONICS Firestorm Gaming Mouse pad for All Mouse sensors with Micro-Textured Fabric Surface, Anti Slip Rubber Base, 350x...","4.6","156","249.00","499.00","Accessories","Budget","Excellent","Low"
"SanDisk® Ultra Curve USB 3.2 128GB 100MB/s R Green","4.2","2321","838.00","1700.00","Other","Budget","Good","Moderate"
"CEDO Back Cover Redmi 9 Prime | Matte Soft Silicon Flexible | Camera Bump Protection | All Side Shock Proof Rubberised Bac...","4.1","1100","149.00","999.00","Mobile Phone","Budget","Good","Moderate"
"SNOOZEHUB m i New Version Smart Watch - ID116 Bluetooth Smartwatch Touch Screen Bluetooth Smart Watch Daily Activity Track...","3.2","11","349.00","1199.00","Smartwatch","Budget","Average","Low"
"Blaupunkt EM01 in-Ear Wired Earphone with Mic and Deep Bass HD Sound Mobile Headset with Noise Isolation and with customis...","4.0","2211","499.00","1099.00","Mobile Phone","Budget","Good","Moderate"
"KABEER ART 3 Sizes Water Brush Pen for Watercolor Calligraphy Drawing Tool Marker","4.1","1270","189.05","400.00","Other","Budget","Good","Moderate"
"Winble Silicone Camera Protection Soft Silicon Protective Back Cover Back Cover Back Cover for OnePlus Nord CE 2 Lite 5G D...","4.0","290","299.00","999.00","Mobile Phone","Budget","Good","Low"
"Crysendo 60mm / 6cm Cushion for Jabra Evolve 30/20/ 65 UC/ BIZ2400 Headphone | Replacement Memory Foam & Softer Protein Le...","4.3","123","499.00","849.00","Headphones","Budget","Good","Low"
"Tough Lee (Pack of 2 Tempered Glass Screen Guard for Samsung Galaxy F04 / M04 / M13 / M13 5G / M33 5G / M42 5G / M12 / M02...","4.0","2415","255.00","999.00","Mobile Phone","Budget","Good","Moderate"
"CEDO Samsung M31 / F41 / M31 Prime Tempered Glass | Screen Protector Full HD Quality Edge to Edge Coverage for Samsung Gal...","3.8","5189","199.00","999.00","Other","Budget","Average","Popular"
"iPhone Original 20W PD QC Charger Compatible with iPhone 14,14 Pro 13,13 Pro Max,12,11,X Series|Pd Superfast Charger Adapt...","3.2","29","799.00","1999.00","Mobile Phone","Budget","Average","Low"
"Huion H610Pro V2 Digital Drawing Tablet Graphic Pen Tablet 10"" x 6.25"", 8192 Pressure Sensitivity with Battery-Free Stylus...","4.3","494","3999.00","8879.00","Tablet","Economy","Good","Low"
"SPYKART 2022 Rearview Mirror Phone Holder for Car, Multifunctional Rearview Mirror Phone Holder, Universal 360° Car Rearvi...","2.9","130","299.00","1199.00","Other","Budget","Poor","Low"
"Duracell Ultra Alkaline AA Batteries, Pack of 6","4.5","28976","285.00","300.00","Other","Budget","Excellent","Very Popular"
"FATMUG Laptop Bag For Men - Convertible Backpack For Office And Travel (Light Grey Oxford Fabric)","4.4","1670","1499.00","2999.00","Laptop","Economy","Good","Moderate"
"Pikkme Samsung Galaxy J7 Prime Flip Cover Magnetic Leather Wallet Case Shockproof TPU for Samsung Galaxy J7 Prime (Blue)","4.1","1278","199.00","999.00","Mobile Phone","Budget","Good","Moderate"
"RAEGR Arc 400 Pro 15W Type-C PD |Made in India| Qi-Certified Wireless Charger with Fireproof ABS for iPhone 14/13/12/11 Se...","3.6","7889","799.00","2499.00","Mobile Phone","Budget","Average","Popular"
"HP USB 3.2 32GB Type C OTG Flash Drive x5600c (Grey & Black)","4.2","849","669.00","1350.00","Other","Budget","Good","Low"
"Zebronics Zeb-FIT3220CH Smart Fitness Watch with Full Touch TFT Round Display, Metal Body, Built-in Games, 7-day Data Stor...","3.9","1520","1099.00","4499.00","Monitor","Economy","Average","Moderate"
"HTY Educational English Learner Laptop with 20 Activity Games for Kids,color Blue","3.8","24","1499.00","2999.00","Laptop","Economy","Average","Low"
"Acer EB192Q 18.5 inch (46.99 Cm) 1366 x 768 Pixels HD LCD Monitor with LED Back Light Technology with HDMI, VGA Ports Inbo...","3.9","7","5499.00","8599.00","Mobile Phone","Mid Range","Average","Low"
"CableCreation Usb C To Micro B 3.0 (Gen 2/10G), 1Ft Usb 3.1 Type C Cable Braided For Macbook (Pro), Hdd External Hard Driv...","4.4","10581","683.00","3198.00","Laptop","Budget","Good","Very Popular"
"LUVYANSH Writing Table TOP Elevator Desk (P.S Sheets)7m.m Small Size (12 * 16) inch Transparent Clear with Height Adjustab...","4.1","933","1600.00","3200.00","Other","Economy","Good","Low"
"M.G.R.J® Portable Carrying Case Cover for Marshall Emberton/Marshall Emberton II Bluetooth Portable Speaker (Hard|EVA|Black)","4.5","96","859.00","999.00","Speakers","Budget","Excellent","Low"
"Matlek 2.4G Small Wireless Keyboard - Ergonomic and Comfortable Keyboard for - Desktop, Laptop, Tabs, Mobile Phones, Smart...","3.8","157","649.00","990.00","Laptop","Budget","Average","Low"
"CROSSVOLT Type C VOOC Flash Charging Cable Compatible for Oppo Reno/2/2Z/2F/Reno 10x Zoom/k3(C Type Cable Charger)","4.2","550","289.00","999.00","Mobile Phone","Budget","Good","Low"
"TP-Link 300Mbps 2.4GHz Wireless 3G/4G Portable Router with Access Point/WISP/Router Modes (TL-MR3020), Travel-sized Desig...","3.9","7675","1399.00","2199.00","Networking","Economy","Average","Popular"
"ADDMAX Extension Cord with USB Port – 10A 220V-50/60Hz [6 Outlet with 2 USB Port] [Fire Proof] [Smart USB Charging Port][M...","4.1","8736","590.00","1299.00","Other","Budget","Good","Popular"
"ABOUTTHEFIT 20W USB-C Power Adapter Fast Charger Compatible for iPhone 12, iPhone 11, iPad Pro 2020,Samsung S20, Note 10 P...","3.7","403","395.00","1499.00","Mobile Phone","Budget","Average","Low"
"CEDO Redmi 8 Back Cover | Matte Soft Silicon Flexible | Camera Bump Protection | All Side Shock Proof Rubberised Back Case...","4.0","94","199.00","999.00","Mobile Phone","Budget","Good","Low"
"(Renewed) CP Plus 1080P Full HD Smart WiFi Camera |360° with Pan & Tilt | View and Talk | Motion Alert | Night Vision |SD ...","3.5","3","1399.00","1692.00","Camera","Economy","Average","Low"
"TheGiftKart Sleek Back Cover Case for iPhone SE 2020 / iPhone SE 2022 | Protective & Slim Fit | Ultra Matte Finish | Camer...","4.7","22","269.00","999.00","Mobile Phone","Budget","Excellent","Low"
"talotech Neckband Earphones Wireless Bluetooth Headphone 100Hrs Playtime Wireless In Ear Headset with Display Hi-Fi Stereo...","3.1","161","1080.00","1999.00","Headphones","Economy","Average","Low"
"Portronics Mport 51 5-in-1 Type C HUB with RJ 45 Ethernet Port, 5Gbps Data Transfer, HDMI Port, USB 3.0, PD Quick Charge, ...","3.9","54","1899.00","3999.00","Other","Economy","Average","Low"
"Spigen Ultra Hybrid Back Cover Case Compatible with Oneplus Nord (TPU + PC | Black)","4.4","3440","1399.00","2199.00","Mobile Phone","Economy","Good","Moderate"
"Lenovo Casual Laptop Backpack B210 39.62 cm (15.6-inch) Water Repellent Blue","4.2","54595","800.00","1500.00","Laptop","Budget","Good","Very Popular"
"Lenovo IdeaPad Slim 3 Intel Core i3 11th Gen 15.6"" (39.62cm) FHD Laptop (8GB/256GB SSD/Win 11/Office 2021/2 Year Warranty/...","4.0","95","34990.00","62190.00","Laptop","Premium","Good","Low"
"Samsung T7 500GB Up to 1,050MB/s USB 3.2 Gen 2 (10Gbps, Type-C) External Solid State Drive (Portable SSD) Blue (MU-PC500H)","4.6","20808","6199.00","12999.00","Other","Mid Range","Excellent","Very Popular"
"Beetel M71 Corded Landline Phone Black","4.0","933","1430.00","1599.00","Other","Economy","Good","Low"
"Amozo Tough Rugged Shockproof TPU Cover Case Compatible with AirPods Pro 2 / AirPods Pro GEN-2 (2022) - (Carbon Texture, T...","4.0","11","349.00","1299.00","Earbuds","Budget","Good","Low"
"KINGONE Stylus Pen for iPad with Palm Rejection, Tilt Sensitive and Magnetic Design, Digital Pencil Compatible with 2018 a...","4.2","10286","1899.00","5999.00","Tablet","Economy","Good","Very Popular"
"(Renewed) OnePlus 6T (Mirror Black, 6GB RAM, 128GB Storage)","3.4","593","14399.00","37999.00","Mobile Phone","Mid Range","Average","Low"
"Robustrion Smart Trifold Hard Back Flip Stand Case Cover for iPad Air 3 / iPad Air 3rd Generation Cover 10.5 inch - Black","4.2","189","599.00","1999.00","Tablet","Budget","Good","Low"
"Generic Universal Microphone Shock Mount Cradle Holder Clip Stand Mic-57000479MG","3.7","826","315.00","399.00","Other","Budget","Average","Low"
"WOWSOME Silver Universal Conversion Plug - 3 Pin Socket Worldwide Adaptor UK/US/EU/AU To Indian (2pcs)","4.1","302","251.00","400.00","Other","Budget","Good","Low"
"Planet Waves Lemon Oil_Natural cleaner and conditioner Protects your (Guitar)","4.5","1757","417.00","500.00","Other","Budget","Excellent","Moderate"
"Portronics Toad 27 Wireless Mouse, Silent Buttons, 2.4 GHz with USB Nano Dongle for PC/Mac/Laptop, Auto Power Saving Mode,...","4.0","55","499.00","599.00","Laptop","Budget","Good","Low"
"TheGiftKart Genuine Liquid Silicone Back Cover Case for iPhone 14 PRO | Soft Micro-Fibre Lining Inside | Camera Protection...","5.0","3","279.00","999.00","Mobile Phone","Budget","Excellent","Low"
"BabyMoon Synthetic (Set of 2) Crochet Mermaid New Born Baby Photography Shoot Props Costume (6-18 Months, Pink)","4.0","218","669.00","3000.00","Other","Budget","Good","Low"
"Tukzer Universal Replacement Disc Tips Precision Round Shape Replaceable Stylus Pen Disc Tips for Touch Screen Devices – (...","3.8","17369","329.00","899.00","Other","Budget","Average","Very Popular"
"Samsung 980 500GB Up to 3,500 MB/s PCIe 3.0 NVMe M.2 (2280) Internal Solid State Drive (SSD) (MZ-V8V500)","4.6","15817","4649.00","8999.00","Other","Economy","Excellent","Very Popular"
"Spigen Rugged Armor Back Cover Case for iPhone 12 and iPhone 12 Pro (TPU | Matte Black)","4.5","4259","1299.00","2199.00","Mobile Phone","Economy","Excellent","Moderate"
"TheGiftKart Shockproof Crystal Clear Back Cover Case for Mi Redmi Note 12 Pro 5G | 360 Degree Protection | Protective Desi...","3.7","37","199.00","999.00","Mobile Phone","Budget","Average","Low"
"FUR JADEN Faux Leather 15.6 Inch Premium Laptop Backpack 32L with Internal Organizer, 2 Large Compartments","5.0","50","2199.00","3500.00","Laptop","Economy","Excellent","Low"
"Sangra Printed Bookmarks of Synthetic Paper | Book Lovers Gift | Gift for Readers| Pack of 21","3.9","678","199.00","249.00","Other","Budget","Average","Low"
"JB SUPER Mini Bluetooth Speaker WS 887 with FM Radio, USB Pen Drive Slot and Memory Card Slot, AUX Input Mode Speaker","4.4","5576","499.00","1999.00","Speakers","Budget","Good","Popular"
"Pikkme Redmi 9 Prime/Poco M2 Flip Cover Case | Leather flip Back Covers Cases for Redmi 9 Prime/Poco M2 (Blue)","4.2","1240","199.00","999.00","Mobile Phone","Budget","Good","Moderate"
"Dell Laptop Charger 65W watt AC Power Adapter 7.4mm Tip, 19.5V 3.34A for Dell Latitude E5440 E5470 7480 E6540 E7440 E7450 ...","1.0","1","1399.00","2500.00","Laptop","Economy","Poor","Low"
"Croiky Quick Release Watch Band 22mm, Rubber Leather Silicone Hybrid Watch Strap for Galaxy Watch 46mm | Galaxy Watch 3 45...","3.8","301","911.00","1899.00","Mobile Phone","Budget","Average","Low"
"tizum USB Type C to USB 3.0 OTG Cable/Adapter/Connector, Fast Charging/Data Transfer, Speed Upto 4.8 GBPS, Compatible with...","4.3","1308","249.00","1499.00","Accessories","Budget","Good","Moderate"
"DR VAKU® 20W iPhone Charger Type C Adapter for iPhone 14/14 Plus/14 Pro,13/13 Pro/13 Mini,12/12 Mini,11 Series With PD 3....","4.4","11273","899.00","1599.00","Mobile Phone","Budget","Good","Very Popular"
"iQOO Neo 6 5G (Maverick Orange, 12GB RAM, 256GB Storage) | Only Snapdragon 870 in The Segment | 50% Charge in Just 12 Mins...","4.4","22194","32999.00","39999.00","Other","Premium","Good","Very Popular"
"TheGiftKart Back Cover for OnePlus Nord 2 5G (Poly Carbonate, Polymer | Blue)","4.2","1951","369.00","999.00","Mobile Phone","Budget","Good","Moderate"
"Nilkamal Inspiron Portable Laptop Table (Walnut, Polyvinyl Chloride, Pack Of 1)","3.8","1465","1120.00","2100.00","Laptop","Economy","Average","Moderate"
"Zapcase Back Case Cover for Mi Redmi Note 10 Lite/Redmi Note 9 Pro/Redmi Note 9 Pro Max/Poco M2 Pro | 360 Degree Back Cove...","3.5","8","229.00","899.00","Mobile Phone","Budget","Average","Low"
"boAt 102 Bluetooth Wireless in Ear Earphones with Mic (Red)","3.7","4967","1099.00","1990.00","Other","Economy","Average","Moderate"
"ProElite Smart Deer Flip case Cover for Samsung Galaxy Tab A7 10.4 inch SM-T500/T505/T507, Wine Red","4.5","5201","499.00","1999.00","Mobile Phone","Budget","Excellent","Popular"
"Western Digital WD Blue SN570 NVMe 250GB, Upto 3300MB/s, with Free 1 Month Adobe Creative Cloud Subscription, 5 Y Warrant...","4.6","30141","2944.00","3467.00","Other","Economy","Excellent","Very Popular"
"Spigen Ultra Hybrid Pro Back Cover Case Compatible with iPad Pro 11 inch (Version 2) (2022 | 2021) - Matte Black","4.3","556","2999.00","4199.00","Tablet","Economy","Good","Low"
"CEDO Xiaomi 11i (5G) / 11i HyperCharge (5G) Case Back Cover Shockproof Bumper Crystal Clear | 360 Degree Protection TPU+PC...","4.3","503","229.00","999.00","Other","Budget","Good","Low"
"JK Excel Bond - A4, 100 Sheets, 90 GSM (Pack of 3)","4.5","552","360.00","550.00","Other","Budget","Excellent","Low"
"KIPZO® Type C to 3.5mm Headphone Earphone Audio Jack Stereo Converter Connector Adapter for Samsung S10 Lite M40 S20 A80 S...","3.8","42","340.00","899.00","Headphones","Budget","Average","Low"
"ETUZI Silicone Remote Cover Compatible for Fire TV Stick (3rd Gen, 2021) with All-New Alexa Voice Remote Case (Remote Not ...","4.1","109","249.00","999.00","Television","Budget","Good","Low"
"Amazon Basics USB Type-C to USB-A 2.0 Male Fast Charging Cable for Laptop - 6 Feet (1.8 Meters), White","4.3","8009","279.00","795.00","Laptop","Budget","Good","Popular"
"Smashtronics® - Case for Firetv Remote, Fire Stick Remote Cover Case, Silicone Cover for TV Firestick 4K/TV 2nd Gen(3rd Ge...","4.2","1407","199.00","499.00","Television","Budget","Good","Moderate"
"ZOUK Women Messenger Bag Beige","4.4","251","1699.00","4863.00","Other","Economy","Good","Low"
"PITARA Multi-Purpose Laptop Table| Study Table| Bed Table| Writing Desk| Laptop Workbench with tab, Mobile, Foldable and P...","3.6","9","539.00","1999.00","Laptop","Budget","Average","Low"
"Elecshion (Full-Coverage) Privacy Screen Protector for iPhone 11 and iPhone XR(2 Pack), Anti-spy Tempered Glass Screen Pro...","4.4","6518","399.00","999.00","Mobile Phone","Budget","Good","Popular"
"CEDO Hard Plastic Case OnePlus Nord Ce 2 Lite (5G) | Rotating Ring Holder & Kickstand in-Built | Military Grade Armor | Bu...","4.0","114","299.00","999.00","Mobile Phone","Budget","Good","Low"
"ESR Magnetic Case for iPad Air 5th Generation Case (2022), iPad Air 4th Generation (2020), iPad Pro 11 (2018), Magnetic At...","4.5","19274","1899.00","3599.00","Tablet","Economy","Excellent","Very Popular"
"EVM 128GB SSD 2.5"" INCH SATA","4.2","542","898.00","2999.00","Other","Budget","Good","Low"
"Basesailor Samsung Charger Original 25W C-Type Super Fast Charger Adapter with Cable Set Charger for Galaxy S22/S21+/S21 U...","3.5","511","1019.00","2999.00","Mobile Phone","Economy","Average","Low"
"TheGiftKart Tough Armor Bumper Back Case Cover for Realme 10 Pro Plus 5G | Ring Holder & Kickstand in-Built | 360 Degree P...","4.0","21","349.00","999.00","Mobile Phone","Budget","Good","Low"
"Pikkme Samsung Galaxy A50 / A50s / A30s Smoke Cover Protective Shockproof Matte Hard Back Case Cover for Samsung Galaxy A5...","4.0","1114","199.00","999.00","Mobile Phone","Budget","Good","Moderate"
"NOCXTUN 360 Degree Rotation Mini Tripod Support Stand for DSLR and Smartphones - Foldable Shockproof Lightweight Bracket f...","3.9","3","99.00","799.00","Mobile Phone","Budget","Average","Low"
"Spigen Ultra Hybrid Back Cover Case Compatible with iPhone 14 Plus (TPU + Poly Carbonate | Matte Black)","4.4","62","1599.00","2599.00","Mobile Phone","Economy","Good","Low"
"M.G.R.J® PC Plastic Frame Shell Anti Scratch Shockproof Case Cover Compatible for Apple Watch Series 8/7 (45mm) (Black)","3.5","113","228.00","999.00","Other","Budget","Average","Low"
"Microware Audio Video Capture Cards，HDMI to USB2.0 Full HD 1080p Record,via DSLR Camcorder Action Cam for High Definition ...","4.1","3655","580.00","1999.00","Camera","Budget","Good","Moderate"
"Electvision Remote Control for LED or LCD TV Compatible with Kodak/Thomson Televisions Small (Please Match The Image with ...","3.8","230","269.00","1999.00","Television","Budget","Average","Low"
"Sky Edeal Mi Remote Control with Netflix & Prime Video Button Compatible for Mi 4K LED Smart TV 4A Remote Control (32""/4...","3.6","191","625.00","1499.00","Television","Budget","Average","Low"
"OnePlus 11R 5G Aramid Fiber Case Black in","2.5","3","1299.00","1499.00","Mobile Phone","Economy","Poor","Low"
"Gaiatop Mini Handheld Fan, Portable Personal Folding Cooling Hand Fan Rechargeable Battery Operated Power Bank with 2 Spee...","4.0","175","499.00","899.00","Accessories","Budget","Good","Low"
"ZEBRONICS Zeb-Sound Bomb N1 True Wireless In Ear Earbuds with ENC, Gaming Mode (up to 50ms), up to 18H Playback, Bluetooth...","3.5","2347","899.00","4199.00","Earbuds","Budget","Average","Moderate"
"Tukzer Case Cover for Samsung Galaxy Tab A7 10.4"" (2020) - [SM-T500 / T505/ T507] Ultra Slim Microfibre Lining, Lightweigh...","4.2","2109","449.00","2499.00","Mobile Phone","Budget","Good","Moderate"
"Amazon Brand - Solimo Polycarbonate, Thermoplastic Polyurethane Back Cover for OnePlus 9R (Soft & Flexible Back Cover) Tra...","3.3","89","159.00","399.00","Mobile Phone","Budget","Average","Low"
"Winble Back Cover For OnePlus 9R ( Silicone|Black )","3.6","1698","299.00","999.00","Mobile Phone","Budget","Average","Moderate"
"Vipul Enterprise Multi-Purpose Wall Holder Stand for Charging Mobile Just Fit in Socket and Hang Pack of 1 (Mutlicolor)","4.5","6","177.00","499.00","Mobile Phone","Budget","Excellent","Low"
"CrossBeats Newly launched Ignite S5 Advanced AI ENC BT Calling Smartwatch, 1.96” AMOLED Screen, Always on Display, SnapCha...","4.2","170","4999.00","11999.00","Monitor","Economy","Good","Low"
"Amazon Brand - Solimo Back Cover Case for REDMI Note 4 | Compatible for REDMI Note 4 Back Cover Case | 360 Degree Protecti...","4.0","1285","139.00","299.00","Mobile Phone","Budget","Good","Moderate"
"CEDO Case iQOO Z6 Lite (5G) Case Back Cover Shockproof Bumper Crystal Clear | 360 Degree Protection TPU+PC | Camera Protec...","4.2","77","229.00","999.00","Camera","Budget","Good","Low"
"LG Ultragear Gaming- HDR 10-27Gn800, 27 Inch (68 Cm) 2K-Qhd 640 X 480 Pixels Resolution IPS with HDR 10-144Hz, 1Ms, G-Sync...","4.3","177","24699.00","36000.00","Mobile Phone","Premium","Good","Low"
"Infinity (JBL) Sonic B200WL, 160W Soundbar with Wireless Subwoofer, 2.1 Channel Home Theatre with Remote, Bluetooth, Optic...","3.9","4035","9499.00","17999.00","Speakers","Mid Range","Average","Moderate"
"HP Deskjet Ink Advantage 2338 All-in-One Printer, Scanner and Copier for Home for Home for Dependable Printing and scannin...","3.7","2018","4121.00","6979.00","Printer","Economy","Average","Moderate"
"Sound TECH LCD Writing Tablet for Kids Writing pad for Study, Drawing Tablet, Slate Board, 8.5 inch- E-Note Pad, Remove Bu...","3.6","178","167.00","499.00","Tablet","Budget","Average","Low"
"Nokia 6310 TA-1400 DS in Green","3.6","2023","3499.00","4499.00","Other","Economy","Average","Moderate"
"TheGiftKart Flip Back Cover Case for Redmi 11 Prime 5G | Dual-Color Leather Finish | Inbuilt Stand & Pockets | Wallet Styl...","4.4","74","299.00","999.00","Mobile Phone","Budget","Good","Low"
"Doodle Forever Mine Wiro Bound Undated Notebook Diary with Theme Based Dangler (8.5 X 6.5 inches, 80 GSM, 160 Pages) Love ...","4.3","494","266.00","445.00","Laptop","Budget","Good","Low"
"OCTRIX 5V/4A Micro USB Vooc Super Fast Data Sync Charging Cable Compatible for Oppo F9 F9 Pro Oppo F11 Pro and All Oppo Sm...","4.5","22922","299.00","3448.00","Mobile Phone","Budget","Excellent","Very Popular"
"7 in 1 Electronic Cleaner kit, Cleaning Kit for Monitor Keyboard Airpods MacBook iPad iPhone iPod, Screen Dust Brush Inclu...","5.0","2","349.00","699.00","Laptop","Budget","Excellent","Low"
"I KALL IK44 2.1 Home Theater with Bluetooth, Aux, USB and FM Connectivity (2.1, Black)","2.8","64","1499.00","2499.00","Other","Economy","Poor","Low"
"Redmi Note 10S (Cosmic Purple, 6GB RAM, 128GB Storage)  - Super Amoled Display | 64 MP Quad Camera | 6 Month Free Screen R...","4.2","221269","16499.00","18999.00","Mobile Phone","Mid Range","Good","Very Popular"
"TheGiftKart Sleek Back Cover Case for iQOO Neo 7 5G | Slim Fit Protective Design | Ultra Matte Finish | Camera Protection ...","4.0","16","269.00","999.00","Camera","Budget","Good","Low"
"Logitech MK275 USB Wireless Keyboard and Mouse Set for Windows, 2.4 GHz Wireless, Compact Wireless Mouse, 8 Multimedia & S...","4.1","2831","2130.00","3499.00","Accessories","Economy","Good","Moderate"
"Apple iPhone 12 (128GB) - Green","4.5","30123","59900.00","70900.00","Mobile Phone","Luxury","Excellent","Very Popular"
"NARGO Metal, Engineered Wood Smart Multipurpose Foldable and Portable Laptop Table with Cup Holder - Ergonomic & Rounded E...","3.9","519","399.00","999.00","Laptop","Budget","Average","Low"
"Voice Magic Remote AKB75855501 for LG AN-MR20GA AN-MR19BA Smart TV Magic Remote Replacement, with Pointer Function","3.9","180","1626.00","3499.00","Television","Economy","Average","Low"
"LOHAYA Remote Compatible for Sony Bravia LCD LED HD TV Remote Control Works with All Sony LED LCD HD Tv's [ Compatible for...","3.7","402","265.05","599.00","Television","Budget","Average","Low"
"FACTOR NOTES Notebook: 90 GSM, B6, Ruled, 112 Pages Journal Diary (Idea)","4.2","6674","98.00","199.00","Laptop","Budget","Good","Popular"
"Electvision Remote Control for LED or LCD TV Compatible with Realme Led TV (Without Voice mic Function)","3.7","203","349.00","999.00","Mobile Phone","Budget","Average","Low"
"(Renewed) Dell Latitude Laptop E5480 Intel Core i5 7th Gen. - 7300u Processor, 8 GB Ram & 512 GB SSD, 14.1 inches Full HD ...","4.3","11","20813.00","50000.00","Laptop","Premium","Good","Low"
"Boult Audio Airbass Z10 Bluetooth Truly Wireless in Ear Earbuds with Mic with 30H Playtime & Fast Charging with Type-C, Ip...","3.7","2329","1125.00","4999.00","Earbuds","Economy","Average","Moderate"
"Strauss Skipping Rope, (Grey/Blue)","4.0","11746","90.49","299.00","Other","Budget","Good","Very Popular"
"AHUJA Karaoke Microphone Aud54","3.8","1304","690.00","735.00","Other","Budget","Average","Moderate"
"Seagate Ultra Touch 1 TB External HDD USB-C USB 3.0, 1yr Mylio Create, 4 Months Adobe CC Photography Plan, and 3-Year Resc...","4.5","28685","4649.00","5999.00","Other","Economy","Excellent","Very Popular"
"Gizga Essentials Laptop Bag Sleeve Case Cover Pouch for 13.3-Inch Laptop for Men & Women Reversible Neoprene (Black + Red)","4.1","3629","209.00","499.00","Laptop","Budget","Good","Moderate"
"Duracell CHHOTA Power Alkaline AAA Batteries (Pack of 2) 8 Pcs","4.4","3806","181.00","190.00","Other","Budget","Good","Moderate"
"Saco Silicone Skin Keyboard Cover Compatible for 2019 and 2018 HP Pavilion 15-cs0053cl 15.6 inch Laptop - Black","4.3","564","373.00","900.00","Laptop","Budget","Good","Low"
"ProElite Smart Flip Case Cover for Apple iPad Air 5th/4th 10.9 inch , Translucent Back, Purple","4.3","2847","699.00","1999.00","Tablet","Budget","Good","Moderate"
"Quess Care Extended Warranty Plan for 1 Year for AC Between 30001 to 35000 (Email Delivery)","3.6","67","999.00","2019.00","Other","Budget","Average","Low"
"ESR Metal Kickstand Back Cover Case for Samsung Galaxy S22 Ultra Case,PC, Versatile Patented Kickstand, Crystal Clear Scra...","4.4","4175","1329.00","2499.00","Mobile Phone","Economy","Good","Moderate"
"JSB H03 Electric Heating Pad Multipurpose for Back, Shoulder & Legs Pain Relief with Adjustable Temperature & Velcro Belt","3.6","767","499.00","850.00","Other","Budget","Average","Low"
"Store2508 Model-P4 6-Way Swivel Tilt TV Wall Mount for LCD/LED TV's from 32"" to 55"" Inch","4.6","20","1599.00","2999.00","Television","Economy","Excellent","Low"
"SKYVIK TRUHOLD StickOn Magnetic Mount Mobile or Remote Holder for Car-Bike-Scooter-Home-Kitchen-Office-Desk-(Rectangular S...","4.3","953","799.00","1499.00","Mobile Phone","Budget","Good","Low"
"LOHAYA EN2BX27V Remote Replacement for VU FHD HD Android Smart TV Remote Control Model No :- 32US 43US 32GA 43GA [ Compati...","3.5","140","284.05","1199.00","Television","Budget","Average","Low"
"Noise Buds VS204 in-Ear Truly Wireless Earbuds with 50H of Playtime, ESR, Instacharge(10 min= 120 min), Hyper Sync,10mm Dr...","3.7","363","1499.00","3999.00","Earbuds","Economy","Average","Low"
"SanDisk ® Ultra Curve USB 3.2 256GB 100MB/s R Black","4.2","2321","1679.00","3400.00","Other","Economy","Good","Moderate"
"Maxima New Samurai Smartwatch 1.85"", 1st Time Call Accept Feature, Hindi Language Support, 600Nits Brightness, Longer Batt...","3.8","105","1499.00","5999.00","Smartwatch","Economy","Average","Low"
"Spigen Liquid Air Back Cover Case for iPhone XR (TPU | Matte Black)","4.5","19181","999.00","1699.00","Mobile Phone","Budget","Excellent","Very Popular"
"Rife Single Monitor Wall Mount Arm | VESA Wall Mount Monitor Arm | Full Motion Gas Spring Arm Fits 17 to 32 Inch Screens w...","4.3","44","2990.00","8500.00","Monitor","Economy","Good","Low"
"TGK Leather Flip Stand Case Cover for Nokia Tab T20 10.36 inch Tablet with Pencil Holder, Black","4.0","381","449.00","1499.00","Tablet","Budget","Good","Low"
"BlueRigger Toslink to Mini-Toslink Digital Optical S/PDIF Audio Cable (NOT a 3.5mm aux cable) with strain-relief PVC Jacke...","3.9","921","437.00","949.00","Other","Budget","Average","Low"
"POPIO Tempered Glass for Samsung Galaxy M31s / A51 (Transparent) Full Screen Coverage (except edges), Pack of 2","3.9","8759","226.00","599.00","Mobile Phone","Budget","Average","Popular"
"iSTAR TV Set Top Box Stand with Remote Holder Wall Mount Shelf DTH Stand for WiFi Router Stand All Type of Set Top Box (Bl...","3.8","151","252.00","899.00","Television","Budget","Average","Low"
"MFTEK 2000 dpi LED Backlit USB Wired Unbreakable ABS Body Gaming Mouse (Black)","4.3","3666","382.00","999.00","Accessories","Budget","Good","Moderate"
"Pikkme Realme 9 4G / Realme 9 Pro Plus 5G Back Cover Soft Matte Liquid Silicone TPU | Camera Protection | Shockproof Slim ...","3.9","20","199.00","999.00","Mobile Phone","Budget","Average","Low"
"Beetel M73 Caller ID Corded Landline Phone with 16 Digit LCD Display, Retro Design, Alphanumeric Keypad, 2-Way Speaker Pho...","4.0","9732","1620.00","1990.00","Speakers","Economy","Good","Popular"
"Iqoo neo 6 Camera Lens Protector Pack of 2","3.2","266","175.00","299.00","Camera","Budget","Average","Low"
"Tizum Extended Mouse Pad Blotter for Work from Home/Office/Gaming | Vegan PU Leather | Anti-Skid, Anti-Slip Extended Desk ...","4.5","1978","899.00","2499.00","Accessories","Budget","Excellent","Moderate"
"Spigen TPU Rugged Armor Cover Case for Apple Watch 8 (41mm), SE2 / 7/6 / SE / 5/4 (40mm) - Black (Watch not Included)","4.3","6748","899.00","1499.00","Other","Budget","Good","Popular"
"ZEBRONICS Zeb Duke 101 Wireless Headphone with Mic, Supporting Bluetooth 5.0, AUX Input Wired Mode, mSD Card Slot, Dual Pa...","3.9","11111","799.00","1899.00","Headphones","Budget","Average","Very Popular"
"TheGiftKart Shockproof Crystal Clear Back Cover Case for Samsung Galaxy A31 | 360 Degree Protection | Protective Design | ...","4.2","140","269.00","999.00","Mobile Phone","Budget","Good","Low"
"TheGiftKart Shockproof Crystal Clear Back Cover Case for Samsung Galaxy A13 4G | 360 Degree Protection | Protective Design...","4.2","204","269.00","999.00","Mobile Phone","Budget","Good","Low"
"Aroma® NB119 Care Bluetooth Wireless In Ear Neckband with Long Lasting Playtime 48 Hrs, Smart Voice Assistant, In-line Con...","3.3","185","391.00","1999.00","Other","Budget","Average","Low"
"CROSSVOLT Adjustable Mi Band 5 & Mi Band 6 Watch Silicone Strap Band - (Set 5)","4.1","679","299.00","999.00","Other","Budget","Good","Low"
"Amazon Brand - Solimo Silicone, Thermoplastic Polyurethane Anti Dust Plug Mobile Cover Soft and Flexible Back Cover for On...","4.1","81","139.00","499.00","Mobile Phone","Budget","Good","Low"
"GoPro AFTTM-001 Shorty Mini Extension Pole with Tripod (Black)","4.2","8953","2139.00","3400.00","Other","Economy","Good","Popular"
"Nik case 19mm Silicone Smartwatch Strap/Band with Black Metal Buckle Strap for Noise ColorFit Pulse, ColorFit Pro 2, Color...","5.0","2","289.00","599.00","Smartwatch","Budget","Excellent","Low"
"Set of 2 piece Mini USB LED Light Adjust Angle / bendable Portable Flexible USB Light with usb for power bank PC Laptop No...","3.7","12135","71.00","499.00","Laptop","Budget","Average","Very Popular"
"OpenTech® Tempered Glass Screen Protector Compatible for Samsung Galaxy M32 5G / A32 5G / M12 / A12 / M02 / M02s / A02 / A...","4.0","9927","251.00","999.00","Mobile Phone","Budget","Good","Popular"
"GIZGA essentials Rubber Extended Gaming Mouse Pad for Laptops, Laptop Desk Mat, Computer Mouse Pad with Smooth Mouse Contr...","4.4","239","149.00","699.00","Laptop","Budget","Good","Low"
"TheGiftKart Flip Back Cover Case for Motorola Moto G52 / G82 5G | Dual-Color Leather Finish | Inbuilt Stand & Pockets | Wa...","4.2","77","299.00","999.00","Other","Budget","Good","Low"
"APCSA mi Bluetooth Smartwatch Wireless Fitness Band for Boys, Girls, Men, Women & Kids | Sports Gym Watch for All Smart Ph...","3.2","18","399.00","1999.00","Smartwatch","Budget","Average","Low"
"Sounce Earphone Case Cover Compatible with Boat Airdopes 161, Soft Silicone Skin Case Cover Shock-Absorbing Protective Cas...","4.7","100","199.00","999.00","Earbuds","Budget","Excellent","Low"
"(Renewed) MI Women's Smart Band 5 India's No. 1 Fitness Band, 1.1-inches AMOLED Color Display, Magnetic Charging, 2 Weeks ...","3.6","1156","1699.15","2999.00","Monitor","Economy","Average","Moderate"
"VIBOTON USB 2.0 Wired Numeric Keypad Slim Mini Number Pad Digital Keyboard 18 Keys Numpad for iMac/Mac Pro/MacBook/MacBook...","4.0","425","399.00","999.00","Laptop","Budget","Good","Low"
"INEFABLE Mi Band 5 and 6 Strap Original Band Strap M5/M6 - Pack of 1 - Dark Grey - (Device Not Included - Not Compatible w...","4.0","14","99.00","399.00","Other","Budget","Good","Low"
"Zapcase Back Case Cover for Mi Redmi Note 8 Pro | Compatible for Mi Redmi Note 8 Pro Back Case Cover | Clear Case for Mi R...","3.3","17","229.00","899.00","Mobile Phone","Budget","Average","Low"
"Spigen Cyrill Leather Brick Back Cover Case Compatible with iPhone 12 Pro and iPhone 12 (2020) - Black","4.4","764","1799.00","2199.00","Mobile Phone","Economy","Good","Low"
"HDMI Extender,HDMI to RJ45 Network Cable Extender Converter Repeater Over cat 5e / 6 1080p up to 30m Extender for HDTV PS4...","3.8","380","295.00","599.00","Television","Budget","Average","Low"
"PiBOX India, Dual Bay USB 3.0 to SATA I, II, III Hard Drive Docking Station Upto 12TB for 2.5 or 3.5in HDD, SSD with Hard ...","4.1","323","2499.00","3999.00","Other","Economy","Good","Low"
"Amozo Sensor Protector Easy Fit Tempered Glass Screen Protector Guard for iPhone 14 Pro Max (with easy applicator) - Pack ...","4.0","473","474.00","1599.00","Mobile Phone","Budget","Good","Low"
"CEDO iPhone 11 Case Back Cover Shockproof Bumper Crystal Clear | 360 Degree Protection TPU+PC | Camera Protection | Acryli...","4.0","881","229.00","999.00","Mobile Phone","Budget","Good","Low"
"doodle - THE JOY OF WRITING Initial R Lasercut Soft Bound Diary Notebook for Girls (6.69 X 4.72 X 0.5 Inch, 80 GSM, 192 Pa...","4.3","3875","284.05","445.00","Laptop","Budget","Good","Moderate"
"tizum Hard EVA 8 x USB Flash Drives Carrying Case, Black","4.4","681","499.00","999.00","Other","Budget","Good","Low"
"Storin 14 inch Laptop Sleeve 14 inch Bag, Case, Pouch Reversible Black & Red Model for Dell,hp,acer,lenova,Apple,etc Laptops","4.2","191","145.00","999.00","Laptop","Budget","Good","Low"
"OREI US Adapter Converter for India, (USA, UK, China & More) Australia to India Plug Converter - Type D Plug Adapter - 2 i...","4.3","7836","611.00","999.00","Accessories","Budget","Good","Popular"
"ASUS Vivobook 14, 14.0-inch (35.56 cms) HD, Intel Core i3-1005G1 10th Gen, Thin and Light Laptop (8GB/512GB SSD/Integrated...","3.9","134","33990.00","51990.00","Laptop","Premium","Average","Low"
"Newly Launched Smart Watch Charging Cable, Watch Holder Magnetic 24k Gold Plated 2 pin Cable, Compatible with T55, T100, T...","3.6","67","199.00","999.00","Smartwatch","Budget","Average","Low"
"Amazfit GTS 4 Mini Smart Watch, Alexa Built-in Fitness Tracker with 24H Heart Rate Blood Oxygen Monitor, 5 Satellite Posit...","4.1","1377","7999.00","10999.00","Monitor","Mid Range","Good","Moderate"
"MYVN 5V/4A Compatible Vooc SuperFast Data Sync Charging Cable for Compatible for Oppo F9 F9 pro Oppo F11 Pro & All Oppo Sm...","4.1","2270","329.00","1299.00","Mobile Phone","Budget","Good","Moderate"
"RGY Clear Screen Guard Compatible with 2022 Macbook Air 13.6Inch M2 Chip laptop Protection Film","3.7","185","449.00","799.00","Laptop","Budget","Average","Low"
"Micro Lithium Cell CR2032 3V Coin Battery","3.8","144","94.00","499.00","Other","Budget","Average","Low"
"TheGiftKart Flip Cover Back Case for Poco X5 5G / Mi Redmi Note 12 5G | Genuine Leather Finish | Designer Button | Inbuilt...","4.1","18","299.00","999.00","Mobile Phone","Budget","Good","Low"
"Tukzer 4-in-1 Type-C Hub to HDMI 4K@30Hz, VGA 1080P@60Hz, USB 3.0 Data, 100W PD, MultiPort Adapter Compatible with MacBook...","4.3","2543","1699.00","3499.00","Laptop","Economy","Good","Moderate"
"Amazon Basics High Speed HDMI Cable (Gold-Plated, A Male to A Male) - Supports 4K @60Hz and Audio Return (10 Feet)","4.4","47","819.00","1499.00","Other","Budget","Good","Low"
"Qatalitic Detail Pen Knife - Crafts Steel Knife Cutter Tool with 5 Interchangeable Sharp Blades","4.2","7320","115.00","499.00","Other","Budget","Good","Popular"
"UGREEN USB 3.0 Sharing Switch, 2 Computers 4-Port USB Peripheral Switcher Adapter Box Selector for PC, Printer, Scanner, M...","4.5","7282","2048.00","3799.00","Printer","Economy","Excellent","Popular"
"Kodak 126 cm (50 inches) Bezel-Less Design Series 4K Ultra HD Smart Android LED TV 50UHDX7XPROBL (Black)","4.1","2590","24999.00","42999.00","Television","Premium","Good","Moderate"
"Tata Sky Digital TV HD Setup Box Remote","3.5","136","270.00","499.00","Television","Budget","Average","Low"
"V88R®Mini GPS Tracker GF-07 New Small Size GF07 GPS Tracker Long Battery GPS Tracking Device Personal Kids Pet Smart","2.3","9","1099.00","1999.00","Other","Economy","Poor","Low"
"DIZO Watch D2 Power (by realme TechLife) – Large 1.91"" Superlight, Single Chipset Bluetooth Calling Smartwatch with Smart ...","3.6","74","1799.00","5999.00","Mobile Phone","Economy","Average","Low"
"Soomio Compatible for iPhone Charger Case Cover, Funny Cartoon Character, Silicone Charger Case Cover Compatible for 18-20...","3.3","12","380.00","999.00","Mobile Phone","Budget","Average","Low"
"HASTHIP® DIY Oil Painting Paint by Numbers for Adults and Kids Gift Kits Pre-Printed Canvas Beginner with Brushes and Pigm...","4.4","248","484.00","699.00","Other","Budget","Good","Low"
"TheGiftKart Back Cover Soft Case for Samsung Galaxy A73 5G | Best Camera Protection | Inbuilt Dust Plugs & Anti-Slip Grip...","4.2","193","284.00","999.00","Mobile Phone","Budget","Good","Low"
"CEDO Redmi Pad (10.6 Inch) Tempered Glass | Screen Protector Tempered Glass for Xiaomi Redmi Pad (10.6 Inch)","4.0","55","275.00","999.00","Mobile Phone","Budget","Good","Low"
"Myvn Dash Cable/Warp Usb Type C Charging Charger Data Sync Fast Charging Cable Compatible For Oneplus 8, 8 Pro, 7, 7T, 6T,...","4.1","890","249.00","429.00","Mobile Phone","Budget","Good","Low"
"ProElite Slim Trifold Flip case Cover for Redmi Pad 10.6"" Tablet, Hippy","4.4","254","599.00","1999.00","Mobile Phone","Budget","Good","Low"
"Printme Silicone Protective Case Cover for Oneplus Buds Z2 TWS, Anti Fall Anti Dust, with Hook (2022) (Earbuds Not Include...","4.0","63","249.00","599.00","Mobile Phone","Budget","Good","Low"
"Logitech MK120 Wired USB Keyboard and Mouse Set for Windows, Optical Wired Mouse, Full-Size Keyboard, USB Plug-and-Play, C...","4.4","1630","1130.00","1295.00","Accessories","Economy","Good","Moderate"
"OpenTech® Tempered Glass Screen Protector Compatible for Samsung Galaxy M13 5G with Edge to Edge Coverage and Easy Install...","4.2","562","299.00","999.00","Mobile Phone","Budget","Good","Low"
"GoRogue Laptop Table for Bed & Sofa, Foldable Desk with Cup Holder, Drawer & Built-in USB Hub with Free Mini Fan, LED Lamp...","4.1","224","849.00","1999.00","Laptop","Budget","Good","Low"
"Archer Tech Lab Aphros 100 Keyboard Wrist Rest, PU Leather, Soft Memory Foam for Stable Wrist Position, Anti Skid Base Fee...","4.8","26","586.00","1600.00","Accessories","Budget","Excellent","Low"
"Dulcet DC-D9000X 220W Detachable Front Panel Universal Fit Single Din Mp3 Car Stereo with Dual USB Ports/Bluetooth/Hands F...","3.8","951","2080.00","4490.00","Other","Economy","Average","Low"
"Amazon Brand - Solimo Thermoplastic Polyurethane Mobile Cover, Soft and Flexible Shockproof Back Cover with Cushioned Edge...","3.9","397","139.00","499.00","Mobile Phone","Budget","Average","Low"
"20pcs Demon Slayer Anime Merch Sticker Pack from animo India Perfect for Laptop Computer Car Water Bottle Travel Case Guit...","5.0","1","99.00","499.00","Laptop","Budget","Excellent","Low"
"Prolet Cute Silicone 3D Cartoon Pattern Kitty Cover for Airpods Pro Headphones (Pink Kitty)","4.1","601","299.00","999.00","Earbuds","Budget","Good","Low"
"Canon imageCLASS LBP6030B Single-Function Laser Monochrome Printer (Black), Standard","4.1","418","11349.00","12995.00","Printer","Mid Range","Good","Low"
"Sounce 100W / 6A Speed Fast Charging USB 3.0 Cable 4 Ft / 1.2m to 3-in-1 Long Charging Cord with Type C + Micro USB + Ligh...","4.8","13","299.00","999.00","Other","Budget","Excellent","Low"
"LIT Rolling Paper King Size Awesome Threesome Brown Smoking Paper (Pack of 50)","4.4","434","260.00","500.00","Other","Budget","Good","Low"
"Storite Optical Bay 2nd Hard Drive Caddy, Universal for 9.5mm CD/DVD Drive Slot (for SSD and HDD)","4.1","5178","329.00","1499.00","Other","Budget","Good","Popular"
"Portronics Konnect L 1.2M Fast Charging 3A Micro USB Cable with Charge & Sync Function (White)","4.2","137","200.00","399.00","Other","Budget","Good","Low"
"HP USB X500 Wired Optical Sensor Mouse 3 Buttons Windows 8 Supported, Black (E5C12AA)","4.4","4460","459.00","500.00","Accessories","Budget","Good","Moderate"
"Western Digital WD Green SATA 1TB, Up to 545MB/s, 2.5 Inch/7 mm, 3Y Warranty, Internal Solid State Drive (SSD) (WDS100T3G0A)","4.4","6894","5509.00","13000.00","Other","Mid Range","Good","Popular"
"Doodle | The Happiness 2023 Wiro Bound Planner with Sticker Sheets | A5 | Hard Bound | Undated | Yearly, Monthly, Daily Pl...","4.3","494","478.00","799.00","Other","Budget","Good","Low"
"PunnkFunnk D116 Fitness Smart Band Activity Tracker Smartwatch with Sleep Monitor, Step Tracking, Heart Rate Sensor for Me...","3.2","658","665.00","1999.00","Monitor","Budget","Average","Low"
"TheGiftKart Back Cover for OnePlus 9R (Poly Carbonate | Black)","4.3","1354","399.00","999.00","Mobile Phone","Budget","Good","Moderate"
"Artikel Monitor Desk Mount | Adjustable Spring Assisted Monitor Arm | VESA Mount with C Clamp & Grommet Mounting Base | Co...","4.9","20","2999.00","3499.00","Monitor","Economy","Excellent","Low"
"E-COSMOS Plug in LED Night Light Mini USB LED Light Flexible USB LED Ambient Light Mini USB LED Light, LED Portable car Bu...","4.1","395","119.00","149.00","Other","Budget","Good","Low"
"XSPEED KIKU Plastic Multipurpose Big Size Jumbo Spiderman Magnetic Dual Side Spacious Art Plastic Pencil Box (Blue)","3.9","533","475.00","899.00","Other","Budget","Average","Low"
"SONATA GOLD Smart Band Wireless Sweatproof Fitness Band S6-6| Activity Tracker| Blood Pressure| Heart Rate Sensor | Step T...","3.9","670","999.00","4999.00","Other","Budget","Average","Low"
"XECH Extension Board with USB Ports 2500W Power Spike Guard 3 Universal Sockets & 3 USB Output Ports 10 Amp Rated Charging...","4.6","109","524.00","1299.00","Other","Budget","Excellent","Low"
"SupCares Extendable Long Selfie Stick with 2 Shades Light, Detachable Bluetooth Remote and Stable Tripod Stand Compatible ...","3.9","3","399.00","1599.00","Other","Budget","Average","Low"
"REESO M1 Smart Watch for Men ID-116 Bluetooth Smartwatch Wireless Fitness Band for Boys, Girls, Men, Women & Kids | Sports...","3.5","1675","499.00","1989.00","Smartwatch","Budget","Average","Moderate"
"Octrix Lightning to 3.5 mm Headphone Jack Adapter for iOS 13 and Later, Audio AUX Converter Cable iOS to 3.5mm Headphone/E...","4.5","22922","299.00","3448.00","Headphones","Budget","Excellent","Very Popular"
"Lenovo B0919NL1HZ Tab M8 HD 2nd Gen (8 inch(20cm), 3GB, 32 GB, Wi-Fi+LTE with Calling), Iron Grey","4.1","3385","10699.00","18000.00","Networking","Mid Range","Good","Moderate"
"TheGiftKart Back Cover Case for Samsung Galaxy M12 / F12 / A12 (Shockproof | Hybrid TPU & PC | Transparent | Black Bumper)","4.2","2102","255.00","999.00","Mobile Phone","Budget","Good","Moderate"
"Archer Tech Lab Typhon Max Dual Fan Phone Cooler for Instant Cooling, Buckles for Better Compatibility, Display Screen for...","3.8","30","1219.00","3600.00","Monitor","Economy","Average","Low"
"20W Type-C Fast Charger Adapter Compatible For Apple Iphone 13, 12, 11, X Series And Ipad (White)","2.8","64","387.00","999.00","Mobile Phone","Budget","Poor","Low"
"Affix Auto-Align Technology Tempered Glass Screen Guard for iPhone 12 and for iPhone 12 Pro (6.1 Inch) | Easy Installation...","4.4","1557","699.00","1999.00","Mobile Phone","Budget","Good","Moderate"
"Robustrion Smart 360 Degree Rotating Stand Case Cover for Apple iPad 10.2 inch 9th Gen 2021 Cover 8th Gen 2020 7th Gen 201...","4.0","2450","499.00","1999.00","Tablet","Budget","Good","Moderate"
"LipiWorld® 133 AC Remote Control with Display Light Compatible for Bluestar AC Remote with Backlight","4.3","9","459.00","799.00","Monitor","Budget","Good","Low"
"Winble Back Cover for Realme XT/X2 (Silicone | Black)","4.0","245","229.00","999.00","Mobile Phone","Budget","Good","Low"
"Apple Watch Series 8 [GPS + Cellular 41 mm] Smart Watch w/Silver Aluminium Case with White Sport Band. Fitness Tracker, Bl...","4.3","6","45400.00","55900.00","Smartwatch","Premium","Good","Low"
"CELLUTION Back Tempered Glass Protector Guard For iPhone 13 (6.1 inches) with Easy Installation Kit, (Transparent) Pack of 1","3.9","20","199.00","999.00","Mobile Phone","Budget","Average","Low"
"Dahsha Stainless Steel Modern Thumb Slide Out Pocket Business Visiting Card Holder (100 x 62 x 8 mm)","4.0","457","399.00","1799.00","Other","Budget","Good","Low"
"Meyaar Silicone Replacement Bands Compatible with Fitbit Versa/Versa 2 / Versa Lite, & for Boat Xtend smartwatch Adjustabl...","3.5","5","299.00","999.00","Smartwatch","Budget","Average","Low"
"PULOKA Multi-Functional Belt Clip Holster Pouch | Unisex Leather Mobile Pouch with Belt Loop ( Black )","3.8","348","799.00","2999.00","Mobile Phone","Budget","Average","Low"
"SeCro 3.5mm Female to 6.35mm Male Plug Stereo Audio Jack Converter (Golden) - Pack of 2","3.9","4236","299.00","449.00","Other","Budget","Average","Moderate"
"TECHSHIELD® Tempered Glass Screen Protector For Samsung Galaxy Tab S8/S7 11 inch (2022/2020) (SM-T870/SM-T875,SM-X700/SM-X...","4.1","370","417.00","1499.00","Mobile Phone","Budget","Good","Low"
"Core i5 3570K 3rd Generation Processor 3.40 Ghz for LGA 1155 Socket Excellent Performance Processor (Silver)","3.8","8","2189.00","7999.00","Other","Economy","Average","Low"
"Belkin Quick Charge Magnetic Wireless Lithium_ion Power Bank 2500mAh, Sleek Design for All iPhone 14, Iphone13, iPhone 12 ...","3.2","1477","3899.00","4499.00","Mobile Phone","Economy","Average","Moderate"
"EGOTUDE Slim Fit Silicone Soft Logo Cut Matte Back Cover Case for iPhone 14 (Navy Blue)","3.6","145","229.00","999.00","Mobile Phone","Budget","Average","Low"
"MahadealzDesign Mobile Phone Dustproof Net Stickers Speaker Mesh Anti Dust Proof Self Adhesive Protector for Universal Pho...","4.4","14","199.00","499.00","Mobile Phone","Budget","Good","Low"
"HIKVISION 8 Channel DVR 1080P Lite H.265Pro+ 2MP DVR DS-7108HGHI-K1 with USEWELL HDMI (Without Hard Drive), White","4.2","63","4123.00","7000.00","Other","Economy","Good","Low"
"Ahuja Head band Microphone can be connected to the amplifier directly","4.0","670","1268.00","1445.00","Other","Economy","Good","Low"
"Spigen Tough Armor Back Cover Case for Samsung Galaxy S23 Ultra (Poly Carbonate + TPU | Gunmetal)","4.6","867","2599.00","3399.00","Mobile Phone","Economy","Excellent","Low"
"Palazzo Foldable Wooden Laptop Bed Tray Table, Multifunction Lap Tablet Desk with Cup Holder, Perfect for Eating Breakfas...","4.3","92","425.00","999.00","Laptop","Budget","Good","Low"
"Robustrion Flip Stand Case Cover for Lenovo Tab M10 FHD Plus 3rd Gen 10.6 inch Tablet - Black","4.2","93","499.00","1999.00","Tablet","Budget","Good","Low"
"LYF Earth 1 (White)","2.4","103","4099.00","25800.00","Other","Economy","Poor","Low"
"Samsung Galaxy S23 5G (Lavender, 8GB, 256GB Storage)","4.4","127","79999.00","95999.00","Mobile Phone","Luxury","Good","Low"
"AmazonBasics 8-Feet Digital Audio Coaxial Cable for DVD Player (Black & Orange)","4.3","14524","309.00","845.00","Other","Budget","Good","Very Popular"
"TechMount Shockproof Soft Silicone Cute New 3D Cartoon Deigner Protection Cover Case with Lock Lid Compatible with Apple A...","3.8","110","299.00","999.00","Other","Budget","Average","Low"
"TheGiftKart Back Cover for iQOO 7 5G (Poly Carbonate, Polymer | Greyish Blue)","4.3","1667","329.00","999.00","Other","Budget","Good","Moderate"
"Samsung Original 15W Wireless Charger Pad for Cellular Phones, Black","3.8","74","2395.00","3299.00","Accessories","Economy","Average","Low"
"VEMIGON Compatible with Apple Watch Straps 49mm 45mm 44mm 42mm and 41mm 40mm 38mm, Solo Loop Braided Nylon Sport Band for ...","3.4","150","598.00","897.00","Other","Budget","Average","Low"
"UltraProlink PowerLink+ UM1023 12 Functions | Black | Type C-C 3A PD Cable | Micro USB + iPhone | Convertor, 15W Wireless ...","3.7","245","1999.00","3999.00","Mobile Phone","Economy","Average","Low"
"CYRILL by Spigen Color Brick Back Cover Case Compatible for Google Pixel 6a (TPU, PC | Kale)","4.4","515","1599.00","2299.00","Mobile Phone","Economy","Good","Low"
"OJOS M2 Chip Anti Scratch & Fingerprint-Proof Screen Guard Film Matte Screen Protector Compatible for 2016-2022 MacBook Pr...","3.7","939","499.00","1999.00","Laptop","Budget","Average","Low"
"Careflection 6-in-1 Multi Combo Spiral USB Cable Protectors + Earphones Winder + Sticker + Cable Clips + Earphone Jack Cli...","3.3","7","212.00","999.00","Other","Budget","Average","Low"
"VEIKK S640 V2 Graphic Drawing Tablet Pen Tablet 6 x 4 inch Drawing Tablet with Battery -Free Passive Pen (8192 Levels Pres...","4.1","2194","2399.00","4899.00","Tablet","Economy","Good","Moderate"
"A3sprime Back Camera Lens Ring Guard Protector for Samsung Galaxy S23 Ultra 5G [9H Surface Hardness Tempered Glass with Me...","5.0","2","299.00","699.00","Mobile Phone","Budget","Excellent","Low"
"Casecandy® - (2 Pack Screen Protector Guard For Apple Watch Series 8 41mm | HD Screen Guard For Apple Watch Series 8 41mm ...","3.9","1024","1025.00","1990.00","Other","Economy","Average","Moderate"
"ADOFYS Action Camera and Mobile Universal Aluminium Alloy Mount with Two 360° rotational Angle and with Quick Release clam...","4.0","1130","1188.00","3299.00","Mobile Phone","Economy","Good","Moderate"
"Aine® Samsung 25W Super Fast Charger with C To C Cable Compatible for Samsung Galaxy S10 5G|S20| S20 5G|S20 5G UW|S20 FE|S...","4.2","91","899.00","1299.00","Mobile Phone","Budget","Good","Low"
"Robustrion Hybrid Case Cover for Samsung Galaxy Tab S6 Lite Tablet Cover 10.4 inch SM-P610/P615 - Black","4.1","122","899.00","2499.00","Mobile Phone","Budget","Good","Low"
"Wayona MFI Certified USB C to Lightning Cable Short 0.25M Fast Charging PD 20W for iPhone 14 14 Pro 14 Plus 14 Pro Max 13 ...","4.1","1214","699.00","1199.00","Mobile Phone","Budget","Good","Moderate"
"Ant Esports ICE-280TGW Mid Tower Computer Case I Gaming Cabinet -White Supports ATX, Micro-ATX, Motherboard with Transpare...","4.3","8733","3254.00","4499.00","Other","Economy","Good","Popular"
"Boat Floatpad 300 Qi Certified USB Wireless Charger with 6Mm Transmission Range, Smart Ic Protection Against Damage and 1 ...","3.5","196","849.00","1990.00","Accessories","Budget","Average","Low"
"Amazon Brand - Solimo Back Cover Case for Realme 3 / Realme 3i | Compatible for Realme 3 / Realme 3i Back Cover Case | 360...","4.0","113","139.00","299.00","Mobile Phone","Budget","Good","Low"
"Samsung Galaxy S23 Ultra 5G (Cream, 12GB, 256GB Storage)","4.4","91","124999.00","149999.00","Mobile Phone","Luxury","Good","Low"
"mobistyle Compatible with iPhone 11 Cover, Luxury Electroplating Case, Individual Protection for Each Lens, Back Cover for...","3.8","1631","381.00","999.00","Mobile Phone","Budget","Average","Moderate"
"HIFFIN HOT-L-Type Quick Release Camera Vertical Plate Dual Camera Bracket Plate Universal SLR Stabilizer","3.9","54","1399.00","3000.00","Camera","Economy","Average","Low"
"Parker Frontier Stainless Steel CT Fountain Pen","4.1","1367","652.00","725.00","Other","Budget","Good","Moderate"
"Crysendo Headphone Cushion Compatible with JBL C300SI, T250SI, T450, T460BT, T600 Headphone | 70mm Frog Leather & Memory F...","4.1","666","395.00","849.00","Headphones","Budget","Good","Low"
"TheGiftKart Crystal Clear Back Cover Case for Google Pixel 6A | 360 Degree Protection | Shockproof & Protective Design | T...","4.2","76","299.00","999.00","Mobile Phone","Budget","Good","Low"
"JBL Live Pro 2 True Wireless in Ear Earbuds ANC Earbuds | Upto 40Hrs Playtime | Adjust EQ for Extra Bass | 6 Mics for Crys...","4.1","1115","12798.00","16999.00","Earbuds","Mid Range","Good","Moderate"
"Cosmic Byte Oberon 7.1 RGB Gaming Headset with Dual Input- USB and 3.5mm Jack, Detachable Microphone, 90° Rotatable Earcup...","3.9","976","1799.00","2999.00","Headphones","Economy","Average","Low"
"TANTRA Mobile Holder for Scooty - Scooty Accessories, Activa Mobile Holder for Scooter, Compatible with All Scooters, Wate...","3.9","845","449.00","999.00","Mobile Phone","Budget","Average","Low"
"GM 3262 Cuba 3+1 Power Strip with Master Switch, Indicator, Safety Shutter, 2 International Sockets & 3 USB Ports 2.4A","4.4","4954","610.00","800.00","Other","Budget","Good","Moderate"
"CROSSVOLT Advanced HD+ Tempered Glass Compatible with Google pixel 6a with Military-Grade Anti-Explosion Edge-to-Edge Cove...","4.7","12","229.00","1999.00","Mobile Phone","Budget","Excellent","Low"
"TIMESETL Alpine Loop Bands Compatible with Apple Watch Ultra 49mm 45mm 44mm 42mm Nylon Sport Wristband for Men Women, Tita...","3.2","21","563.00","2999.00","Other","Budget","Average","Low"
"Noise Pulse Buzz 1.69"" Bluetooth Calling Smart Watch with Call Function, 150 Watch Faces, 60 Sports Modes, Spo2 & Heart Ra...","3.9","8288","1999.00","4999.00","Smartwatch","Economy","Average","Popular"
"Fast Charger Compatible for Vivo V9, Y21L,V7, Y6,V11 Pro, V17,V17 Pro,Y17,U10,Vivo V 5 Plus, V5S, Y31 / Y51 / Y53 / Y55 vi...","5.0","2","349.00","799.00","Mobile Phone","Budget","Excellent","Low"
"Pragati Systems® Genius Regular Steel (Magnetic) Whiteboard for Office, Home & School (GRMWB6090), Lightweight Aluminium F...","4.4","3883","1965.00","2150.00","Other","Economy","Good","Moderate"
"Clapbox Cajon Bag with Carry Handle and Shoulder Straps Universal Size","4.5","852","999.00","3800.00","Other","Budget","Excellent","Low"
"Cablecreation USB C to HDMI Cable for Home Office 6Feet, USB Type C to HDMI 4K@30Hz, Thunderbolt 3/4 Compatible With Galax...","3.9","13300","1528.00","2699.00","Other","Economy","Average","Very Popular"
"Zebronics Companion 110 Wireless Keyboard and Mouse Set with Bluetooth multiconnect, 2.4GHz Receiver, 2 Months* Backup, 16...","3.5","172","1549.00","2999.00","Accessories","Economy","Average","Low"
"EGate i9 Pro 1080p HD 720p Native 2400 Lumens 210 ANSI Portable Projector, 120"" max Screen (3.04 m) 1280 x 720 | VGA, AV, ...","3.9","10766","6480.00","9990.00","Other","Mid Range","Average","Very Popular"
"KABEER ART 2.0mm Mechanical Pencil With Leads","4.0","783","213.75","250.00","Other","Budget","Good","Low"
"ZOUK Multicolor Graphic Printed Handmade Vegan Leather Women's Office Bag for 15.6 inch Laptop with Double Handles - Paisley","4.4","190","1699.00","4863.00","Laptop","Economy","Good","Low"
"Cosmic Byte HyperGiant Speed Type Gaming Mousepad, 900mm x 450mm x 4mm É","4.6","1128","549.00","999.00","Accessories","Budget","Excellent","Moderate"
"Dyazo Office Protective Laptop Sleeve | Case Cover with Handle for All 15 Inch to 15 .6"" Laptops, Notebooks (Blue)","4.3","2891","299.00","999.00","Laptop","Budget","Good","Moderate"
"Pikkme Samsung Galaxy M12 / F12 / A12 Flip Cover| PU Leather Finish | 360 Protection | Wallet & Stand | Strong Magnetic Fl...","4.3","1777","199.00","999.00","Mobile Phone","Budget","Good","Moderate"
"Amazfit GTS2 Mini Smart Watch with 1.55"" (3.8cm)AMOLED Display, SpO2 Level Measurement, 14 Days' Battery Life, 70+ Sports ...","4.2","31355","6499.00","9999.00","Monitor","Mid Range","Good","Very Popular"
"worldmacs 12'' Inches 2 Sided Drum Practice Pad + Bag + Drumsticks","4.2","764","987.00","2550.00","Other","Budget","Good","Low"
"WOW IMAGINE Back Cover for Samsung Galaxy A23 5G | A23 4G Flexible Crystal Clear TPU Ultra Protective Cushioned Edges Mobi...","3.8","110","199.00","999.00","Mobile Phone","Budget","Average","Low"
"SD CASS® Overhead Video Stand Phone Holder Articulating Arm Phone Mount Table Top Scissor Boom Arm Articulating Phone Stan...","4.3","235","799.00","1499.00","Other","Budget","Good","Low"
"GO SHOPS USB Cable Multi Pins Charging Cables 3 in 1 Magnet Head Data Cable Supported with All iOS, Android & Other Devices","3.9","76","299.00","999.00","Other","Budget","Average","Low"
"Belkin Smartphone Apple Certified Lightning To Type C Cable, Fast Charging For Iphone, Ipad, Air Pods, 3.3 Feet (1 Meters)...","4.4","4432","999.00","2499.00","Mobile Phone","Budget","Good","Moderate"
"F Gear Talent Laptop Backpack With Rain Cover 32 Liters (Grey,Black)","4.4","1101","931.00","2740.00","Laptop","Budget","Good","Moderate"
"Tecno Spark 9 (Vitality Green, 4GB RAM, 64GB Storage)| Upto 7GB Expandable RAM | 90Hz Refresh Rate | 6.6"" HD+Display | 13M...","3.8","4039","8499.00","11499.00","Monitor","Mid Range","Average","Moderate"
"SeCro USB 3.0 Super Speed Multi Function Card Reader (Black)","4.3","1799","449.00","970.00","Other","Budget","Good","Moderate"
"boAt Stone 1000v2 14W Bluetooth Speaker Signature Sound, Upto 8 Hours Playback, Rugged Design, Integrated Controls, Blueto...","4.3","40917","3499.00","6690.00","Speakers","Economy","Good","Very Popular"
"Flash Acrylic Colour (White, 200 ml)","4.3","2056","190.38","560.00","Other","Budget","Good","Moderate"
"Quantum 3-in-1 USB Type C to HDMI 4K Adapter, USB 3.0, USB C, Aluminium USB C Hub, High Speed Upto 5Gbps, 60W Power Pass T...","5.0","10","999.00","1699.00","Accessories","Budget","Excellent","Low"
"Beetel F1K is Quad Band 2G GSM Phone, with 2-Way Speakers,LCD Display,Supports Hotline Function,Stores Upto 500 Contacts,S...","3.9","4540","2359.00","2999.00","Speakers","Economy","Average","Moderate"
"Pacific International Class UHS-I Class I10HC 64 GB Micro SD Memory Card for Mobile, Tablet ETC.","2.9","10","399.00","1299.00","Mobile Phone","Budget","Poor","Low"
"Faber-Castell Creative Tack-It(Multicolor)","4.3","4826","119.00","120.00","Other","Budget","Good","Moderate"
"Rapidotzz Band Straps - Pack of 1 (Black-Grey, Unisex) | Removable Straps ONLY for Amazfit Huami Bip, Amazfit Bip Lite | M...","3.9","11227","249.00","1499.00","Other","Budget","Average","Very Popular"
"Panasonic CR-123AW/1BE Lithium Coin Battery - Pack of 1","4.4","27401","202.00","225.00","Other","Budget","Good","Very Popular"
"SanDisk 64GB High Endurance Video MicroSDXC Card with Adapter for Dash Cam and Home Monitoring Surveillance Systems - C10,...","4.6","39541","709.00","1700.00","Monitor","Budget","Excellent","Very Popular"
"Philips BT50B Portable Wireless Bluetooth Speaker, Black","3.9","11872","1190.00","1999.00","Speakers","Economy","Average","Very Popular"
"Logitech C920 HD Pro Webcam - 1080p, Optical, Full HD Streaming Camera for Widescreen Video Calling and Recording, Dual Mi...","4.5","29053","8100.00","12995.00","Camera","Mid Range","Excellent","Very Popular"
"LOXXO® Compatible with iPhone 14 Case, Liquid Silicone Case, Full Body Protective Cover, Shockproof, Slim Phone Case, Ant...","4.0","107","399.00","999.00","Mobile Phone","Budget","Good","Low"
"Generic 2 Pcs Studio Microphone Foam Mic Shield Cover Black","3.6","1496","209.00","999.00","Other","Budget","Average","Moderate"
"Amazon Brand - Solimo Back Cover Case for Mi Redmi 8A Dual | Compatible for Mi Redmi 8A Dual Back Cover Case | 360 Degree ...","4.2","148","139.00","299.00","Mobile Phone","Budget","Good","Low"
"Belkin Pocket Power Bank Charges 3 Device up to 15W (for iPhone/Samsung Galaxy/Pixel 4/Apple Watch/Apple AirPods and More)...","4.2","1328","2999.00","3499.00","Mobile Phone","Economy","Good","Moderate"
"Crucial X8 1TB Portable SSD – Up to 1050MB/s – USB 3.2 – External Solid State Drive, USB-C, USB-A – CT1000X8SSD9","4.3","15139","8330.00","19000.00","Other","Mid Range","Good","Very Popular"
"MMAK Anti-Slip Car Dashboard Mat with Phone Holder & Car Perfume - Universal Non Slip Sticky Rubber Pad with 2 Aroma Stick...","4.1","10","902.00","2999.00","Other","Budget","Good","Low"
"Zebra NC5 Highlighter Mildliner, 5 Color Set (WKT7-5C-NC)","4.6","7073","570.00","650.00","Other","Budget","Excellent","Popular"
"Skypearll Universal Wireless Motorcycle Helmet Bluetooth Headset, Speakers Hands-Free, Music Call Control, Mic Earphones, ...","3.9","575","1599.00","2999.00","Headphones","Economy","Average","Low"
"Plus 360 Protection Back Cover Case for LG G8X ThinQ (TPU + Poly Carbonate | Black)","3.8","118","149.00","499.00","Other","Budget","Average","Low"
"Spigen Lite Fit Ultra Loop Band Strap for Apple Watch Ultra (49mm) / Apple Watch Series 8/7 (45mm) / Series SE2/6/SE/5/4 (...","4.6","117","1399.00","1699.00","Other","Economy","Excellent","Low"
"Pikkme Samsung Galaxy A33 5G Back Cover Soft Matte Liquid Silicone TPU | Camera Protection | Shockproof Slim Back Case for...","4.2","140","199.00","999.00","Mobile Phone","Budget","Good","Low"
"Amkette Flexi Tabletop Phone Holder, Flexible Telescopic Long Arm Mount with 360 Degree Rotatable Clamp Compatible with Al...","4.2","1344","949.00","1499.00","Tablet","Budget","Good","Moderate"
"Dynotrek Tipple 14-15 Inch Laptop Sleeve Case Cover with Shoulder Strap Waterproof Briefcase Sling Bag Compatible for Chro...","3.7","177","499.00","2299.00","Laptop","Budget","Average","Low"
"Eascan Art Painting Drawing and Sketch Accessories Cotton Medium Grain Pre Stretched Round Painting Canvas Pack of 2, Size...","4.5","660","236.00","499.00","Other","Budget","Excellent","Low"
"Oboe Silicone Full Wrap RMF-TX520P Remote Case for Sony Smart Tv Voice Remote A80J X80J X85J X90J X95J Shockproof Protecti...","4.2","638","999.00","1999.00","Television","Budget","Good","Low"
"ZENAKU Type C to lightning USB Cable 8 Pin Fast charger Cord Compatible with APPLE iPhone 14, 13, 12, 11, SE, iPad and oth...","3.9","8","279.00","899.00","Mobile Phone","Budget","Average","Low"
"MOCA 13 inch Laptop Carrying Case Sleeve Bag for 13-inch MacBook Air M1/A2337 A2179 A1932, MacBook Pro M1/A2337 2016-2021,...","4.3","3045","1234.00","2999.00","Laptop","Economy","Good","Moderate"
"Bassoholic 9 Inches (22Cm) Car Radio Receiver Advanced Android System with 2GB/16GB RAM & ROM, IPS Capacitive Touch Panel ...","4.0","1073","6999.00","15990.00","Other","Mid Range","Good","Moderate"
"CEDO Defender Case iQOO Neo 6 (5G) | Rotating Ring Holder & Kickstand in-Built | Military Grade Armor | Bumper Back Cover ...","4.4","134","349.00","999.00","Other","Budget","Good","Low"
"TheGiftKart Back Cover Case for Redmi Note 10 Pro/Pro Max (Polycarbonate, TPU | Transparent Back | Black Bumper)","4.2","3386","279.00","999.00","Mobile Phone","Budget","Good","Moderate"
"Noise Combat with Ultra Low Latency 45 Milliseconds Bluetooth Wireless in Ear Earphones with ENC with mic, instacharge and...","3.9","17968","1799.00","3999.00","Other","Economy","Average","Very Popular"
"Tombow Mono Zero Eraser with Extra Refill, Black","4.4","563","299.00","450.00","Other","Budget","Good","Low"
"Honor Watch GS 3 Smartwatch with 1.43"" AMOLED Touch Screen, Heart Rate, Sleep and Blood Oxygen, Dual GPS, Bluetooth Callin...","3.9","415","9999.00","18999.00","Smartwatch","Mid Range","Average","Low"
"Spigen Liquid Air Back Cover Case for iPhone 12 and iPhone 12 Pro (TPU | Navy Blue)","4.6","16991","1299.00","1699.00","Mobile Phone","Economy","Excellent","Very Popular"
"Beats Studio Buds Bluetooth Truly Wireless in Ear Earbuds with Mic (White)","4.0","7070","11279.00","14900.00","Earbuds","Mid Range","Good","Popular"
"FENTICO DisplayPort (DP) to VGA Adapter, Gold-Plated Display Port to VGA Adapter (Male to Female) Compatible with Compute...","3.7","221","308.00","998.00","Monitor","Budget","Average","Low"
"Juarez Lindenwood Acoustic Guitar, 38 Inches Curved Body Cutaway, 38CUR With Bag, Strings, Pick And Strap (Black)","4.0","2520","2789.00","6990.00","Other","Economy","Good","Moderate"
"HP Smart Tank 520 All-in-one Colour Printer with 1 Extra Black Ink Bottle(Upto 12000 Black and 6000 Colour Prints Include...","3.3","13","12599.00","15980.00","Printer","Mid Range","Average","Low"
"Aroma® Studio 1 Raftaar 10W Bluetooth Speaker Hi-fi Stereo Sound Surround Upto 10 Hours Playback, Best for Mobile, Laptop/...","3.0","31","449.00","1999.00","Laptop","Budget","Average","Low"
"Amazon Brand - Solimo Back Cover for Apple iPhone 11 Pro (Silicone_Transparent)","4.0","136","139.00","449.00","Mobile Phone","Budget","Good","Low"
"AmazonBasics Magnetic Wireless Charger | 15W Max Fast Charging Square Pad | Compatible with iPhone 13/13 Pro/13 Mini/13 Pr...","3.6","1898","1249.00","2499.00","Mobile Phone","Economy","Average","Moderate"
"Brand Conquer Glass LCD Writing Tablet | Bropang Drawing Board, Doodle Board, Writing Pad | Reusable & Portable | Ewriter ...","3.6","3458","199.00","599.00","Tablet","Budget","Average","Moderate"
"TYCON 7 INCH Double Din Car Screen Stereo Media Player Audio Video Touch Screen Stereo Full HD with MP3/MP4/MP5/USB/FM Pla...","5.0","4","2900.00","5000.00","Other","Economy","Excellent","Low"
"MOROFY Stainless Steel Metal Chain Watch band Compatible with Apple Watch Strap Ultra Series 8 | 7 | 6 | 5 | 4 | 3 | 2 | 1...","4.1","162","949.00","1699.00","Other","Budget","Good","Low"
"FEDUS 12V 1.5A DC Power Adapter, Powers Supply, SMPS for LCD Monitor, TV, LED Strip, CCTV, 12 Volt 1.5 Amp Power Adapter,A...","4.1","484","398.00","439.00","Monitor","Budget","Good","Low"
"Paraspapermart PPM Rubber Band for Offices use/Home/Kitchen Uses (Fluorescent Colour, 2 inch) - Pack of 100 Gm","4.1","227","199.00","499.00","Other","Budget","Good","Low"
"TheGiftKart Back Cover for Redmi Note 10 Lite/Note 9 Pro/Pro Max/Poco M2 Pro (Poly Carbonate | Greyish Blue)","4.3","3736","379.00","999.00","Mobile Phone","Budget","Good","Moderate"
"FAIRMART Parchment Paper Baking, Cooking Round Cake Shape Sheets (9 Inch, White) - 50 Paper Pack","4.0","789","199.00","999.00","Other","Budget","Good","Low"
"HB PLUS Heavy Quality Foldable Aluminium Laptop Stand | Foldable Metal Laptop Stand | Dynamic Folding Metal Laptop Stand |...","4.5","11","398.99","999.00","Laptop","Budget","Excellent","Low"
"BARROT Multi-Purpose Device Cleaning Kit | Laptops, Mobiles, Camera, TV, Smartwatches, Airpods, Tablets","4.8","12","699.00","1249.00","Laptop","Budget","Excellent","Low"
"Dynotrek Grade 13-13.3 Inch Laptop Sleeve Case Cover with Charger Pouch Compatible for Inspiron 13 XPS, MacBook Pro M1 A24...","4.3","486","399.00","1889.00","Laptop","Budget","Good","Low"
"HR Study PAD Multipurpose Drawing Board – 16”x 24” - 8mm Thick – Single Side use – for Laptop, Keyboard, Students (Design ...","4.0","70","319.00","799.00","Laptop","Budget","Good","Low"
"Cat Care Compatible with Airpods Pro GEN-2 (2022) Pouch Case Cover, Soft Silicone Cartoon Character Cover with Key-Chain, ...","3.9","45","299.00","999.00","Earbuds","Budget","Average","Low"
"PKST Wi-Fi Wireless Nanny Small Security Indoor USB Plug Camera,1080p Cam with Cell Phone App Live Feed, Motion Detection...","4.1","69","1899.00","3999.00","Camera","Economy","Good","Low"
"AirCase Office Sling Messenger Bag fits upto 14.1"" Laptop/Macbook, Detachable Shoulder Strap, Waterproof, Shockproof, Carr...","4.1","1583","849.00","2499.00","Laptop","Budget","Good","Moderate"
"SupCares Edge to Edge Tempered Glass for OnePlus 8T, OnePlus 9 (6.55 Inch) with Easy Self Installation Kit | Black | Pack ...","4.1","194","289.00","799.00","Mobile Phone","Budget","Good","Low"
"Ernie Ball Nickel Wound Electric Guitar Strings","4.5","93200","468.00","492.00","Other","Budget","Excellent","Very Popular"
"PC 2.1 A 2 USB Wall Socket Charger Power Panel Receptacle 5 Outlet Switch (White)","3.9","1045","384.00","502.00","Accessories","Budget","Average","Moderate"
"ESR Armorite Screen Protector Compatible with iPhone 14 Pro, Ultra-Tough Tempered-Glass, Easy Alignment Frame, 2 Pack","4.7","1297","1709.00","1899.00","Mobile Phone","Economy","Excellent","Moderate"
"Jabra Elite 4 Active in-Ear Bluetooth Earbuds - True Wireless Ear Buds with Secure Active Fit, 4 Built-in Microphones, Act...","4.0","3627","6999.00","10999.00","Earbuds","Mid Range","Good","Moderate"
"Amazon Brand - Solimo Acrylic Case Hard Back and Soft Bumper Cover with Cushioned Edges for Apple iPhone Xs (Transparent)","3.6","90","149.00","499.00","Mobile Phone","Budget","Average","Low"
"Doubledicestore Back Camera Lens Protector Premium Tempered Glass Compatible for iPhone 11 with Slim 9H Hard 2.5D and Easy...","3.8","2902","149.00","599.00","Mobile Phone","Budget","Average","Moderate"
"SupCares Edge to Edge Tempered Glass for Motorola Moto G40 Fusion and Motorola Moto G60 (6.8 Inch) with Easy Self Installa...","4.4","11","251.00","799.00","Other","Budget","Good","Low"
"Techspark S8 Ultra Smartwatch with 2.05"" HD Display, Bluetooth Calling Multiple Sports Modes, Multiple Watch Faces, Spo2 M...","2.6","19","1999.00","5099.00","Monitor","Economy","Poor","Low"
"Tukzer 5-in-1 Type-C Hub to HDMI 4K@30Hz, Type C 2.0, USB 2.0, USB 3.0 Data, 100W PD with 1000M Ethernet RJ45, MultiPort A...","4.3","2543","1595.00","2999.00","Other","Economy","Good","Moderate"
"Sounce Earbud Case for Nothing Ear Case - Clear Silicone Earbud Case Cover for Nothing Ear 1, Protective Case Compatible w...","3.5","778","199.00","999.00","Earbuds","Budget","Average","Low"
"Spigen Ultra Hybrid Back Cover Case for iPhone 13 (TPU + Poly Carbonate | Rose Crystal)","4.1","19011","1599.00","2599.00","Mobile Phone","Economy","Good","Very Popular"
"Pikkme Samsung Galaxy M01 Flip Case Leather Finish | Inside TPU with Card Pockets | Wallet Stand and Shock Proof | Magneti...","4.1","1002","199.00","999.00","Mobile Phone","Budget","Good","Moderate"
"Generic(Unbranded)4-Channel Relay Control Board Module With Optocoupler, 4 Way Relay Module for Arduino","4.2","621","204.00","600.00","Other","Budget","Good","Low"
"RAEGR RapidLink 600, 35W GaN Fast Charger PD Adapter Powered by TAGORE TrustedGaN Technology, Type-C PD+USB-A Dual Port Wa...","3.8","333","1199.00","4999.00","Accessories","Economy","Average","Low"
"ZARALA Super Frosted Shield Pro Back Silicone Soft Mobile Case Compatible with Samsung Galaxy S23 Ultra 5G Dotted Slim-Fit...","4.1","4","251.00","999.00","Mobile Phone","Budget","Good","Low"
"Onsitego 1 Year Extended Warranty for Non Robotic Vacuum Cleaners Rs.5k to 10k Email Delivery","4.0","872","450.00","798.00","Other","Budget","Good","Low"
"PKST Finger Sleeves Mobile Game Controllers Anti Sweat Breathable Professional Touch Screen Thumb Gaming Gloves (1 Pair, S...","4.5","26","89.00","699.00","Mobile Phone","Budget","Excellent","Low"
"EGOTUDE Shock Proof Hard PC Back Soft Edge Bumper Cover Case for iPhone 8 Plus / 7 Plus (Smoked Black)","4.2","988","332.00","999.00","Mobile Phone","Budget","Good","Low"
"Boltove® 6FTX9FT Green Backdrop Background Rod Pocket for Photography Backdrop,Photoshoot Background,Video Production, Hom...","3.9","1661","369.00","699.00","Other","Budget","Average","Moderate"
"TheGiftKart Flexible Shockproof Crystal Clear TPU Soft Back Cover Case with Cushioned Edges for Ultimate Protection for Xi...","4.3","2316","199.00","999.00","Other","Budget","Good","Moderate"
"ProElite Smart PU Flip Case Cover for Apple iPad 9.7"" 2017 2018 Air 1 Air 2 (A1893/A1954) (Black) with Pencil Holder","4.3","3286","599.00","1499.00","Tablet","Budget","Good","Moderate"
"Apple 2022 iPad Air M1 Chip (10.9-inch/27.69 cm, Wi-Fi, 64GB) - Blue (5th Generation)","4.7","1057","59899.00","59900.00","Tablet","Luxury","Excellent","Moderate"
"Dynotrek Grade 15.6 Inch Laptop Sleeve Case Cover with Charger Pouch for Inspiron 15 VivoBook/Chromebook/ROG/Zenbook, MacB...","4.4","398","399.00","1789.00","Laptop","Budget","Good","Low"
"Fire-Boltt Beam Bluetooth Calling Smartwatch with 1.72” Full Touch & 320 * 380 Pixel Resolution, AI Voice Assistant, IP68 ...","4.0","2740","2499.00","9999.00","Mobile Phone","Economy","Good","Moderate"
"Wayona Usb Type C 10Ft Nylon Braided 2.8A Fast Charger Cord ( Black,Wc10Cb1)","4.2","10866","449.00","1299.00","Accessories","Budget","Good","Very Popular"
"Meyaar Compatible for AirPods Pro 2nd Generation Case Cover with Keychain, Soft Silicone Skin Case Cover Full Protective (...","3.3","64","299.00","999.00","Earbuds","Budget","Average","Low"
"OUXUS Premium Smart Foldable Tabletop Mobile Stand for Table and Bed & Office use Height Adjustable Universal Phone Holder...","3.5","3","115.00","599.00","Mobile Phone","Budget","Average","Low"
"Wings Phantom 550, Gaming TWS Earbuds, with 45 Hours Playtime, Bluetooth 5.3, Environmental Noise Cancellation, Touch Cont...","3.7","45","1299.00","2999.00","Earbuds","Economy","Average","Low"
"CEDO Realme Pad Mini (8.7 Inch) Tempered Glass | Screen Protector Tempered Glass for Realme Pad Mini (8.7 Inch)","3.8","100","275.00","999.00","Mobile Phone","Budget","Average","Low"
"Gizga Essentials Gadget Organizer Case, Portable Zippered Pouch For All Small Gadgets, HDD, Power Bank, USB Cables, Power ...","4.0","1231","549.00","1199.00","Accessories","Budget","Good","Moderate"
"TheGiftKart Ultra-Hybrid Crystal Clear Back Case Cover for Samsung Galaxy A73 5G | Shockproof Design | Camera Protection B...","4.7","33","399.00","999.00","Mobile Phone","Budget","Excellent","Low"
"Technotech Universal All in One World Travel Adapter Surge Protector Charger Plug (TTC291)","3.1","23","115.00","499.00","Accessories","Budget","Average","Low"
"B2B Copier Paper, A4, 70 GSM, 500 Sheet","4.2","853","350.00","499.00","Other","Budget","Good","Low"
"Xzor UrbanPlay Sportster H94 MP3 Player with 4 GB MicroSD Card","3.4","405","1145.00","2290.00","Other","Economy","Average","Low"
"Amozo Sensor Protection Easy Fit Tempered Glass Screen Protector Guard for iPhone 14 Pro (with easy applicator) - Pack of 2","4.0","473","474.00","1599.00","Mobile Phone","Budget","Good","Low"
"Amazon Basics Double Braided Nylon USB Type-C to Micro-B 2.0 Male Cable, 3 Feet (0.9 Meters) - Dark Grey","4.5","1795","419.00","1200.00","Other","Budget","Excellent","Moderate"
"FLAIR CARBONIX BALL PEN (50 PCS STAND)","4.2","400","389.00","500.00","Other","Budget","Good","Low"
"NOKIA 125 DS","3.8","1587","2190.00","2399.00","Other","Economy","Average","Moderate"
"Amazon Brand - Solimo Thermoplastic Polyurethane Soft and Flexible Back Phone Case for Poco X2 / Xiaomi Redmi K30 (Transpa...","4.2","125","139.00","299.00","Mobile Phone","Budget","Good","Low"
"Kodak A4 Photo Paper 210x297mm 200gsm High Glossy Water Resistant Instant Dry For All Inkjet Printers – Set of 3 (60 Sheets)","4.2","470","439.00","900.00","Printer","Budget","Good","Low"
"Luxor UNIFLO Ball Pen Blue (20's Box)","4.4","4200","192.00","240.00","Other","Budget","Good","Moderate"
"KAPAVER ® Rugged Armor TPU Back Cover Case for OnePlus 7 Pro - (Black)","4.4","583","699.00","1099.00","Mobile Phone","Budget","Good","Low"
"WOW IMAGINE Samsung Galaxy A14 5G Slim Ultra Soft Rubberised Back Cover | Inner Velvet Fabric Lining | Matte Silicone Flex...","4.7","30","199.00","999.00","Mobile Phone","Budget","Excellent","Low"
"Amazon Brand - Solimo Back Cover Case for POCO M2 / Mi Redmi 9 Prime / POCO M2 Reloaded | Compatible for POCO M2 / Mi Redm...","4.2","392","139.00","299.00","Mobile Phone","Budget","Good","Low"
"WOW IMAGINE For Samsung Galaxy F23 5G Ultra Slim Soft Rubberised Back Cover | Inner Velvet Fabric Lining | Matte Silicone ...","4.2","202","259.00","999.00","Mobile Phone","Budget","Good","Low"
"G S Goldstein Star J8 New Version-Car Phone Holder Mount, Rearview Mirror Phone Holder for Car, 360°Rotatable and Car Phon...","3.5","15","189.00","999.00","Other","Budget","Average","Low"
"Jin Office Under Desk Keyboard Tray| Non Drill Clamp Type | Smooth Sliding Mechanism | Zinc Sliding Channels | Ergonomic K...","4.3","9","3496.00","6902.00","Accessories","Economy","Good","Low"
"TheGiftKart Flip Back Cover Case for Samsung Galaxy A23 4G / A23 5G | Genuine Leather Finish | Designer Button | Inbuilt P...","4.3","160","349.00","999.00","Mobile Phone","Budget","Good","Low"
"LIRAMARK USB 3.0 Type C Female to USB A Male Connector/Converter/Adapter Compatible for All Type-C Devices (Black)","2.9","61","104.00","149.00","Accessories","Budget","Poor","Low"
"HP 47 Tri-Color Original Ink Cartridge","4.1","119","464.00","535.00","Other","Budget","Good","Low"
"RiaTech Large Size (600x300x2mm) Extended Gaming Mouse Pad with Stitched Embroidery Edge, Premium-Textured, Non-Slip Rubbe...","3.9","88","249.00","2499.00","Accessories","Budget","Average","Low"
"Acer Extensa 15 Lightweight Laptop Intel Core i5 11th Gen Processor - (8 GB/ 512 GB SSD/ Windows 11 Home/ 1.7kg/ Black/ El...","4.0","573","42990.00","57999.00","Laptop","Premium","Good","Low"
"Matlek Wired Over Ear Gaming Headphones with Mic Surround Sound Deep Bass Works with All Mobile Phones, Ps5, Ps4, Xbox One...","3.8","362","599.00","990.00","Mobile Phone","Budget","Average","Low"
"Amazon Brand - Solimo Back Cover Case for Realme Narzo 50i | Compatible for Realme Narzo 50i Back Cover Case | 360 Degree ...","4.0","71","139.00","299.00","Mobile Phone","Budget","Good","Low"
"Spigen Essential Sand Blast Back Cover Case Compatible for Redmi Note 11T 5G (TPU | Matte Black)","4.5","79","319.00","399.00","Mobile Phone","Budget","Excellent","Low"
"USB Pen Drive Voice Recorder, SPY Audio Recorder Device, Clear Audio Hidden Recording USB Pen Drive Voice Recorder 8GB Mem...","3.2","29","1299.00","2999.00","Other","Economy","Average","Low"
"ESR Armorite Screen Protector Compatible with Apple Watch Ultra (2022, 49 mm), Tempered-Glass Protector with Stainless-Ste...","4.7","45","1234.00","2599.00","Other","Economy","Excellent","Low"
"JGD PRODUCTS USB 2.0 A to 5 pin Mini USB B Cable for External HDDS/Camera/Card Readers, etc (100 CM)","4.2","12","160.00","699.00","Camera","Budget","Good","Low"
"Gaiatop Handheld Mini Portable Fan, Hand & Desk Fan, 4000 mAh Rechargeable USB Small Fan, Battery Operated Personal Fan wi...","4.3","39","1099.00","1899.00","Other","Economy","Good","Low"
"M.G.R.J® Tempered Glass Screen Protector for Lenovo Tab M10 HD 2nd Gen (TB-X306F / X306X) (10.1"" inch)","4.0","143","299.00","1999.00","Other","Budget","Good","Low"
"Cat Care Compatible with Compatible iPhone New Edition Charger Case Cover | Cartoon Character Silicon Charger Case Cover f...","4.4","99","349.00","999.00","Mobile Phone","Budget","Good","Low"
"Spigen Rugged Armor Back Cover Case Compatible For Google Pixel 7 Pro (TPU | Matte Black)","4.6","1278","999.00","1599.00","Mobile Phone","Budget","Excellent","Moderate"
"ENVOUS Newly Launched Fire Bolt Phoenix Smartwatch Charging Cable USB Fast Charger Magnetic Charging Cable Adapter (Charge...","4.2","22","249.00","999.00","Smartwatch","Budget","Good","Low"
"Uniball Air UB188M Roller Ball Pen Set - Pack of 6 (Blue)","4.4","723","471.00","540.00","Other","Budget","Good","Low"
"Gizga Essentials Hard Drive Case Shell, 6.35cm/2.5-inch, Portable Storage Organizer Bag for Earphone USB Cable Power Bank ...","4.4","967","249.00","599.00","Accessories","Budget","Good","Low"
"OLWICK® 2 Pcs Power Strip Fixator Self Adhesive Socket Holder Punch-Free Wall-Mounted Desktop Fixer Plugin Holder Organize...","3.7","375","299.00","599.00","Other","Budget","Average","Low"
"Airtel Digital TV HD Set Top Box with 1 Month Basic Pack with Recording + Free Standard Installation","4.2","3413","1009.00","2499.00","Television","Economy","Good","Moderate"
"AGARO AG Blaze Micro to USB Type C Adapter","3.9","3562","139.00","395.00","Accessories","Budget","Average","Moderate"
"Fashionury Shockproof Crystal Clear OnePlus Nord 2T 5G Back Cover Case | 360 Degree Protection | Transparent Back Cover Ca...","4.0","55","149.00","399.00","Mobile Phone","Budget","Good","Low"
"Akai PartyMate Bluetooth Party Speaker PM-80T 80W Karaoke System Portable Trolley Outdoor Speaker/Inbuilt Battery Upto 6 H...","3.7","66","6290.00","9990.00","Speakers","Mid Range","Average","Low"
"(Renewed) Infinity (JBL) Glide 120, in Ear Wireless Earphones with Mic, Deep Bass, Dual Equalizer, 12mm Drivers, Premium M...","3.4","92","769.00","1099.00","Other","Budget","Average","Low"
"CZARTECH Type C Fast Charging & Data Sync Cable Compatible For Samsung Galaxy A11, A12, A21/A21s, A31, A51, A52, M21, M31,...","4.2","673","265.00","675.00","Mobile Phone","Budget","Good","Low"
"Parker Vector Standard Chrome Trim Ball Pen, Red Body, 1 Count (Pack of 1) (9000017253)","4.0","3806","289.00","320.00","Other","Budget","Good","Moderate"
"SKYVIK TRUHOLD Car Dashboard Phone Cradle with Ultimate Grip and Viewing Angle","3.9","82","899.00","2999.00","Other","Budget","Average","Low"
"MECHIP Bluetooth Smart Fitness Band for Unisex D18 Activity Tracker Sport Watch for Connect All Smart Phones (Free Size) (...","3.7","12","449.00","1499.00","Other","Budget","Average","Low"
"AILKIN 45W USB-C Charger, Samsung Ultra Fast Charger Type C for Samsung Galaxy S22 Ultra/S22+/S22/S21 Ultra/S21 Plus 5G/No...","4.4","1559","1479.00","2999.00","Mobile Phone","Economy","Good","Moderate"
"M.G.R.J® Tempered Glass Screen Protector for Samsung Galaxy Tab A8 (SM-X200 / X205 / X207) (10.5 inch)","4.0","12","299.00","1999.00","Mobile Phone","Budget","Good","Low"
"ESR HaloLock Magnetic Phone Ring Grip, Compatible with MagSafe Phone Ring Stand, Phone Grip Compatible with iPhone 14/13/1...","4.6","398","1519.00","2599.00","Mobile Phone","Economy","Excellent","Low"
"Doodle - Initial N Lasercut Soft Bound Diary (6.69 X 4.72 X 0.5-inches, 80 GSM, 192 Pages) Notebook for Girls","4.3","3875","284.05","445.00","Laptop","Budget","Good","Moderate"
"ENVIE® (ECR11+AA2800 4PL) Speedster Rechargeable Batteries Charger for AA & AAA with 4x2800mah Batteries (with LCD Displa...","3.8","15284","1498.00","1895.00","Accessories","Economy","Average","Very Popular"
"Boosty® 75 Watts Handheld Megaphone with Recorder USB and Memory Card Input for Announcing; Talk; Record; Play; Siren; Mus...","3.6","28","825.00","1499.00","Other","Budget","Average","Low"
"Belkin USB C to USB C Fast Charging Type C Cable Tough Unbreakable Braided Nylon Material, 60W PD, 3.3 feet (1 Meter) for ...","4.5","244","699.00","1099.00","Other","Budget","Excellent","Low"
"Amazonbasics Lightning To Usb Cable - Advanced Collection, Mfi Certified Apple Iphone, Tablet Charger, White, 3-Foot (Dura...","4.3","2880","729.00","1799.00","Mobile Phone","Budget","Good","Moderate"
"Spigen Liquid Crystal Back Cover Case for iPhone 14 Plus (TPU | Crystal Clear)","4.3","63","1199.00","1899.00","Mobile Phone","Economy","Good","Low"
"AmazonBasics 67-Inch Monopod (Black)","4.3","8298","869.00","1999.00","Other","Budget","Good","Popular"
"Canon M50 Mark II 15-45mm f3.5-6.3 is STM","4.5","595","57990.00","60995.00","Other","Luxury","Excellent","Low"
"Akai PartyMate Bluetooth Party Speaker PM-60T 60W Karaoke System Portable Trolley Outdoor Speaker/Inbuilt Battery/Wireless...","3.4","136","5210.00","8990.00","Speakers","Mid Range","Average","Low"
"TOSHIBA Canvio Basics 2TB Portable External HDD - USB 3.0 for PC Laptop Windows and Mac, 3 Years Warranty, External Hard D...","4.4","5908","5790.00","8000.00","Laptop","Mid Range","Good","Popular"
"Western Digital WD 2TB My Passport Portable Hard Disk Drive, USB 3.0 with  Automatic Backup, 256 Bit AES Hardware Encrypti...","4.4","74559","5799.00","7267.00","Other","Mid Range","Good","Very Popular"
"TheGiftKart Flip Back Cover Case for Samsung Galaxy S20 FE / S20 FE 5G | Genuine Leather Finish | Designer Button | Inbuil...","4.1","356","399.00","999.00","Mobile Phone","Budget","Good","Low"
"Spigen Ultra Hybrid Magfit Back Cover Case Compatible with MagSafe Designed for iPhone 14 Pro (TPU + Poly Carbonate | Deep...","4.5","2498","2299.00","3699.00","Mobile Phone","Economy","Excellent","Moderate"
"Yumin Polyester Handlebar Mobile Holder for Scooty Scooter Phone Pouch Bag for Activa Jupiter Ntorq Access Ather Ola-S1 Pl...","4.2","249","369.00","999.00","Mobile Phone","Budget","Good","Low"
"AmazonBasics Multiplug Adaptor with 3 Universal Sockets and in-Built Surge Protection, 6A, Set of 2","4.4","7","379.00","632.00","Other","Budget","Good","Low"
"Zebronics ZEB-BT3490RUCF Wireless Bluetooth Multimedia Speaker With Supporting SD Card, USB, AUX, FM & Remote Control. (50...","3.7","608","2999.00","4299.00","Speakers","Economy","Average","Low"
"POPIO Tempered Glass Screen Protector for Canon 1100D / Canon 1200D / Canon 1300D / Canon 1500D with Edge To Edge Coverage...","4.4","875","150.00","599.00","Other","Budget","Good","Low"
"Hello Zone Exclusive Matte Finish Soft Back Case Cover for Motorola Moto G72 - Black","3.9","23","169.00","699.00","Other","Budget","Average","Low"
"Camlin 7270002 Kokuyo Permanent Marker - Pack of 4 Assorted Colors (Black, Blue, Red, Green)","4.3","741","65.00","150.00","Other","Budget","Good","Low"
"Pikkme Samsung Galaxy M12 / F12 / A12 Flip Case | Vintage Leather Finish | Inside TPU | Wallet Stand | Magnetic Closing | ...","4.3","1777","199.00","999.00","Mobile Phone","Budget","Good","Moderate"
"iBELL FM180U Portable FM Radio, USBSDMP3 Player & Dynamic Speaker 4 Band,Black","3.6","1087","1225.00","1990.00","Speakers","Economy","Average","Moderate"
"Skypearll AC to DC Converter, 110V-240V Mains to DC 12V Car Auto Inverter Cigarette Lighter Adapter (5A) 60W","3.9","167","899.00","1999.00","Accessories","Budget","Average","Low"
"TheGiftKart Rugged Carbon Fibre Armor Back Cover Case for Google Pixel 6A | Shockproof & Protective | Stunning Minimalist ...","4.6","209","284.00","999.00","Mobile Phone","Budget","Excellent","Low"
"Cosmic Byte Kilonova 3325IC RGB Wired Gaming Mouse with Pixart 3325 Sensor, Ultra Lightweight 73grams, Adjustable Weights,...","4.3","154","1599.00","2299.00","Accessories","Economy","Good","Low"
"Brother HL-L2351DW Monochrome Laser Printer with Auto Duplex & Wi-Fi Printing","4.4","324","11899.00","14890.00","Printer","Mid Range","Good","Low"
"techlife solutions Head Strap Camera Mount for GoPro Xiaoyi SJCAM and All Action Camera","4.1","476","218.00","359.00","Camera","Budget","Good","Low"
"Wings Powerpods Wireless Earbuds with Powerbank Function, 150 Hours Playtime, Massive 2500mAh Digital Display Battery, Low...","3.8","3874","1999.00","3999.00","Earbuds","Economy","Average","Moderate"
"Pikkme Redmi 9 Power Flip Cover| PU Leather Finish | 360 Protection | Wallet & Stand | Strong Magnetic Flip Case for Redmi...","4.1","299","199.00","999.00","Mobile Phone","Budget","Good","Low"
"Fullmosa Compatible Apple Watch Straps 38mm 40mm 41mm 42mm 44mm 45mm 49mm, Stainless Steel iWatch Band with Case for Apple...","3.9","48093","1495.00","3000.00","Other","Economy","Average","Very Popular"
"POPIO Tempered Glass Compatible for iPhone 6 Plus / 6s Plus/iPhone 7 Plus/iPhone 8 Plus (Transparent) Full Screen Coverage...","3.9","3271","150.00","599.00","Mobile Phone","Budget","Average","Moderate"
"Ferilinso [6-in-1 for Apple iPhone 14 & 13 Screen Protector Guard Accessories 3 Pack 9H Tempered Glass 3 Pack HD Camera Le...","4.5","3427","913.00","1062.00","Mobile Phone","Budget","Excellent","Moderate"
"Storio Toys LCD Writing Tablet Magic Slates for Kids 8.5Inch E-Note Pad, multicolor","3.9","587","255.01","291.00","Tablet","Budget","Average","Low"
"SeCro Plastic Film Universal Travel Adapter with Built in Dual USB Charger Ports with 125V 6A, 250V Surge/Spike Protected ...","4.1","2048","449.00","727.00","Accessories","Budget","Good","Moderate"
"Smart Shelter Adjustable Size Universal 100% Metal Speaker Stand Wall Mount, Speaker Holder/Bracket, Accommodate All Speak...","3.6","641","699.00","1999.00","Speakers","Budget","Average","Low"
"pTron Volta FC12 20W QC3.0 Smart USB Charger with Type-C 1M USB Cable, Made in India, Auto-detect Technology, Multi-Layer ...","4.0","127","499.00","2499.00","Accessories","Budget","Good","Low"
"Logitech K400 Plus Wireless Touch TV Keyboard with Easy Media Control and Built-in Touchpad, HTPC Keyboard for PC-Connecte...","4.1","30820","3539.00","3995.00","Television","Economy","Good","Very Popular"
"Tizum USB C to USB 3.0 OTG Adapter/ Connector, Thunderbolt 3, Fast Charging/ Data Transfer, Speed upto 4.8 GBPS, Compatibl...","4.3","1308","199.00","499.00","Accessories","Budget","Good","Moderate"
"NEWorld Premium Microfiber Cleaning/Polishing Cloth for Mobile Screen, Camera Lenses, Tablets, Monitors, Sunglasses and Ot...","3.6","62","129.00","199.00","Mobile Phone","Budget","Average","Low"
"TheGiftKart Translucent Hybrid Back Case Cover for OnePlus Nord 2T 5G | Smoked Matte Back | 360 Degree Protection | Protec...","4.0","410","251.00","999.00","Mobile Phone","Budget","Good","Low"
"Elv Wall Mount Mobile Holder, Mobile Stand for All Smartphones with Strong Adhesive Strips, Compatible with iPhone, Smartp...","4.2","427","149.00","599.00","Mobile Phone","Budget","Good","Low"
"TAGG Kronos II Smartwatch with 1.32"" Large Crystal HD Display, 360° Health Suite, Activity Tracker, 24 Sports Modes, Live ...","3.7","983","1399.00","7999.00","Monitor","Economy","Average","Low"
"Octrix Original 33W Sonic Charge Fast Charger Adapter with Type C Cable Compatible for Xiaomi Redmi Note 9 Series Note 10...","4.5","22922","299.00","3448.00","Mobile Phone","Budget","Excellent","Very Popular"
"Artis AR0506 65Watt Laptop Charger/Adapter with Power Cord Compatible with Lenovo Laptops (20V/3.25A, 65Watt) (USB Pin) (B...","4.0","191","699.00","999.00","Laptop","Budget","Good","Low"
"Smashtronics® - Case for Firetv Remote, Fire Stick Remote Cover Case, Silicone Cover for TV Firestick 4K/TV 2nd Gen(3rd Ge...","4.2","1407","199.00","399.00","Television","Budget","Good","Moderate"
"New OnePlus USB A 3.0 to Type C OTG Adapter, USB C Male to Female USB OTG Adapter, Thunderbolt to USB Adapter Compatible w...","4.2","40","149.00","999.00","Mobile Phone","Budget","Good","Low"
"Winble Back Case Cover for OnePlus 9 Back Cover Slim Crystal Clear Camera Protection Airbag Shockproof Anti-Slip Grip PC T...","3.8","435","259.00","999.00","Mobile Phone","Budget","Average","Low"
"SanDisk 256 GB USB 3.0 iXpand Flash Drive Luxe for iPhone, iPad Pro, MAC Devices, Type-C Android Phone & Other Devices (SD...","4.3","11058","6879.00","15000.00","Mobile Phone","Mid Range","Good","Very Popular"
"Palazzo Foldable Wooden Laptop Bed Tray Table, Multifunction Lap Tablet Desk with Cup Holder, Perfect for Eating Breakfas...","4.3","92","399.00","699.00","Laptop","Budget","Good","Low"
"TANTRA Tango Car Mobile Holder, Strong Magnetic Mobile Phone Stand for Car","3.8","653","649.00","1499.00","Mobile Phone","Budget","Average","Low"
"Panasonic KX-TG3611SXM Cordless Landline Phone (metallic)","4.0","8063","2799.00","4599.00","Other","Economy","Good","Popular"
"Writing Pad Ohuhu 9 inch LCD Writing Tablet Electronic Slate for Kids Digital Drawing Pad Writing Pad for Kids Toys Birthd...","4.3","1111","899.00","1999.00","Tablet","Budget","Good","Moderate"
"moxly Universal Silicone Sucker Long Neck Car Mobile Phone Holder Mount Stand Ultimate Reusable Suction Cup with 360 Degre...","2.8","68","245.00","1499.00","Mobile Phone","Budget","Poor","Low"
"coconut WM22 Gold Wireless Gaming Mouse, 500 mAh Rechargeable Battery with 7 Color RGB LED Lighting,7 Buttons with Fire Ke...","4.0","4879","798.00","1999.00","Accessories","Budget","Good","Moderate"
"Easyfone Udaan2 - Senior Friendly Keypad Phone with Features Like Loud Sound, Photo Speed dial, Simple menu, SOS, Incoming...","3.5","946","2290.00","2990.00","Other","Economy","Average","Low"
"Spigen EZ Fit Tempered Glass Screen Protector Guard for Valve Steam Deck - 1 Pack","4.6","89","1499.00","2499.00","Other","Economy","Excellent","Low"
"(Renewed) Fire-Boltt Ninja 3 Full Touch 1.69 "" Display & 60 Sports Modes Smartwatch with IP68, Sp02 Tracking, Over 100 Clo...","4.0","235","1103.00","1299.00","Monitor","Economy","Good","Low"
"GoRogue Laptop Desk for Bed, Ventilated Angle Adjustable Notebook Tabletop Stand with Cup, Mobile, Tablet Holder (Black)","4.1","398","1199.00","3999.00","Laptop","Economy","Good","Low"
"(Renewed) realme narzo 50A (Oxygen Blue, 4GB RAM + 128GB Storage)-MediaTek Helio G85 Processor | 50MP Camera Without Offers","3.7","169","9499.00","14999.00","Mobile Phone","Mid Range","Average","Low"
"iQOO 11 5G (Legend, 8GB RAM, 256 GB Storage) | Snapdragon ® 8 Gen 2 Mobile Platform | 2K E6 AMOLED Display | V2 Intelligen...","4.3","352","59990.00","61999.00","Mobile Phone","Luxury","Good","Low"
"RAEGR RapidLink 1160, 65W GaN Fast Charger Adapter PD+Triple USB Wall Charger|60W USB Type C to C Braided Cable|BIS Certif...","3.8","333","2287.00","5999.00","Accessories","Economy","Average","Low"
"Mobile + Tablet Floor Stand [1 Mobile & 1 Tablet Clip] - SooPii Flexi Neck Tablet Holder Mount with Adjustable Height & St...","4.1","2126","1595.00","5999.00","Mobile Phone","Economy","Good","Moderate"
"CEDO Realme 9 Pro Plus (5G) Case Back Cover Shockproof Bumper Crystal Clear | 360 Degree Protection TPU+PC | Camera Protec...","3.8","237","235.00","999.00","Mobile Phone","Budget","Average","Low"
"Yantralay School Of Gadgets 360 ° Rotatable Ball Head Flexible Gorillapod Tripod with Mobile Attachment for DSLR, Action C...","4.1","1579","399.00","1299.00","Mobile Phone","Budget","Good","Moderate"
"DIZORO Camera Lens Protector Compatible for iPhone 13/iPhone 13 Mini, [Anti-Scratch] Premium Tempered Glass Film Aluminum ...","4.7","5","265.00","799.00","Mobile Phone","Budget","Excellent","Low"
"Cosmic Byte Orcus RGB Honeycomb Gaming USB Mouse with Software, Ultra Lightweight 74Grams, Braided Cable (Black)","4.4","242","749.00","999.00","Accessories","Budget","Good","Low"
"TOSHIBA 126 cm (50 inches) C350LP Series 4K Ultra HD Smart LED Google TV 50C350LP (Silver)","4.2","1147","33999.00","54990.00","Television","Premium","Good","Moderate"
"Boya BY-M1DM Dual Lavalier Universal Auxiliary Omnicirectional Microphone with a Single 1/8 Stereo Connector for Smartphon...","4.0","70316","1489.00","3999.00","Other","Economy","Good","Very Popular"
"GO SHOPS Realme 65W Super Vooc Charge, Data Sync Fast Charging Type-C Cable Compatible for Realme XT, Realme XT 730G, Real...","3.8","320","299.00","999.00","Mobile Phone","Budget","Average","Low"
"Tough Lee Tempered Glass Screen Guard Protector for Samsung Galaxy M32 (Only 4G) / M32 Prime Edition / F22 / A32 (Only 4G)...","4.0","2264","255.00","999.00","Mobile Phone","Budget","Good","Moderate"
"LipiWorld® RM-1180M -1(N2QAYB000823 N2QAYB000486 N2QAYB000820 N2QAYB000487 N2QAYB000752 N2QAYB000572) Remote Compatible wi...","4.3","246","319.00","499.00","Other","Budget","Good","Low"
"ESR Magnetic Case for iPad Air 5th Generation Case (2022), iPad Air 4th Generation (2020), iPad Pro 11 (2018), Magnetic At...","4.5","19274","1994.00","2499.00","Tablet","Economy","Excellent","Very Popular"
"LOHAYA Air Conditioner Remote Compatible for Lloyd Split AC Remote Control (AC-233)","3.8","60","499.00","999.00","Other","Budget","Average","Low"
"Western Digital WD Green 240 GB 6.35 cm (2.5 inch) SATA III Internal Solid State Drive (WDS240G2G0A)","4.5","11505","1485.00","4300.00","Other","Economy","Excellent","Very Popular"
"SoloTravel EVA Shockproof Case for External Hard Drive Compatible with 2.5 Inch (6.35 cm) External Hard Disk, Grey","4.3","58","579.00","1299.00","Other","Budget","Good","Low"
"OJOS Ultra Thin Keyboard Protector Cover Compatible for M1 Pro/M1 Max Chip MacBook Pro 14""/16"" M2 M1 A2779 A2442 A2780 A24...","4.1","152","499.00","1299.00","Laptop","Budget","Good","Low"
"FEDUS 5.9 Feet 3 Pin AC Laptop Power Cord Cable Notebook Computer Replacement Charger Cord Wire 18AWG Laptop Adapter Power...","4.1","61","349.00","759.00","Laptop","Budget","Good","Low"
"5V 10W USB Charging Cable for Mi Trimmer, Shavers, Body Groomers & Multi Grooming Models (Replacement for Mi Chargers) (RV...","5.0","1","289.00","999.00","Accessories","Budget","Excellent","Low"
"ONUMTZ Newly Launched Smart Watch Charging Cable, Watch Holder Magnetic 24k Gold Plated 2 pin Cable, Compatible with T55, ...","3.3","15","199.00","999.00","Smartwatch","Budget","Average","Low"
"Spigen Liquid Air Back Cover Compatible for Samsung Galaxy A73 5G (TPU | Matte Black)","4.3","295","1099.00","1499.00","Mobile Phone","Economy","Good","Low"
"AmazonBasics UV Protection Lens Filter - 58 mm","4.2","25044","259.00","599.00","Other","Budget","Good","Very Popular"
"iBall WBS-650MV 2.4GHZ Wireless High-Speed 1D Barcode Scanner Reader, Grey","4.2","705","3199.00","5999.00","Printer","Economy","Good","Low"
"(Renewed) Lenovo ThinkCentre Desktop Computer PC (Intel Core i7 2600/ 16 GB RAM/ 1 TB HDD + 256 GB SSD/ Windows 10 Pro/ MS...","3.7","148","17982.00","49999.00","Other","Mid Range","Average","Low"
"Canon GI-70 BK Ink Bottle (Black)","4.4","132","995.00","999.00","Other","Budget","Good","Low"
"OpenTech® Silicone Protection Bumper Case Cover for Samsung Galaxy Watch 4 Classic (46mm) Full Coverage (Black)","4.4","396","299.00","999.00","Mobile Phone","Budget","Good","Low"
"HELLO ZONE Rubber Exclusive Matte Finish Soft Back Case Cover for Oppo A74 5G - Black","3.9","122","149.00","699.00","Mobile Phone","Budget","Average","Low"
"Newlike Thermoplastic Polyurethane Samsung Galaxy Z Fold 4 5G Case Premium Tough Rugged Solid [Bumper] Transparent Hard PC...","4.0","12","299.00","999.00","Mobile Phone","Budget","Good","Low"
"Belkin 18W USB Type C Adapter (iPhone Fast Charger for All iPhone 14, iPhone 13, Iphone12 Models, Ipad Pro and Type-C Andr...","4.5","1362","1645.00","2999.00","Mobile Phone","Economy","Excellent","Moderate"
"Amazon Basics RJ45 Cat-6 Ethernet Patch/LAN Cable for Personal Computer - 10 Feet/3 Meters (Black)","4.5","25338","349.00","800.00","Other","Budget","Excellent","Very Popular"
"TheGiftKart Flip Back Cover Case for Samsung Galaxy M33 5G | Genuine Leather Finish | Designer Button | Inbuilt Pockets & ...","4.1","334","299.00","999.00","Mobile Phone","Budget","Good","Low"
"SanDisk 2TB Extreme Pro Portable SSD 2000MB/s R/W, Upto 2 Meter Drop Protection with IP55 Water and dust Resistance, Metal...","4.4","45569","21998.00","80000.00","Other","Premium","Good","Very Popular"
"OpenTech® Tempered Glass Screen Protector Compatible for Xiaomi Mi 10i 5G / MI 11i / 11i Hypercharge / 11T Pro/Redmi Note ...","4.0","1135","299.00","999.00","Mobile Phone","Budget","Good","Moderate"
"AirCase C26 13.3 Inch/14 Inch Messenger Laptop Bag with Shoulder Strap, Water resistant, Handle and 2 Multi Utility Compar...","4.1","575","949.00","2499.00","Laptop","Budget","Good","Low"
"Pikkme Vivo T1 5G / Vivo Y75 5G / iQOO Z6 5G Flip Cover | PU Leather Finish | 360 Protection | Wallet & Stand | Strong Mag...","4.0","74","199.00","999.00","Mobile Phone","Budget","Good","Low"
"TheGiftKart Smoke Back Cover Case for Redmi Note 11 / Note 11s | Translucent Smoked Matte Back | 360 Degree Protection | P...","4.2","280","279.00","999.00","Mobile Phone","Budget","Good","Low"
"Tukzer Case Cover for Samsung Galaxy Tab A7 Lite 8.7"" (2021) - Ultra Slim Lightweight Hard Back Trifold Smart Stand Flip F...","4.2","839","449.00","1299.00","Mobile Phone","Budget","Good","Low"
"JNKC Full HD Wi-fi Wireless IP CCTV Security Camera Light Vision, Night Vision Remote Indoor 1080p V380 Pro App 360 Degree...","4.3","124","1999.00","3999.00","Television","Economy","Good","Low"
"Ringke Onyx Compatible for Google Pixel 7 Case Cover Rugged Flexible Durable Anti-Slip TPU Protection Shockproof Google Pi...","4.7","1400","1299.00","1899.00","Mobile Phone","Economy","Excellent","Moderate"
"Fire-Boltt Dynamite Bluetooth Calling Smartwatch with Industry's Largest 1.81"" Display, 120+ Sports Mode, IP68 Rating, Fas...","4.1","4494","2499.00","9999.00","Monitor","Economy","Good","Moderate"
"Metallic Finish Cable Charger Spiral Protector/Wire Repair/Pet Cord Protector/Headphone Saver, Cable Wrap/Cover for iPhone...","4.2","1177","129.00","399.00","Mobile Phone","Budget","Good","Moderate"
"ORICO M.2 NVMe SATA SSD Enclosure Adapter Tool-Free, USB C 3.2 Gen 2 10Gbps NVME, 5Gbps NGFF SATA PCIe M-Key(B+M Key) 223...","4.4","171","1529.00","2899.00","Accessories","Economy","Good","Low"
"WOW IMAGINE Shock Proof Clear Back Case Cover for Samsung Galaxy M33 5G (Hard Hybrid PC + TPU | Full Armour Device & Camer...","4.2","1483","289.00","999.00","Mobile Phone","Budget","Good","Moderate"
"Remote Compatible for Samsung AC Remote(White) 90","4.4","9","320.00","666.00","Other","Budget","Good","Low"
"Csecurity RJ45 Inline Coupler Cat7/Cat6/Cat5e Ethernet Network Router Cable Extender Connector - Black","4.3","927","80.00","299.00","Networking","Budget","Good","Low"
"Amazon Brand-Solimo Silicone Basic Case for Samsung Galaxy M33 5G - Clear","4.2","281","128.00","499.00","Mobile Phone","Budget","Good","Low"
"PRO365 Adjustable Tablet Holder Stand Compatible with iPad, Tablets & Phone (White)","4.3","459","249.00","799.00","Tablet","Budget","Good","Low"
"SupCares Edge to Edge Anti Glare Matte Tempered Glass for iPhone 12 and iPhone 12 Pro (6.1 Inch) with Easy Self Installati...","4.5","33","319.00","799.00","Mobile Phone","Budget","Excellent","Low"
"Pinzo™ Memo Pad Cube with Approx 800 Multicolor Paper Sheets","4.4","475","449.00","649.00","Other","Budget","Good","Low"
"D2Q Vivo Compatible Fast Charging USB Data Cable for Vivo Smartphones Supports High Speed Charging Upto 3.1A (White) (6 Mo...","3.7","14","149.00","799.00","Mobile Phone","Budget","Average","Low"
"CEDO Flip Redmi Note 9 Pro/Note 9 Pro Max/Note 10 Lite Flip Cover | Leather Finish | Inside Pockets & Inbuilt Stand | Shoc...","4.0","3167","229.00","999.00","Mobile Phone","Budget","Good","Moderate"
"Prime Deals Professional 6-in-1 Cleaning Kit -Air Blower, Cotton Swabs, Suede + Plush Micro-Fiber Cloth, Brush,Cleaning So...","4.1","1102","298.00","999.00","Other","Budget","Good","Moderate"
"POPIO Tempered Glass Screen Protector Compatible for Motorola Moto G60 / Motorola Moto G40 Fusion (Black) with Edge to Edg...","4.1","218","299.00","599.00","Other","Budget","Good","Low"
"Boult Audio Probass Qcharge Bluetooth Wireless in Ear Earphones with Mic with Fast Charging, 20H Battery Life, Ipx5 Water ...","3.7","9525","1099.00","4999.00","Other","Economy","Average","Popular"
"Kingston SSDNow A400 480GB Internal Solid State Drive (SA400S37/480GIN)","4.5","7456","2505.00","6350.00","Other","Economy","Excellent","Popular"
"KABEER ART 12 x7 inch Size Clear Transparent Acrylic Kidney Shaped Drawing Palette","4.2","556","289.00","450.00","Other","Budget","Good","Low"
"pTron Bassbuds Xtreme in Ear Bluetooth Truly Wireless in Ear Earbuds with mic, 32Hrs Playtime, BT5.3, 13mm Driver, Stereo ...","3.3","167","899.00","4599.00","Earbuds","Budget","Average","Low"
"Laptop Table Leg mounts","1.0","2","219.00","499.00","Laptop","Budget","Poor","Low"
"D'Addario Electric Regular {Light Gauge10/46 BRIGHT TONE ROUND WOUND} Guitar Strings (Bronze)","4.5","1513","340.00","420.00","Other","Budget","Excellent","Moderate"
"SaleOn Pack of 1 Desk Lamp Study Lamp USB Lamp Touch Switch On-Off 3 Level Led Light for Laptop and Power Bank Eye Protect...","4.6","57","329.65","999.00","Laptop","Budget","Excellent","Low"
"HIRATEK Magnetic Mount Metal Plates for Magnetic Car Dashboard Mount Mobile Phone Holders and Other Magnetic Mount Holders...","4.1","344","251.00","999.00","Mobile Phone","Budget","Good","Low"
"NISHTECH for Redmi A1 (2022) Premium Transparent Crystal Clear Soft & Slim Back case Cover [Transparent]","4.0","1618","149.00","699.00","Mobile Phone","Budget","Good","Moderate"
"Qizlar Extended Gaming Mouse Pad (800mm x 300mm x 3mm) Extra Large Gaming Mouse Mat for Gamer, Waterproof Office Desktop M...","4.3","24","649.00","1599.00","Accessories","Budget","Good","Low"
"AmazonBasics Water Repellent and Wear Resistant Laptop Backpack - 24L, Blue","4.2","429","749.00","1999.00","Laptop","Budget","Good","Low"
"Stupefying 6 in 1 Military Pen with Compass, Torch, Tools, Phone Stand and Stylus Pen (Pck of 1)","3.4","168","199.00","399.00","Other","Budget","Average","Low"
"Pikkme Samsung Galaxy S21 FE 5G Back Cover | Crystal Clear Transparent Back | Ultra Hyrbid | Full Camera Protection | Rais...","3.7","16","199.00","999.00","Mobile Phone","Budget","Average","Low"
"Nillkin TPU CamShield Pro with Slide Camera Cover for Samsung S22 Ultra 5g case 6.8'' - Black","4.2","328","1099.00","3999.00","Camera","Economy","Good","Low"
"Portronics Dynamo 5W POR-737 Bluetooth 5.0 Portable Stereo Speaker with TWS, USB Music & FM Music and Clear Bass Sound (Blue)","4.2","4733","1049.00","1999.00","Earbuds","Economy","Good","Moderate"
"Dynotrek Vostro 15.6 Inch Laptop Sleeve Cover Pouch with Handle Compatible for Mackbook ThinkPad Tablet Chromebook Surface...","4.0","710","349.00","1789.00","Laptop","Budget","Good","Low"
"KZ EDX PRO Earphones Headphones with 1DD, Yinyoo EDX PRO Wired in Ear Earbuds HiFi Deep Bass Sound with 1DD New 10mm Dynam...","4.4","889","1199.00","1999.00","Earbuds","Economy","Good","Low"
"JXL 1063 10 Inch Active Bass Tube Subwoofer with Inbuilt Amplifier 5400W (Black)","4.1","995","4298.00","10500.00","Other","Economy","Good","Low"
"SanDisk Extreme SD UHS I 256GB Card for 4K Video for DSLR and Mirrorless Cameras 180MB/s Read & 130MB/s Write","4.5","215311","3049.00","7400.00","Camera","Economy","Excellent","Very Popular"
"Empire Accessories Bumper || Transparent || Edge to Edge Protection Back case Cover for Google Pixel 6 - Transparent","4.0","80","224.00","599.00","Mobile Phone","Budget","Good","Low"
"Canon PIXMA G3060 All-in-One High Speed Wi-Fi Ink Tank Colour Printer (Black)","4.3","195","16549.00","18595.00","Printer","Mid Range","Good","Low"
"SHOPEE Rear Lens Cap & Camera Body Cap Cover for Sony E Mount A7 IV A1 ZV-1 ZV-E10 A7C A7R IV III A7 III II A7S III II A66...","3.9","96","189.00","500.00","Camera","Budget","Average","Low"
"ANCHOR 250V 1440W Power Strip 6 Way with Single Switch","4.2","791","589.00","999.00","Other","Budget","Good","Low"
"SupCares Edge to Edge Tempered Glass for Samsung Galaxy M51 / M62 / F62 / A71 (6.7 Inch) with Easy Self Installation Kit |...","4.2","121","289.00","799.00","Mobile Phone","Budget","Good","Low"
"Panasonic eneloop AAA Rechargeable Battery, Pack of 2","4.4","26595","522.00","550.00","Other","Budget","Good","Very Popular"
"Dyazo Capacitive Stylus Pen for All Touch Screens Devices, Fine Point, Lightweight Aluminum Body Compatible with All Andro...","3.9","2754","399.00","999.00","Other","Budget","Average","Moderate"
"QZ SATA to USB 3.1 Hard Disk External Enclosure Case for 3.5 inch/2.5 inch HDD/SSD, 3.5 inch Hard Disk Case, HDD Casing, B...","4.2","1440","1985.00","2610.00","Other","Economy","Good","Moderate"
"SupCares Edge to Edge Privacy Tempered Glass for iPhone 14 Pro Max (6.7 Inch) with Easy Self Installation Kit | Black","3.8","39","399.00","799.00","Mobile Phone","Budget","Average","Low"
"Fedus Clear HD Screen Guard Scratch Protector for 15.6 Inch Laptop","3.6","551","249.00","499.00","Laptop","Budget","Average","Low"
"Tabelito® Basic Laptop Bag Sleeve Case Cover Padded Pouch for 13-14 Inches laptops Multi Pocket Accessories MacBook/Dell/L...","4.2","1966","299.00","999.00","Laptop","Budget","Good","Moderate"
"Print Star Canon 3010 Compatible Toner Cartridge for Canon MF3010 , MF 3010 Monochrome Multi-Function Laser Printer (Pack ...","4.1","331","565.00","1999.00","Printer","Budget","Good","Low"
"Oraimo Shark 4 Bluetooth Neckband Wireless in Ear Earphones Deep Bass,20Hrs Playtime,ASAP Charge,ENC Tech,Low-Latency Ergo...","3.9","800","889.00","1999.00","Other","Budget","Average","Low"
"Amazon Brand - Solimo Rhine Study/Laptop Table (Blue, Powder Coated,Engineered Wood)","4.2","62","1249.00","3400.00","Laptop","Economy","Good","Low"
"Sansui 60 cm (24 Inches) HD Ready LED TV JSY24NSHD (Black)","3.7","157","7490.00","12990.00","Television","Mid Range","Average","Low"
"Tuarso 43W Car Charger Fast Charging , Car Mobile Charger With Dual-Port Fast Charging At The Same Time ( PD 25W & QC3.0 1...","4.0","197","599.00","999.00","Mobile Phone","Budget","Good","Low"
"FENTICO HDMI Splitter Adapter Cable HDMI Splitter 1 in 2 Out HDMI Male to Dual HDMI Female 1 to 2 Way for HDMI HD, LED, LC...","5.0","1","349.00","998.00","Accessories","Budget","Excellent","Low"
"MOCA 9 to 11 Inch Tablet Sleeve Bag Carrying Case Fits iPad air 5 10.9"" 2022, iPad Pro 11 2021-2018, iPad 9/8/7th Gen 10....","4.2","113","500.00","1999.00","Tablet","Budget","Good","Low"
"Cosmic Byte CB-EP-03 Gaming Wired Earphone with Detachable Microphone for PC, PS4, Mobiles, Tablets (Black, Pack Of 1)","3.7","2589","749.00","999.00","Mobile Phone","Budget","Average","Moderate"
"Amkette MultiPort Type C 3 in 1 Hub with 4K HDMI Output to Monitors, TVs & Projectors for MacBook, Chromebook and More (Me...","3.9","572","1189.00","1899.00","Laptop","Economy","Average","Low"
"DVTECH® (Pack of 02 Best Fit clear premium Smartwatch screen protector for Fire-Boltt Invincible (Not a Tempered glass)","3.2","215","99.00","499.00","Smartwatch","Budget","Average","Low"
"Dell Pro Laptop Briefcase Messenger Bag with Handle & Detachable Shoulder Strap | PO1520C - for upto 15.6"" Laptop/Macbook...","4.2","111","2499.00","4499.00","Laptop","Economy","Good","Low"
"ZEBRONICS Zeb-Grace U Wired Over Ear Headphone with Mic (Black)","3.4","2251","1099.00","1299.00","Headphones","Economy","Average","Moderate"
"Zapcase Carbon Fibre Rugged Armour Back Cover Case Compatible for Xiaomi Redmi Note 5 Pro Cases & Covers (Black)","4.1","12018","149.00","399.00","Mobile Phone","Budget","Good","Very Popular"
"D'Addario EJ15 Acoustic Guitar Strings","4.4","4538","545.00","630.00","Other","Budget","Good","Moderate"
"Fashionury Ultra-Hybrid Soft Crystal Clear Back Case Cover for iPhone 12/12 Pro | Shockproof Design | Camera Protection Bu...","5.0","1","149.00","399.00","Mobile Phone","Budget","Excellent","Low"
"Amazon Brand - Solimo Plastic Soft & Flexible Back Cover for Oppo F19 Pro Plus (Transparent)","3.9","61","139.00","399.00","Mobile Phone","Budget","Average","Low"
"Epson EcoTank L4260 A4 Wi-Fi Duplex All-in-One Ink Tank Printer","4.1","770","22108.00","23999.00","Printer","Premium","Good","Low"
"AlexVyan TV Wall Mount Stand 32 to 55"" (32 40 42 46 52 55 inch) LCD Plasma LED Bracket for TV of Sony LG Samsung Micromax ...","3.7","637","459.00","899.00","Television","Budget","Average","Low"
"TP-LINK TL-PoE150S PoE Injector Adapter, IEEE 802.3af Compliant, up to 100 Meters (325 Feet),Gigabit -10/100/1000,Black","4.2","6904","1349.00","1799.00","Accessories","Economy","Good","Popular"
"Elzzi Crystal Clear Designed for iPhone 14 Case | Anti-Yellowing |Transparent Hard Back Cover | Shockproof Case |TPU + Pol...","4.5","16","279.00","899.00","Mobile Phone","Budget","Excellent","Low"
"OpenTech® Tempered Glass Screen Protector Compatible for Samsung Galaxy M51 / M52 / M62 / F62 / A71 (Transparent) Full Scr...","4.0","9927","149.00","999.00","Mobile Phone","Budget","Good","Popular"
"LINLO Back Camera Tempered Glass Lens Protector Compatible for Apple iPhone 13/13 Mini with Edge to Edge Coverage and Easy...","3.9","785","284.00","699.00","Mobile Phone","Budget","Average","Low"
"Prolet Designed for AirPods Pro Case Cute 3D Bulldog Fashion Character Silicone Case Cover for Airpods Pro Protective Skin...","4.1","601","299.00","599.00","Earbuds","Budget","Good","Low"
"AE Mini Digital Voice Recorder of 32 GB Micro SD Card Supportable Professional Audio Recorder MP 3 Player TF Card Dictapho...","3.0","91","1324.00","3999.00","Other","Economy","Average","Low"
"Amazon Brand - Solimo Back Cover Case for Huawei Honor 9N | Compatible for Huawei Honor 9N Back Cover Case | 360 Degree Pr...","4.1","171","139.00","299.00","Other","Budget","Good","Low"
"Lenovo IdeaPad Flex 5 AMD Ryzen 5 5500U 14""(35.56cm)WUXGA IPS 2-in-1 Convertible Touchscreen Laptop(16GB/512GB SDD/Win11/M...","4.0","30","63490.00","95090.00","Laptop","Luxury","Good","Low"
"FOLX FMS1210 Metal Stainless Steel Bands Compatible with Apple Watch Bands, Loop Magnetic Milanese Mesh Strap for iWatch S...","4.1","795","489.00","1999.00","Other","Budget","Good","Low"
"Envie Infinite Plus AA High Capacity (2800mAh) Ni-MH Rechargeable Ready to Use Battery Pack of 2","4.3","84","449.00","545.00","Other","Budget","Good","Low"
"Action Pro Tripod Mount Adapter and Screw Compatible with GoPro Hero 11 10 9 8 7 6 5 4 3 2 SJCAM Yi 4K Eken and Other Acti...","4.0","233","149.00","299.00","Accessories","Budget","Good","Low"
"SAHU KRAFT Non-Slip Do More What Makes You Happy Motivational Quote Printed Mouse Pad for Computer, PC, Laptop Mousepad (M...","4.1","7","90.00","249.00","Laptop","Budget","Good","Low"
"Wayona 20W Dual Port USB C+USB A Fast Charging PD/QC 3.0 Charger Compatible with iPhone 14 13 12 11 Pro/Max/Mini Samsung G...","4.0","1172","699.00","1499.00","Mobile Phone","Budget","Good","Moderate"
"CROSSVOLT 4-in-1 Portable Type C Hub [Type-C to 4 USB-A Port] with Fast Data Transfer.","4.1","257","379.00","999.00","Other","Budget","Good","Low"
"TheGiftKart Sleek Back Cover Case for Samsung Galaxy S23 Ultra 5G | Slim Fit Protective Design | Ultra Matte Finish | Came...","4.5","16","284.00","999.00","Mobile Phone","Budget","Excellent","Low"
"pTron Bassbuds Tango ENC (Environmental Noise Cancellation), Dedicated Movie Mode, 40Hrs Total Playtime, Bluetooth 5.1 Wir...","3.7","24285","999.00","3999.00","Other","Budget","Average","Very Popular"
"Lenovo Tab M8 (2nd Gen) FHD 20.32 cm (8 inch,3 GB, 32 GB, wi-fi+4G LTE, Voice Calling), Grey","4.1","3101","10598.00","20000.00","Networking","Mid Range","Good","Moderate"
"CZARTECH [1.2 Mt USB-C cable Compatible with i-Phone, i-Pad and More, 20W Fast Charging,Power Delivery Cable [Nylon Braide...","4.0","540","499.00","949.00","Other","Budget","Good","Low"
"KHR Pouch Compatible with Noise Buds VS104 Protective Soft Silicone 360° Full Protection Dust-Proof Shockproof Case Cover ...","2.6","19","269.00","399.00","Other","Budget","Poor","Low"
"Miracase Upgrade Cover for Airpods Pro 2 2022 Launch Case, Triple Layer Protective Liquid Silicone Case for AirPods Pro 2n...","3.7","402","349.00","899.00","Earbuds","Budget","Average","Low"
"Amozo Liquid Silicon Shockproof, Camera Protection, with Fabric Lining Back Case Cover for OnePlus Nord CE 5G (Silicon | B...","4.2","2402","284.00","999.00","Mobile Phone","Budget","Good","Moderate"
"Spigen Ultra Hybrid Pro Case with Pencil Holder Compatible with iPad Pro 12.9 inch (2022 / 2021) - Black","4.3","640","2564.00","4499.00","Tablet","Economy","Good","Low"
"Spigen EZ Fit Tempered Glass Screen Guard for iPhone 11 / Xr - 2 Pack","4.4","41518","1199.00","2899.00","Mobile Phone","Economy","Good","Very Popular"
"Consistent 64GB Pen Drive USB 2.0 Metal Body with Keychain Carabiner","4.7","5","348.00","1999.00","Other","Budget","Excellent","Low"
"LF KIA Seltos Car Accessories Navigation or Music System (Stereo) Touch Screen Guard 10.25inch (Company Fitted) - Clear","4.1","1843","299.00","999.00","Other","Budget","Good","Moderate"
"Amazon Basics 21.5-Inch (54.5cm) LCD 1920 x 1080 Pixels Monitor, Full HD (1080p),75 Hz Refresh Rate, 5ms Response Time, 8-...","3.9","102","5939.00","13500.00","Mobile Phone","Mid Range","Average","Low"
"APC Easy UPS BVX1200LI-IN 1200VA / 650W, 230V, UPS System, an Ideal Power Backup & Protection for Home Office, Desktop PC...","4.0","576","8499.00","10900.00","Other","Mid Range","Good","Low"
"JUSTEC Premium Keyboard Cover Protector for New HP Pavilion 15-eh 15-eg 15-er Series Laptop - Clear","4.0","175","399.00","1500.00","Laptop","Budget","Good","Low"
"2.5mm Male to 3.5mm Female / 3.5mm Female to 2.5mm Male Stereo Audio Adapter Headset Converter Connector for Smartphones, ...","3.4","407","249.00","398.00","Mobile Phone","Budget","Average","Low"
"K London 14 Inches Slim Tan Vegan Leather Men Women Unisex Laptop MacBook Shoulder Messenger Office Bag (1808-tan)","4.2","658","1189.00","3000.00","Laptop","Economy","Good","Low"
"Maquter Fast Type-C Charger for Samsung Galaxy M11, M20, M30s, M30, M31, M31s, M40, M41, M51 || Hi Speed Travel Charger ||...","3.2","207","359.00","799.00","Mobile Phone","Budget","Average","Low"
"Regal toy's,Charger.12V Kid's Powered Universal Charger with Charging Indicator Light-for a Variety of Electric Kid's Batt...","3.8","210","599.00","699.00","Accessories","Budget","Average","Low"
"TheGiftKart Back Cover Case for OnePlus 9R (Hybrid TPU & PC | Smoked Back | Black Bumper)","3.9","2084","299.00","999.00","Mobile Phone","Budget","Average","Moderate"
"TIED RIBBONS Pack of 20 - Organza Pouches Return Gift Bags Potlis for Wedding Party (13 cm X 18 cm, Assorted Color)","4.1","301","279.00","799.00","Other","Budget","Good","Low"
"Lenovo 530 Wireless Mouse (Platinum Grey): Ambidextrous, Ergonomic Mouse, Up to 8 Million clicks for Left and Right Button...","4.5","4436","975.00","1690.00","Accessories","Budget","Excellent","Moderate"
"Portronics Power 45 20000mAh Power Bank for Laptop/Mobile with 45W Fast Charging, Dual Input(Type C + Micro USB) & Triple ...","3.6","148","3099.00","6999.00","Laptop","Economy","Average","Low"
"Doodle Unicorn Wiro Hard Bound Spiral Notebook Diary with Bookmark Dangler (A5,160 Ruled Pages, 80GSM, Multicolor)","4.3","1829","299.00","445.00","Laptop","Budget","Good","Moderate"
"Oratech New_Edition i7 Pro Max All in One Series 7 Smart Watch with Fitness Tracker Heart Monitor Men Women Smartwatch ( B...","3.0","170","709.00","2999.00","Monitor","Budget","Average","Low"
"Aster EX3008 3 Universal Multi Plug Wall Point Socket Extension Board with Two 2.8 Amp Fast Charging USB Ports , ON/Off Sw...","3.7","137","465.00","799.00","Other","Budget","Average","Low"
"Matlek Bluetooth Earbuds | True Wireless in Ear Earphones with Deep Bass | 16 Hour Battery","3.8","20","549.00","1490.00","Earbuds","Budget","Average","Low"
"AirCase Protective Laptop Bag Sleeve fits Upto 14.1"" Laptop/ MacBook, Wrinkle Free, Padded, Waterproof Light Neoprene case...","4.2","465","499.00","1299.00","Laptop","Budget","Good","Low"
"Kangaro Heavy Duty Stapler DS-23 S 24 FL","4.4","164","1710.00","2450.00","Other","Economy","Good","Low"
"TheGiftKart Shockproof Crystal Clear OnePlus 10R 5G / 10R Prime 5G Back Cover Case 360 Degree Protection Design Transparen...","4.1","583","255.00","999.00","Mobile Phone","Budget","Good","Low"
"Panasonic KX-TG3711SX Cordless Phone Silver","4.1","1296","3199.00","3800.00","Other","Economy","Good","Moderate"
"Apple iPhone 13 (256GB) - Midnight","4.6","13932","71999.00","79900.00","Mobile Phone","Luxury","Excellent","Very Popular"
"Amazon Brand - Solimo Bumper for Samsung Galaxy Note 20 Ultra (Silicone_Clear)","3.6","120","145.00","499.00","Mobile Phone","Budget","Average","Low"
"BOBO BM4 Jaw-Grip Waterproof Bike / Motorcycle / Scooter Mobile Phone Holder Mount, Ideal for Maps and GPS Navigation (Red)","4.5","15669","1199.00","2199.00","Mobile Phone","Economy","Excellent","Very Popular"
"Parker Vector Standard CT(RB+BP) Pen (Black)","4.0","1983","449.00","550.00","Other","Budget","Good","Moderate"
"AmazonBasics RJ45 Cat 7 High-Speed Gigabit Ethernet Patch Printer, Server Internet Cable, 10Gbps, 600MHz - (Black, 5-Foot)","4.4","598","229.00","499.00","Printer","Budget","Good","Low"
"Amazon Brand - Solimo Thermoplastic Polyurethane Back Cover For Samsung Galaxy Note 9 (Transparent)","4.0","258","139.00","499.00","Mobile Phone","Budget","Good","Low"
"FriendZon 9H Nano Speedometer Screen Protector Scratch Guard Compatible with Bajaj Pulsar 125, 150, 180F, 220F","3.4","127","199.00","399.00","Other","Budget","Average","Low"
"Mahir Multipurpose Laptop Table with Dock Stand & Non-Slip Legs Foldable and Portable Lapdesk for Study & Bed (Pink)","3.7","14","239.00","999.00","Laptop","Budget","Average","Low"
"Neewer 2 Packs Dimmable 5600K USB LED Video Light with Adjustable Tripod Stand/Color Filters for Tabletop/Low Angle Shooti...","4.2","19551","2999.00","3990.00","Tablet","Economy","Good","Very Popular"
"Tarkan Stud Foldable Wooden Finish Mini Desk for Couch, Sofa Bed, Study Tray Table Stand for Writing (Beige)","4.2","588","654.00","1499.00","Other","Budget","Good","Low"
"DailyObjects Surge™ PD GaN 65W PPS 5x Ultra Super Fast Dual Port Type-C | Type-A Charger | Smart USB Compact Mobile Adapte...","4.3","116","2799.00","3299.00","Mobile Phone","Economy","Good","Low"
"INDRICO 16A Electric Multi Outlet Extension Board Box with MCB for Heavy Duty PVC White Pack of 1 (2.5 MM 3000 Watts, 3 Me...","4.6","264","1399.00","3999.00","Other","Economy","Excellent","Low"
"Parker Aster Shiny Chrome Gold Trim Roller Ball Pen | Body Color - Shiny chrome | Ink Color - Blue","4.4","100","1440.00","1600.00","Other","Economy","Good","Low"
"W26 Smart Watch Charger Magnetic, Charging Cable for Boat Xtend, Noise ColorFit Pulse, Colorfit Ultra/Ultra 2, Color Fit P...","3.8","31","249.00","999.00","Smartwatch","Budget","Average","Low"
"Half Moon 30L Waterproof 15.6 inch Laptop Office School College Bag Backpack for Men Women Boys & Girls","3.6","360","589.00","1799.00","Laptop","Budget","Average","Low"
"Charger Noise Pulse Go Buzz SmartWatch Charger 2 Pin USB Fast Charger Magnetic Charging Cable Adapter Smartwatch Accessories","3.6","4","249.00","999.00","Smartwatch","Budget","Average","Low"
"Hoteon Extension Board with USB Port, Power Strip with QC3.0 Fast Charging Ports, 4 Way Outlets Sockets with Master Switc...","4.5","3838","1519.00","2999.00","Other","Economy","Excellent","Moderate"
"ZOUK Women Laptop Bag Royal Indian Peacock Motif","4.4","76","1699.00","4863.00","Laptop","Economy","Good","Low"
"Sounce Protective Case Cover Compatible Noise Colorfit Ultra/Noise Colorfit Ultra Buzz Overall Protective Case TPU HD Clea...","4.0","5579","299.00","999.00","Other","Budget","Good","Popular"
"Quantum QHM6660 4 Port Hi-Speed USB Hub with Power Switch (Multicolor)","3.9","2856","219.00","599.00","Other","Budget","Average","Moderate"
"ZOUK Women Office Bag Ikat Grered","4.3","93","1699.00","4863.00","Other","Economy","Good","Low"
"Zebronics 19.5 inch Monitor(49.5CM) with Anti Glare, HD, Slim Design and Wall Mount","3.7","2107","4999.00","9499.00","Monitor","Economy","Average","Moderate"
"(Renewed) Redmi Note 9 (Pebble Grey, 4GB RAM 64GB Storage) - 48MP Quad Camera & Full HD+ Display - 3 Months No Cost EMI on...","3.3","162","8616.00","14999.00","Mobile Phone","Mid Range","Average","Low"
"BRUSTRO Metallic Brush Pens - Soft Brush Tip for Calligraphy, Hand Lettering, Colouring, Scrapbooking, Card Making - Set o...","4.4","1303","635.00","735.00","Other","Budget","Good","Moderate"
"Spigen EZ Fit Optik Pro Tempered Glass Camera Lens Protector Guard for iPhone 14 Pro / 14 Pro Max (Gold) - 2 Pack","4.3","939","1199.00","2499.00","Mobile Phone","Economy","Good","Low"
"Wolpin Laptop Table Foldable Desk with Notebook Holder & Cup Holder Multipurpose Study Table, Breakfast Table, Foldable an...","3.3","5","1139.00","1299.00","Laptop","Economy","Average","Low"
"Pikkme Bumper Back Cover for iPhone 13 (TPU | Black)","4.0","211","299.00","999.00","Mobile Phone","Budget","Good","Low"
"REALCASE Samsung S21 FE 5G Back Cover | Scratch Resistant Protective Crystal Clear Transparent | Polycarbonate Bumper Back...","3.5","56","198.00","499.00","Other","Budget","Average","Low"
"Spigen TPU and PC Ultra Hybrid Back Cover, Compatible for Samsung Galaxy S21 FE 5G - Crystal Clear","4.1","710","1299.00","2099.00","Mobile Phone","Economy","Good","Low"
"10WeRun Magnetic Phone Holder in Car Airvent Mount Universal Magnetic Car Mount Mobile Phone Holder Stand Magnet Support C...","3.9","80","399.00","1999.00","Mobile Phone","Budget","Average","Low"
"SQUIF Slim Soft Back Case for iPhone 14 Cover Ultra Thin, Flexible with Precise Camera Cuts and Extra Protection (Black)","4.0","5","259.00","999.00","Mobile Phone","Budget","Good","Low"
"Canon Pixma MG 3070S All-in-One Wireless Inkjet Colour Printer (Black) with 1 Colour Cartridge","3.4","1260","4549.00","5550.00","Printer","Economy","Average","Moderate"
"BRACKET INDIA SKY-011 Universal 14-32-inch LED LCD TV Wall Mount Bracket (Black)","3.4","1025","220.00","499.00","Television","Budget","Average","Moderate"
"EZVIZ by Hikvision|C8C Outdoor WiFi 1080p Motorized Pan/Tilt Camera,Color Night Vision, Dust and Water Protection, BuiltIn...","4.0","3280","6999.00","9900.00","Camera","Mid Range","Good","Moderate"
"ABOUTTHEFIT Keyboard Case for Samsung Galaxy Tab S6 Lite 10.4'' 2020 Model Sm-P610 (Wi-Fi) Sm-P615 (LTE), Slim Stand Cover...","3.9","754","1799.00","3999.00","Mobile Phone","Economy","Average","Low"
"HP Laserjet 136w Compact Monochrome Multifunction Printer with Direct Wi-Fi (Print, Scan, Copy)","4.0","943","18299.00","21688.00","Printer","Mid Range","Good","Low"
"ADTALA Magnifying Glass with Light, Folding Handle, 5 Bright LED Magnifier, 2X Rectangular Handheld Reading Magnifying Gla...","4.2","1010","619.00","5999.00","Other","Budget","Good","Moderate"
"Fezora® Wireless Powerful 120 WATTS Car Vaccum Cleaner with Custom Head Extension and Charging Cable - 2000 MAH Suction Po...","3.2","38","999.00","1899.00","Other","Budget","Average","Low"
"Bestor® Scribble Board, Doodle Pad Tablet E-Writer/Writing Digital Memo Erasable 12 Inch LCD Tablet with Screen Lock Funct...","3.8","935","449.00","1299.00","Tablet","Budget","Average","Low"
"SupCares Edge to Edge Privacy Tempered Glass for iPhone 11 and iPhone XR (6.1 Inch) with Easy Self Installation Kit | Black","3.8","51","399.00","799.00","Mobile Phone","Budget","Average","Low"
"Smart Watch - ID116 Plus Bluetooth 1.3"" LED with Blood Oxygen Monitoring, Continuous Heart Rate Sensor, Full Touch Screen,...","3.9","120","429.00","999.00","Monitor","Budget","Average","Low"
"MI Poco M2 Pro (Green and Greener, 6GB RAM, 128GB Storage)","3.6","46","12999.00","29999.00","Mobile Phone","Mid Range","Average","Low"
"Belkin Apple Certified Lightning to Type C Cable, 6.6 feet/2M, Tough Unbreakable Braided Fast Charging for Iphone, Ipad, A...","4.4","4432","999.00","2499.00","Mobile Phone","Budget","Good","Moderate"
"Dell Orignal Battery M5Y1K Inspiron 5558 3458 3558 3551 5558 3451 5758 Vostro 3458 3558 14.6V 2600mAh","4.0","1685","2299.00","4199.00","Other","Economy","Good","Moderate"
"CARE CASE ® Headphones Shock Proof Pouch for Boat Airdopes 141/148 with LED Light Indicator Protective Soft Silicone Case ...","3.6","532","225.00","699.00","Earbuds","Budget","Average","Low"
"Golden Wolf Laptop Bag Business Anti-theft Backpack with Lock, Water Resistant College School Laptop Backpack with Rain Co...","4.4","3248","1946.00","3999.00","Laptop","Economy","Good","Moderate"
"Telescope Adjustable Phone Scope Mount:Cellphone Telescope Adapter Mount, Compatible with Smartphone Adapter Mount for Mon...","4.1","12","488.00","999.00","Mobile Phone","Budget","Good","Low"
"CableCreation USB C to HDMI Cable,Type C to HDMI Cable HDR 4K@60Hz,2K@144Hz,USB Type C to Hdmi Adapter Thunderbolt 3 Compa...","4.3","908","1582.00","5404.00","Accessories","Economy","Good","Low"
"POCO M3 (Power Black, 6GB RAM, 64GB Storage)","3.9","183","11499.00","12999.00","Mobile Phone","Mid Range","Average","Low"
"Turron One Side Ruled Index Flash Cards Tray - 200 GSM, 150 Cards, 3x5 inch, White - with Free Binder Rings for Short Note...","4.4","2124","324.00","475.00","Other","Budget","Good","Moderate"
"Homava 40 X 60 Outdoor Portable Monocular Telescope for Outdoor Travel, Camping, Sighting | 15.0 x 5.2 x 4.2 cm | Black","3.6","122","759.00","1999.00","Other","Budget","Average","Low"
"Kodak 106 cm (42 inches) Full HD Certified Android Smart LED TV 42FHDX7XPRO (Black)","4.2","13120","15399.00","27999.00","Television","Mid Range","Good","Very Popular"
"M.G.R.J® Tempered Glass Screen Protector for Huami Amazfit T Rex/Amazfit T Rex Pro (Pack of 2)","4.1","664","299.00","999.00","Other","Budget","Good","Low"
"ZEBRONICS Zeb-Fame 1 USB Powered 2.0 Speaker with 10W RMS Output, 7 RGB Modes, LED Control Switch, Volume Control, 3.5mm I...","4.1","320","799.00","1999.00","Speakers","Budget","Good","Low"
"Samsung ram memory 4GB (1 x 4GB) DDR3 PC3L-12800,1600MHz, 204 PIN SODIMM for laptops","4.2","1647","1100.00","2999.00","Laptop","Economy","Good","Moderate"
"LOHAYA Voice Remote Compatible for Amazon Fire Tv Stick Remote Control [ 3rd Generation ][ Fire TV Remote ] [ Fire Stick R...","3.5","201","1281.55","1999.00","Television","Economy","Average","Low"
"OpenTech® Tempered Glass Screen Protector Compatible for Samsung Galaxy S21 5G with Edge to Edge Coverage and Easy Install...","3.9","8201","299.00","999.00","Mobile Phone","Budget","Average","Popular"
"Zoook Thunder Storm Bluetooth Party Speaker 80Watt/USB/TF/AUX/FM/Built-in Battery/Wireless Mic/Professional Class D Amplif...","3.3","699","3999.00","8999.00","Speakers","Economy","Average","Low"
"Pentel EnerGel Click Roller Gel Pen - Pack of 4 (2 BLUE + 2 BLACK PENS)","4.4","1109","179.00","180.00","Other","Budget","Good","Moderate"
"Pebble Newly Launched Cosmos Prime BT Calling Smart Watch with Largest 1.91"" Bezel-Less Edge-to-Edge Display, 600 Nits Bri...","3.8","3655","3799.00","7499.00","Monitor","Economy","Average","Moderate"
"INOVERA Girl's PU Travel Waterproof Anti Theft Backpack With Shoulder Strap","4.1","404","965.00","1599.00","Other","Budget","Good","Low"
"MI 138.8 cm (55 inches) 5X Series 4K Ultra HD LED Smart Android TV L55M6-ES (Grey)","4.3","21591","46999.00","69999.00","Television","Premium","Good","Very Popular"
"NISUN Webcam Cover Slider,Ultra Thin Laptop Camera Cover Slider Blocker Compatible for Notebook Laptop PC & Smartphone Mob...","4.0","144","299.00","1299.00","Laptop","Budget","Good","Low"
"SYSKA SSK-PW-0302A-WGY Power Wheel with Surge Protection , Strong ABS Material Body, 4 Meter Long (White-Grey)","4.2","5053","345.00","599.00","Other","Budget","Good","Popular"
"ProElite Deer Smart Flip case Cover for Amazon Kindle 6"" 10th Generation 2019 [Wine Red]","4.5","4694","299.00","1499.00","Other","Budget","Excellent","Moderate"
"Aboutthefit 360 Degrees Rotate Pu Leather Stand Flip Cover for Tablets Samsung Galaxy Tab A 2019 8.0 Inches Inches Sm-T29...","3.9","1217","299.00","1499.00","Mobile Phone","Budget","Average","Moderate"
"Samsung Galaxy Tab A7 Lite 8.7 inches, Slim Metal Body, Dolby Atmos Sound, RAM 3 GB, ROM 32 GB Expandable, Wi-Fi-only Tabl...","4.2","5174","11999.00","14500.00","Mobile Phone","Mid Range","Good","Popular"
"LUNAGARIYA®,PU Leather Cover Holder Protective Case for AIRTEL Dishtv dth Remote Control,PU Leather Cover Holder","3.8","519","197.00","299.00","Television","Budget","Average","Low"
"Boltove® 8FTX9FT Green Screen Backdrop Background Rod Pocket for Photography Backdrop,Photoshoot Background,Video producti...","3.9","1661","377.00","799.00","Other","Budget","Average","Moderate"
"Sevenaire 20W USB Type-C PD Fast Charging Adapter for iPhone 14/13/12/11/X Series, iPad Pro","3.5","78","499.00","1999.00","Mobile Phone","Budget","Average","Low"
"SanDisk Extreme Pro microSD UHS I Card 512GB for 4K Video on Smartphones,Action Cams,Drones 200MB/s Read, 140MB/s Write","4.5","21982","5988.00","15000.00","Mobile Phone","Mid Range","Excellent","Very Popular"
"Tronica TR-1501 Deep Bass Home Theater with Subwoofer 2.1 Channel with 55W Premium Signature Sound, Multiple Connectivity ...","3.4","170","3299.00","6000.00","Other","Economy","Average","Low"
"JBL Tune 700BT by Harman, 27-Hours Playtime with Quick Charging, Wireless Over Ear Headphones with Mic, Dual Pairing, AUX...","3.9","2853","3699.00","5499.00","Headphones","Economy","Average","Moderate"
"COSTAR Mateband Bluetooth Wireless Neckband Earphones - 24H Playtime, Dual Equalizer Bass Boost Drivers, 20 Mins Charge, M...","4.1","1682","685.00","1999.00","Other","Budget","Good","Moderate"
"Spigen Tough Armor Magfit Back Cover Case Compatible with MagSafe Designed for iPhone 14 Pro Max (TPU + Poly Carbonate | D...","4.6","1362","2499.00","3999.00","Mobile Phone","Economy","Excellent","Moderate"
"TheGiftKart Back Cover for Samsung Galaxy A52 / A52s 5G (TPU, Poly Carbonate | Transparent, Black Bumper)","4.2","2139","279.00","999.00","Mobile Phone","Budget","Good","Moderate"
"TOUGH LEE Case Cover for Samsung Galaxy Buds 2 Pro (2022), Buds2 Pro | Galaxy Buds 2 (2021) | Galaxy Buds Pro (2021) | Gal...","3.3","3","399.00","999.00","Mobile Phone","Budget","Average","Low"
"Mizi [2 Pack] USB-C Metal Anti Dust Plug Cover, Protect Charging Port from Dust and Moist with Storage Box and Cable Clip ...","3.6","70","259.00","899.00","Other","Budget","Average","Low"
"V-Guard Voltino Grand Digi Plus TV Stabilizer for up to 203 cm 80"" Smart TV+Set Top Box (Black)","4.5","6755","4179.00","5500.00","Television","Economy","Excellent","Popular"
"Saco Keyboard Protector Silicone Skin Cover for Lenovo IdeaPad Gaming 3 15ARH05E AMD Ryzen 5 4000 Series 15.6-inch Full HD...","4.0","232","373.00","900.00","Accessories","Budget","Good","Low"
"WOW IMAGINE Ultra Slim, Soft Rubberised Back Cover for Redmi A1 with Inner Velvet Fabric Lining (Matte Silicone | Black)","4.3","190","251.00","999.00","Mobile Phone","Budget","Good","Low"
"HAMMONDS FLYCATCHER Genuine Leather Laptop Bag for Men/Office Bag for Men, Brushwood | Fits Upto 16 Inch Laptop/MacBook | ...","4.4","1171","3115.00","9999.00","Laptop","Economy","Good","Moderate"
"SupCares Edge to Edge Privacy Tempered Glass for iPhone 12 and iPhone 12 Pro (6.1 Inch) with Easy Self Installation Kit | ...","4.0","76","399.00","799.00","Mobile Phone","Budget","Good","Low"
"EGOTUDE Ultra Hybrid Hard Back Transparent Cover Case for iPhone 13 (Black, Polycarbonate)","3.9","711","332.00","1499.00","Mobile Phone","Budget","Average","Low"
"TheGiftKart Shockproof Crystal Clear Oppo F11 / F11 Pro Back Cover Case | 360 Degree Protection | Protective Design | Tran...","4.2","831","269.00","999.00","Mobile Phone","Budget","Good","Low"
"HIFFIN E27 Studio Single Holder Umbrella Lighting Kit for Photography Umbrella White + Studio Light Stand 9 FT + Umbrella ...","4.3","261","3349.00","4999.00","Other","Economy","Good","Low"
"Ant Value H81Mad3-N Gaming Matx Motherboard Lga1150 Intel 4Th Generation I3/I5/I7 Ddr3, M.2 Nvme, USB 3.0 Ports, Hdmi Port","3.8","62","3239.00","7599.00","Other","Economy","Average","Low"
"Bose Quietcomfort Noise Cancelling Bluetooth Truly Wireless in Ear Earbuds with Mic with Touch Control (Triple Black)","4.0","32139","20499.00","26900.00","Earbuds","Premium","Good","Very Popular"
"WRIGHT USB to 3.5mm Jack Audio Adapter, External USB Stereo Sound Card with 3.5mm Headset and Microphone Jack for Windows,...","3.9","840","399.00","799.00","Headphones","Budget","Average","Low"
"VONZEE® Back Cover for iPhone SE (2020/2022) Case, Shockproof Slim Camera & Full Body Protection Liquid Silicone TPU Cover...","4.0","1138","399.00","899.00","Mobile Phone","Budget","Good","Moderate"
"AMACOOL 5000mAh Rechargeable Neck Fan 21 Working Hours Max 4 Speeds (Black)","4.2","2752","2399.00","6000.00","Other","Economy","Good","Moderate"
"HP Pavilion 14, AMD Ryzen 5-5625U 8GB RAM/512GB SSD 14inches/35.6 cm FHD, IPS Micro-Edge Display/Radeon Graphics/Alexa/B&O...","4.1","614","52990.00","63326.00","Monitor","Luxury","Good","Low"
"LOXXO® Camera Lens Protector for iPhone 14 Pro 6.1"" ＆ iPhone 14 Pro Max 6.7"",Tempered Glass,9H [Does not Affect Night Shot...","3.7","35","199.00","999.00","Mobile Phone","Budget","Average","Low"
"Zitel Case with Screen Protector Compatible with Apple Watch SE 2nd gen 2022 / SE 1st gen/Series 6/5/4, 44mm Hard PC Cover...","3.8","4321","699.00","1999.00","Other","Budget","Average","Moderate"
"Ambrane 60W / 3A Fast Charging Output Cable with Micro to USB for Mobile, Neckband, True Wireless Earphone Charging, 480mb...","4.0","2073","179.00","399.00","Mobile Phone","Budget","Good","Moderate"
"LINLO Tempered Glass Screen Protector Compatible for iQoo Neo 6 SE 5G / iQoo Neo 6 5G / iQoo 9 SE 5G / iQoo 7 5G / iQoo 7 ...","4.0","1189","259.00","699.00","Other","Budget","Good","Moderate"
"WOW IMAGINE Slim Ultra Soft Rubberised Back Cover for Samsung Galaxy M04 4G | Inner Velvet Fabric Lining | Matte Silicone ...","4.4","27","189.00","999.00","Mobile Phone","Budget","Good","Low"
"WOW IMAGINE For Samsung Galaxy F13 | M13 4G Slim Ultra Soft Rubberised Back Cover Inner Velvet Fabric Lining Matte Silicon...","4.4","253","229.00","999.00","Mobile Phone","Budget","Good","Low"
"ProDot (Gold Series) KB-297rs USB (Hindi Remington) Standard Keyboard (Color: Solid Black)","3.5","243","625.00","800.00","Accessories","Budget","Average","Low"
"Sounce Compatible for OnePlus Watch Protector Case, Heavy-Duty Overall Full Body Protective TPU Anti-Scratch from Cover fo...","3.9","343","299.00","999.00","Mobile Phone","Budget","Average","Low"
"BLAXSTOC (P11+Pyramid) Tabletop Mobile Stand for Table, Table Mobile Stand, Mobile Holder for Table, Stand for Mobile and ...","4.2","79","99.00","599.00","Mobile Phone","Budget","Good","Low"
"Cason - Helmet Mount for Action Camera/Helmet Chin Mount/Helmet Strap Belt for Cason Action Camera CN10 CS6, Go pro Hero 1...","3.7","144","474.00","995.00","Camera","Budget","Average","Low"
"Dell Power Cable & Laptop Adapter Charger for 65W 19.5V 3.34A Inspiron 15 3452, 3520, 3521, 3540, 3541, 3543 - Black","3.8","723","1325.00","1999.00","Laptop","Economy","Average","Low"
"FLAGEHAVEN Mini Slide Projector Flashlight Torch, Kids Projection Light Toy Slide Flashlight Lamp Education Learning Night...","3.6","215","600.00","999.00","Other","Budget","Average","Low"
"Apple Watch Series 8 [GPS + Cellular 45 mm] Smart Watch w/Silver Aluminium Case with White Sport Band. Fitness Tracker, Bl...","4.6","578","49900.00","58900.00","Smartwatch","Premium","Excellent","Low"
"SKYVIK TRUHOLD StickOn Magnetic Mount Mobile or Remote Holder for Car-Bike-Scooter-Home-Kitchen-Office-Desk-(Black)","4.3","953","674.00","1499.00","Mobile Phone","Budget","Good","Low"
"Bennett Laptop Bag for Menं & Women 15.6 inch, 25 L Water Resistant Bag Laptop Apple/Dell/Lenovo/Asus/Hp/Samsung/Mi/MacBoo...","4.0","431","512.00","1799.00","Laptop","Budget","Good","Low"
"Extension Board with USB Ports, Hoteon 2500W Power Strip with QC3.0 Fasting Charger and 5V/3.1A/15.5W USB Ports, 4 Way Out...","4.5","3838","1519.00","2999.00","Accessories","Economy","Excellent","Moderate"
"TRUEUPGRADE Silicone Back Case Cover Compatible with OnePlus Nord CE 2 Lite 5G Case Cover |Raised Lip Protection Back Case...","3.7","32","283.00","1999.00","Mobile Phone","Budget","Average","Low"
"Vox V11 Keypad Mobile with King Talker, Auto Call Recording & Contact Icon (1.8 Inch, Dual Sim Multimedia) (Red)","2.2","34","704.00","999.00","Mobile Phone","Budget","Poor","Low"
"UGREEN USB Switch Selector","4.5","7586","1599.00","2349.00","Other","Economy","Excellent","Popular"
"Farrow Quinch X1 High Definition Pen Camcorder with Free 32 GB Micro SD Card + C Type OTG & Card Reader Wireless Black","3.8","129","2499.00","7999.00","Camera","Economy","Average","Low"
"Logitech C922 Pro Stream Webcam, HD 1080p/30fps or HD 720p/60fps, Digital, Hyperfast Streaming, Stereo Audio, HD Light Cor...","4.4","1220","10100.00","12995.00","Accessories","Mid Range","Good","Moderate"
"Synqe Nylon Braided USB Data Sync & Fast Charging Small Cable Compatible For iPhone, iPad Air, iPad Mini, iPad Pro (0.25M,...","4.2","4380","349.00","399.00","Mobile Phone","Budget","Good","Moderate"
"Ant Esports ICE-C612 with RGB CPU Cooler/Fan Support Intel LGA775, LGA1200, LGA1150, LGA1151, LGA1155, LGA1156, LGA2066, L...","4.2","904","1509.00","3499.00","Other","Economy","Good","Low"
"Qubo Baby Cam from Hero Group Baby Monitor 2MP Wi-Fi 1080p Full HD Baby Cry Alert Sleep Monitor Audio & Video Monitor | Mo...","4.0","420","3990.00","7490.00","Monitor","Economy","Good","Low"
"Tukzer Universal Tabletop Mobile & Tablet Holder with 360 Degree Flexible Rotation for Bed, Table, Kitchen, Bathroom Compa...","3.8","1227","595.00","1199.00","Mobile Phone","Budget","Average","Moderate"
"boAt Stone Grenade Pro with 5W RMS, Upto 7 Hours Playback, Integrated Controls, Rugged Built and IPX6 Bookshelf Speaker (C...","4.0","20109","1299.00","3990.00","Speakers","Economy","Good","Very Popular"
"TheGiftKart Liquid TPU Shockproof Back Cover Case for Samsung Galaxy A23 4G / A23 5G | 10 Airbags 360 Degree Protection De...","4.7","52","299.00","999.00","Mobile Phone","Budget","Excellent","Low"
"Kodak 180GSM Photo Paper for Canon, HP, Kodak, Epson, Dell, Lexmark Printers - Pack of 100 Sheets, White, 5R (VMS180G5R100KD)","4.1","352","295.00","310.00","Printer","Budget","Good","Low"
"(Renewed) boAt Rockerz 255 Pro Made in India in Ear Bluetooth Neckband with Upto 10 Hours Playback, ASAP Charge, IPX5, boA...","3.5","3","999.00","3499.00","Other","Budget","Average","Low"
"iClever Kids Unicorn Headphones for Girl Over The Ear Headphone with Mic/Shareport, Wired Cat Ear Headphones,94dB Volume L...","4.2","13375","1699.00","3999.00","Headphones","Economy","Good","Very Popular"
"SPYKART New Trending Universal 360 ° Rotation Car Dashboard Mobile Phone Holder Mount for All Mobile Phone 3.5-7 inch (Pol...","3.6","49","279.00","1199.00","Mobile Phone","Budget","Average","Low"
"TheGiftKart Ultra-Hybrid Crystal Clear Back Case Cover for iPhone XR | Shockproof Design | Camera Protection Bump | Hard C...","5.0","1","299.00","999.00","Mobile Phone","Budget","Excellent","Low"
"CROSSVOLT Tempered Glass Compatible with Google pixel 6a with Military-Grade Anti-Explosion Edge-to-Edge Coverage Screen P...","3.8","10","249.00","999.00","Mobile Phone","Budget","Average","Low"
"OBAGE HT-244 130 Watts 4.1 Home Theatre System with Optical in, Bluetooth 5.0, USB, FM, AUX","4.5","222","8497.00","15000.00","Other","Mid Range","Excellent","Low"
"Wireless Bluetooth Headphones Earphones for vivo iQOO Z6 Pro Original Sports Bluetooth Wireless Earphone with Deep Bass an...","3.0","2","590.00","998.00","Mobile Phone","Budget","Average","Low"
"AmazonBasics Lightweight Mini Tripod | Maximum Height 19 cm | Maximum Load Up to 500 gm | For Mobiles and Compact Cameras...","3.7","13355","299.00","500.00","Mobile Phone","Budget","Average","Very Popular"
"SIDRUM D2 DSLR/SLR Camera Shoulder Bag Case with Adjustable Shoulder Strap, Compatible for Nikon, Canon, Sony Mirrorless C...","4.3","179","664.00","999.00","Camera","Budget","Good","Low"
"Klsniur Mount/Tablet Car Backseat Seat Mount/Tablet Headrest Universal 360° Rotating Holder Adjustable for All 6""-10.5"" Ta...","4.5","5447","999.00","2999.00","Tablet","Budget","Excellent","Popular"
"TheGiftKart Flip Back Cover Case for Samsung Galaxy M13 5G | Genuine Leather Finish | Designer Button | Inbuilt Pockets & ...","4.3","148","299.00","999.00","Mobile Phone","Budget","Good","Low"
"Micromax X778 Marsala","3.4","93","1199.00","1999.00","Other","Economy","Average","Low"
"JEBISON Smart Standard Multi-Purpose Laptop Table with Dock Stand/Study Table/Bed Table/Foldable and Portable/Ergonomic & ...","4.1","11","219.00","699.00","Laptop","Budget","Good","Low"
"MOSHKING Back Cover for Samsung Galaxy A73 5G with Slide Camera || Heavy Duty Military Grade Protection Mobile Phone Case ...","4.0","6","499.00","999.00","Mobile Phone","Budget","Good","Low"
"Spigen Optik Tempered Glass Camera Lens Protector Guard for iPhone 13 Pro and iPhone 13 Pro Max (Clear) - 2 Pack","4.2","2073","1199.00","2899.00","Mobile Phone","Economy","Good","Moderate"
"Blackt Electrotech (BT16D) : Wireless Remote Control Switch System for 4 Lights and 1 Fan with Speed Speed Display","4.1","586","1286.00","1800.00","Monitor","Economy","Good","Low"
"Infinity (JBL Glide 500, 20 Hrs Playtime with Quick Charge, Wireless On Ear Headphone with Mic, Deep Bass, Dual Equalizer,...","4.2","43224","1599.00","3499.00","Headphones","Economy","Good","Very Popular"
"Techno Simba Buds - Bluetooth Wireless Earphones","3.8","4","1999.00","4286.00","Other","Economy","Average","Low"
"Mustang Orchestral Music Stand with FREE Carry Cover And Folding Plate","4.2","472","1298.00","2490.00","Other","Economy","Good","Low"
"7SEVEN™ Bluetooth Voice Command Remote Compatible for oneplus Remote | 1+ Android TV Remote | one plus tv Remote with Netf...","3.6","197","849.00","2999.00","Mobile Phone","Budget","Average","Low"
"Ceptics Europe Travel Adapter, 2 in 1 India to Europe, Germany, France Schuko Adapter - Type E/F European Plug Adapter for...","4.7","11804","699.00","1499.00","Accessories","Budget","Excellent","Very Popular"
"Wired Earphones for OnePlus Nord/One Plus Nord Earphone Original Like Wired Stereo Deep Bass Head Hands-free Headset Earbu...","2.0","2","349.00","999.00","Mobile Phone","Budget","Poor","Low"
"MOKOBARA The Transit Backpack Laptop Bag for Men and Women","4.4","449","5499.00","9999.00","Laptop","Mid Range","Good","Low"
"Fire-Boltt Pioneer 1.95"" Smart Watch, High Resolution 320 * 385 Bluetooth Calling with 500 + Watch Faces, Always On, Rotat...","3.7","59","1899.00","18999.00","Smartwatch","Economy","Average","Low"
"ARDAKI 5 in 1 Keyboard & Earphone Cleaner Brush Laptop Cleaning Kit Cleaning Pen for Airpods Cleaner Soft Brush, Airpods C...","4.6","75","99.00","879.00","Laptop","Budget","Excellent","Low"
"Episkey 7-in-1 Electronic Cleaner Kit,Keyboard Cleaner,Laptop Cleaner Kit for Monitor, Cell Phone, Bluetooth,Headset, Leg...","5.0","3","349.00","999.00","Laptop","Budget","Excellent","Low"
"SupCares Edge to Edge Tempered Glass for Redmi 10 Power, Redmi 10 and Redmi 10C (6.7 inch) with Easy Self Installation Kit...","4.1","25","289.00","799.00","Mobile Phone","Budget","Good","Low"
"Classmate Invento Geometry Box | Self Centering Die-Cast Compass | Rust resistant instruments | Available in your favourit...","4.1","286","94.00","150.00","Other","Budget","Good","Low"
"Storite 1.5M 90 Degree L Shape 3 Pin PC Power Cable IEC Mains Kettle Lead Replacement Cord for Desktop, Monitor & Printer...","4.2","267","299.00","999.00","Monitor","Budget","Good","Low"
"LOXXO® Microfiber Candy Case Compatible for iPhone 12/iPhone 12 Pro 6.1 inch, Shockproof Slim Back Cover Liquid Silicone C...","3.9","2627","449.00","999.00","Mobile Phone","Budget","Average","Moderate"
"Shopping Wave Plastic Laptop Stand, Compatible with 9-15.6 inch Laptops, Tab, Mack Book, 7 Angles Adjustable Tabletop, Ant...","3.0","14","299.00","999.00","Laptop","Budget","Average","Low"
"Spigen Liquid Air Back Cover Case Compatible with iPhone 14 Plus (TPU | Matte Black)","4.6","124","899.00","2099.00","Mobile Phone","Budget","Excellent","Low"
"AirCase C41- Earphone Case Pouch & Travel Organizer for Earphone, Pen Drives, Memory Card, Data Cable (Red Zip)","4.3","2075","199.00","499.00","Other","Budget","Good","Moderate"
"Boltove® White Wrinkle Free Decoration Backdrop Curtain Drapes White Backdrop Panels Background for Photography Wedding Pa...","3.6","42","579.00","1199.00","Other","Budget","Average","Low"
"POPIO Tempered Glass Screen Protector Compatible for Samsung Galaxy S10e with Edge to Edge Coverage and Easy Installation kit","4.0","231","299.00","599.00","Mobile Phone","Budget","Good","Low"
"ESR Paper-Feel Screen Protector Compatible for iPad Pro 12.9 inches 2022/2021/2020/2018, Put Pencil to Paper, Thin and Res...","4.1","1821","1614.00","2099.00","Tablet","Economy","Good","Moderate"
"Fast Charger for Mi Xiaomi Redmi Mi 9/9A/9i/4/4A/5/5A/6A/6 Pro/7/7A/Y1 /Y1 Lite/Y2/Y3/Xiaomi Mi Poco C3 | Mobile | Wall | ...","4.7","5","319.00","999.00","Mobile Phone","Budget","Excellent","Low"
"Anthems Study Table/Bed Table/Foldable and Portable Wooden/Writing Desk for Office/Home/School (Black)","4.0","399","399.00","799.00","Other","Budget","Good","Low"
"OpenTech® Tempered Glass Screen Protector Compatible for Redmi 11 PRIME 5G with Edge to Edge Coverage and Easy Installatio...","4.3","4103","251.00","999.00","Mobile Phone","Budget","Good","Moderate"
"Adlynlife 22mm Smart Watch Straps/Smart Watch Band Compatible for Realme Watch S/Realme S Pro (Grey)","4.5","319","289.00","999.00","Mobile Phone","Budget","Excellent","Low"
"Priefy Trail Loop Band Compatible for Apple Watch Ultra Band 49mm 45mm 44mm 42mm, Nylon Sport Loop Men Women Adjustable Pu...","4.1","89","1312.00","1899.00","Other","Economy","Good","Low"
"OFIXO Hard Shell Case for Over The Ear Headphones with Full Protection Compatible with all branded and non-branded headpho...","4.2","25","397.00","999.00","Headphones","Budget","Good","Low"
"Amazon Brand - Solimo Portable Digital Tyre Inflator (Black)","3.9","3615","1832.19","2999.00","Other","Economy","Average","Moderate"
"Improvhome 3.5 mm Jack Stereo Amplifier Connect TV-Out Speaker AV Audio Video TRS 3-Pole Plug Male to 2 RCA Male Cable (1....","3.8","1011","185.00","299.00","Speakers","Budget","Average","Moderate"
"TheGiftKart Shockproof Crystal Clear Back Cover Case for Redmi Note 8 Pro | 360 Degree Protection | Protective Design | Tr...","4.2","625","269.00","999.00","Mobile Phone","Budget","Good","Low"
"Digway 8+1 Round Strip Extension Cord 6 A 8 Universal Socket Multi Plug Point Extension Board with LED Indicator and Switc...","3.3","916","199.00","399.00","Other","Budget","Average","Low"
"Redmi 11 Prime (Playful Green, 6BG RAM 128GB ROM) | Prime Design | High Performance Helio G99 | 50 MP AI Triple Cam | 5000...","4.1","290","13999.00","16999.00","Mobile Phone","Mid Range","Good","Low"
"Fujifilm Instax Mini Pink Lemonade Film- 10 Exposures","4.3","41","599.00","649.00","Other","Budget","Good","Low"
"VGRASSP 12 Inch Large LCD Writing Pad Tablet Toy Cum Slate with Stylus for Kids 30.4 cm (Colour as per Stock)","4.1","46","399.00","1299.00","Tablet","Budget","Good","Low"
"NoWide Back Cover Case for Redmi 10A, Silicone Shockproof Phone Case, Ultra Safety with Soft Feel (Pack of 1)","3.9","9","249.00","999.00","Mobile Phone","Budget","Average","Low"
"iEDS Lens Guard Cap for Insta360 ONE X3 Camera (One X3 Cap)","4.4","117","899.00","1999.00","Camera","Budget","Good","Low"
"Faber-Castell Jumbo Wax Crayons - 24 Shades","4.3","2237","100.00","120.00","Other","Budget","Good","Moderate"
"Apple Watch Series 8 [GPS 45 mm] Smart Watch w/Starlight Aluminium Case with Starlight Sport Band. Fitness Tracker, Blood ...","4.6","578","42900.00","48900.00","Smartwatch","Premium","Excellent","Low"
"Pidilite Fevicryl Acrylic Colour, Acrylic Paint Art and Craft Paint, DIY Paint, Rich Pigment, Non-Cracking Paint for Canva...","4.1","256","224.00","300.00","Other","Budget","Good","Low"
"Winble Bumper Case for OnePlus Nord 2 5G (Silicone | Grey)","4.0","1151","299.00","999.00","Mobile Phone","Budget","Good","Moderate"
"Luxor CD/DVD/OHP Marker - Pack of 10, Black Colour","4.3","551","99.00","100.00","Other","Budget","Good","Low"
"Infinity (JBL) Swing 320 by Harman 19 Hours of Playtime, Dual Equalizers, Dual Connect, Bluetooth 5.0, Type C & Voice Assi...","3.4","527","1488.00","5999.00","Other","Economy","Average","Low"
"Spigen EZ Fit Optik Pro Tempered Glass Camera Lens Protector Guard for iPhone 14 Pro / 14 Pro Max (Silver) - 2 Pack","4.3","939","1199.00","2499.00","Mobile Phone","Economy","Good","Low"
"Storite SATA 2nd 2.5'' Hard Drive Caddy for 12.7mm Universal CD/DVD-ROM (for SSD and HDD)","4.0","1519","399.00","1398.00","Other","Budget","Good","Moderate"
"Oncraves 3D Back Camera Lens Protector For OnePlus 11R 5G Full Coverage 360 Degree Protection Tempered Glass Bubble-Free A...","4.0","1","269.00","699.00","Mobile Phone","Budget","Good","Low"
"Tough Lee Tempered Glass Screen Protector Guard for Lenovo Tab M10 Plus FHD (2nd Gen) (TB-X606X / TB-X606V / TB-X606F) (1...","4.0","449","331.00","999.00","Other","Budget","Good","Low"
"HP Smart Tank 525 All-in-one Colour Printer (Upto 6000 Black and 6000 Colour Pages Included in The Box). - Print, Scan & C...","3.3","19","11750.00","14552.00","Printer","Mid Range","Average","Low"
"KAPA Acrylic Hawkeye Clear Back Camera Lens Protector Back Cover Compatible for Apple iPhone XR (Black)","4.3","1915","499.00","990.00","Mobile Phone","Budget","Good","Moderate"
"BenQ Gw2785Tc 27 Inch(68.58 Cm) 1920 X 1080 Pixels 1080P Fhd IPS Eye Care Monitor, USB Type-C with 60W Power Delivery & Da...","4.3","161","19990.00","31990.00","Mobile Phone","Mid Range","Good","Low"
"Tukzer 3.5"" LED Selfie Ring Light with Phone Holder |Flexible Arm Desk Mount Clamp for Live Stream, Makeup, Online Meeting...","4.2","1136","849.00","1899.00","Other","Budget","Good","Moderate"
"BRUSTRO Professional Pigment Based Fineliner - Set of 8 (Black)","4.6","1854","569.00","597.00","Other","Budget","Excellent","Moderate"
"Vivo T1 44w Midnight Galaxy (4+128GB)","4.0","1","14499.00","17999.00","Mobile Phone","Mid Range","Good","Low"
"Karbonn 80 cm (32 inches) Millenium Bezel-Less Series HD Ready Smart LED TV KJW32SKHD (Phantom Black)","3.9","433","8990.00","18990.00","Television","Mid Range","Average","Low"
"CARE CASE®USB A Male to 2 x PS2 Female Converter Cable for Keyboard & Mouse","3.8","62","199.00","599.00","Accessories","Budget","Average","Low"
"YELLOWFIN Claw-Grip Aluminium Alloy Bicycle | Cycle | Motorcycle | Bike Mobile Phone Holder Mount Stand Cradle for Handleb...","4.0","1845","699.00","1299.00","Mobile Phone","Budget","Good","Moderate"
"M.G.R.J® Portable Carrying Case Cover for Bose SoundLink Flex Bluetooth Portable Speaker (Hard|EVA|Black)","4.7","71","799.00","999.00","Speakers","Budget","Excellent","Low"
"JBL New Live Free 2 TWS | True Adaptive Noise Cancelling In Ear Earbuds | Adjustable EQ | 35Hrs Playtime | IPX5 | 6 Mics f...","4.0","121","8999.00","11999.00","Earbuds","Mid Range","Good","Low"
"Pidilite Fevicol 200 Gram Craft Glue Ultimate Adhesive for Student’s Project Work & Serious Crafters (FMR803120100000)","4.5","958","98.00","100.00","Other","Budget","Excellent","Low"
"Kuber Industries Black Women's Mobile Cover With Purse Pocket And Sari Hook (KUBERBGH72)","3.8","634","199.00","368.00","Mobile Phone","Budget","Average","Low"
"Tizum External Hard Drive Case for 2.5-Inch Hard Drive - Double Padded, HDD Case (Azure Blue)","4.5","1907","319.00","799.00","Other","Budget","Excellent","Moderate"
"ProElite Ultra Sleek Smart Flip Case Cover for Lenovo Tab M10 FHD Plus X606V / TB-X606F / TB-X606X 10.3 inch Tablet (Dark ...","4.2","2701","499.00","1999.00","Tablet","Budget","Good","Moderate"
"CP PLUS CP-UVR-0801E1-CV2 1080P Full HD 8 Channel Digital Video Recorder","3.9","462","3782.00","7500.00","Other","Economy","Average","Low"
"Samsung Galaxy Tab S7 FE 31.5 cm (12.4 inch) Large Display, S-Pen in Box, Slim Metal Body, Dolby Atmos Sound, RAM 4 GB, RO...","4.5","2455","45998.00","49999.00","Mobile Phone","Premium","Excellent","Moderate"
"Mungyo Bold Point Paint Marker (White)","3.6","1062","170.00","182.00","Other","Budget","Average","Moderate"
"Pikkme Redmi Note 9 Pro/Note 9 Pro Max/Poco M2 Pro/Redmi Note 10 Lite Flip Cover Leather Finish | Inside TPU with Card Poc...","4.1","460","199.00","999.00","Mobile Phone","Budget","Good","Low"
"Laprite Keyboard Protector Cover for 2022 ASUS TUF Dash 15 15.6"" FX517ZM FX517ZM-AS73, TUF Gaming F15 FX507ZM-ES74, TUF Ga...","4.4","42","349.00","1500.00","Accessories","Budget","Good","Low"
"MOVCTON Original ID116 Plus Smart Watch 1.3"" HD Display, Multiple Watch Faces, SpO2 Monitoring, Sleep Monitor for Boys, Gi...","5.0","3","399.00","1989.00","Monitor","Budget","Excellent","Low"
"Amazfit GTS 4 Smart Watch with 1.75” AMOLED Display, Bluetooth Calling, Alexa Built-in, SpO2, Accurate GPS Tracking Fitnes...","4.0","116","16999.00","23999.00","Monitor","Mid Range","Good","Low"
"Mizi 40W USB C Wall Charger - Dual Port Fast Charger, PD 3.0 USB-C Power Delivery Adapter for iPhone 14 Series/iPhone 13 S...","3.5","117","699.00","999.00","Mobile Phone","Budget","Average","Low"
"Parker Frontier Stainless Steel GT Ball Pen","4.0","513","630.00","700.00","Other","Budget","Good","Low"
"V-Guard VND400 Voltage Stabilizer for 1.5 Ton AC (150V-285V), Grey","4.1","578","2940.00","4300.00","Other","Economy","Good","Low"
"TheGiftKart Ultra-Hybrid Crystal Clear Back Cover Case for iPhone 14 Pro MAX | Camera & Screen Protection Bumps | Shockpro...","5.0","3","259.00","999.00","Mobile Phone","Budget","Excellent","Low"
"ProElite Smart Trifold Flip Case Cover for Apple iPad 10.2"" 9th Gen (2021) 8th Gen/7th Gen with Pencil Holder, Soft Flexib...","4.3","829","999.00","1999.00","Tablet","Budget","Good","Low"
"Zapcase Back Case Cover for iPhone 7 / iPhone 8 / iPhone SE 2020 | Compatible for iPhone 7 / iPhone 8 / iPhone SE 2020 Bac...","4.5","56","349.00","899.00","Mobile Phone","Budget","Excellent","Low"
"Spigen Carabiner Key Ring Clip, Bottle Opener Keychain, Car Keychain Clip","4.2","3179","1299.00","2299.00","Other","Economy","Good","Moderate"
"Noctua NT-H1 3.5g, Pro-Grade Thermal Compound Paste.","4.5","29552","796.00","999.00","Other","Budget","Excellent","Very Popular"
"ELectroBot USB 2.0 Easycap Dc60 TV DVD VHS Video Adapter Capture Card Supports Windows Xp/7/Vista 32","3.5","709","499.00","999.00","Television","Budget","Average","Low"
"Wireless Earphones for OnePlus Nord/ 1+ /One Plus Nord Original Sports Bluetooth Wireless Earphone with Deep Bass and Neck...","5.0","1","599.00","1699.00","Mobile Phone","Budget","Excellent","Low"
"CASEOLOGY by Spigen Skyfall Back Cover Case Compatible For iPhone 14 (TPU and Polycarbonate|Sky Blue)","4.1","85","1599.00","2665.00","Mobile Phone","Economy","Good","Low"
"Noise_Replacement USB Charging Cable for Noise ColorFit Pro 3 / Pro 2 / Pro 2 Oxy/Pulse/Ultra/Nav, Nav+ / Brio/NoiseFit Ac...","5.0","2","249.00","999.00","Other","Budget","Excellent","Low"
"WOW IMAGINE Ultra Slim, Soft Rubberised Back Cover for Redmi A1 Matte with Inner Velvet Fabric Lining (Matte Silicone | Blue)","4.3","190","259.00","999.00","Mobile Phone","Budget","Good","Low"
"Wecool Ultra Premium German Bayer TPU Transparent Back Cover for iPhone 13 Anti Yellow Technology Crystal Clear Transparen...","3.9","604","499.00","1999.00","Mobile Phone","Budget","Average","Low"
"INDRICO Extension Board Heavy Duty 1 Socket 15A 16A 20A High Load Capacity 3000 Watts with 16A Big Plug PVC White (2 Meter)","4.5","100","799.00","3999.00","Other","Budget","Excellent","Low"
"Sounce Replacement Silicone Strap Compatible with Honor Band 6 & Huawei Band 6 (Not Compatible with Any Other Model) Devic...","3.9","183","99.00","999.00","Other","Budget","Average","Low"
"MOSHKING Back Cover for Samsung Galaxy A23 4G / 5G with Slide Camera | Heavy Duty Military Grade Protection Mobile Phone C...","4.2","11","499.00","999.00","Mobile Phone","Budget","Good","Low"
"Apple Watch SE (GPS + Cellular, 40mm) - Gold Aluminium Case with Starlight Sport Band - Regular","4.6","5385","31400.00","33900.00","Other","Premium","Excellent","Popular"
"SanDisk Ultra Dual Drive Go USB Type C Pendrive for Mobile, Navy Blue, 512GB, 5Y Warranty","4.3","55257","3639.00","9500.00","Mobile Phone","Economy","Good","Very Popular"
"SoundTech LCD Writing Tablet for Kids Writing pad for Study, Drawing Tablet, Slate Board, 8.5 inch/21.5 cm - E-Note Pad, R...","3.6","29","153.00","349.00","Tablet","Budget","Average","Low"
"Bajaj 220V 4-Way Spike and Surge Guard with 2m Wire (White)","4.2","4407","409.00","435.00","Other","Budget","Good","Moderate"
"MOSHKING Back Cover for OnePlus Nord CE 2 Lite 5G / 1+ Nord CE 2 Lite 5G with Slide Camera | Heavy Duty Military Grade Pro...","3.5","2","499.00","999.00","Mobile Phone","Budget","Average","Low"
"DAHSHA 3.5 mm Audio Stereo Y Splitter Adapter, 3.5mm 1 Male to 2 Port Female For Earphone, Adapter For Smartphone, Tablets...","3.8","2598","249.00","1199.00","Mobile Phone","Budget","Average","Moderate"
"Sony WF-XB700 Bluetooth Truly Wireless in Ear Earbuds with 18 Hours Battery Life, Extra Bass with Mic for Phone Calls, Qui...","3.8","19398","10990.00","11990.00","Earbuds","Mid Range","Average","Very Popular"
"Bectro 12V 5A 60 Watt DC Power Supply AC Adapter SMPS AC to DC Converter for Battery Charger CCTV DIY","3.9","96","489.00","1199.00","Television","Budget","Average","Low"
"BESPRO PRO Rack 150 Wireless 15W Usb Type-C Charging Stand With In-Built Two Coils & Fireproof ABS for Qi-Certified phones...","4.3","114","1619.00","2999.00","Other","Economy","Good","Low"
"TheGiftKart Flip Back Cover Case for Poco X5 5G / Mi Redmi Note 12 5G | Dual-Color Leather Finish | Inbuilt Stand & Pocket...","4.0","21","299.00","999.00","Mobile Phone","Budget","Good","Low"
"Zapcase Back Cover Case Compatible for Mi A2 Cases & Covers (Carbon Fibre Rugged Armour Black Colour)","4.1","12018","149.00","399.00","Other","Budget","Good","Very Popular"
"Winble Back Cover For OnePlus 9R ( Silicone|Blue )","3.6","1698","299.00","999.00","Mobile Phone","Budget","Average","Moderate"
"Fujifilm Instax Mini 9 Instant Camera (Ice Blue) Gift Box with 10 Shots","4.3","883","5299.00","5999.00","Camera","Mid Range","Good","Low"
"ProElite Smart Flip Case Cover for Apple iPad 10.2"" 9th Gen (2021) / 8th Gen / 7th Gen with Stylus Pen, Light Blue","4.3","11466","599.00","1999.00","Tablet","Budget","Good","Very Popular"
"boAt Stone 260 4W Bluetooth Speaker with Upto 9 Hours Playback, IPX5 and Carabiner(Enigma)","4.2","14871","1499.00","2490.00","Speakers","Economy","Good","Very Popular"
"ORICO Aluminum M.2 NVMe SSD Enclosure, Tool-Free 10Gbps USB C Adapter, USB 3.2 M.2 NVMe Reader, External SSD Case Thunderb...","4.2","161","1439.00","2499.00","Accessories","Economy","Good","Low"
"TheGiftKart Back Cover for Poco X3 PRO/Poco X3 (Polycarbonate, TPU/Black)","4.2","2178","369.00","999.00","Mobile Phone","Budget","Good","Moderate"
"LG 688 L Frost Free Smart Inverter Side-by-Side Refrigerator (GC-B257KQDV, Dark Graphite Steel | Multi Digital Sensors and...","4.1","212","77990.00","120699.00","Other","Luxury","Good","Low"
"Saco Small Nylon Replacement Adjustable Shoulder Strap with Swivel Hook for Handy Bags, Hand Bags and Small size bags (3.8...","3.7","311","264.00","525.00","Other","Budget","Average","Low"
"Astigo 3 Pin Laptop Power Cable ISI Certified Black - 1.5 Meter","4.2","30","251.00","699.00","Laptop","Budget","Good","Low"
"boAt Aavante Bar 900 Bluetooth Soundbar with 30W RMS, 2.0 Channel, Multiple Connectivity, EQ Modes, Sleek Finish, Easy Acc...","4.1","7864","3499.00","5990.00","Speakers","Economy","Good","Popular"
"CEDO Samsung S21 FE (5G) Shockproof Bumper Crystal Clear Back Cover | 360 Degree Protection TPU+PC | Camera Protection | A...","3.8","38","229.00","999.00","Camera","Budget","Average","Low"
"Apple iPhone 14 Plus (256 GB) - Blue","4.5","314","90999.00","99900.00","Mobile Phone","Luxury","Excellent","Low"
"APC Back-UPS Pro BR1500G-IN, 1500VA / 865W, 230V UPS System, High-Performance Premium Power Backup & Protection for Home O...","3.9","388","17299.00","20700.00","Other","Mid Range","Average","Low"
"Kadence rosewood Guitar Frontier Series, Electric Acoustic Black Guitar With EQ, Die Cast Keys, Set Of Strings, Strap, Pic...","4.0","1017","5499.00","7000.00","Other","Mid Range","Good","Moderate"
"(Renewed) boAt Stone 190 Portable Wireless Speaker with 5W Premium Sound, Bluetooth V5.0, IPX7 Water & Splash Resistance, ...","4.0","543","854.00","1299.00","Speakers","Budget","Good","Low"
"Spigen Liquid Crystal Back Cover Case for Samsung Galaxy S23 (TPU | Space Crystal)","4.6","72","1499.00","1599.00","Mobile Phone","Economy","Excellent","Low"
"Cason CN10 Proffessional 4K 60fps HD 24MP Action Camera For Vlogging with EIS Anti Shake Touch Screen Waterproof Sports Ca...","3.8","641","7879.00","12995.00","Camera","Mid Range","Average","Low"
"SQUIF Airtag Case for Apple Airtags Silicone Case Protective Cover for Airtag Case Locator Tracker Anti-Lost Device Keycha...","4.1","1272","219.00","699.00","Other","Budget","Good","Moderate"
"7SEVEN® Compatible Mi Tv Remote Control Original for Smart Android 4K Led UHD HD Television with Bluetooth Feature and Voi...","2.6","4","799.00","1499.00","Television","Budget","Poor","Low"
"OJOS Ultra Thin Keyboard Cover for 2020-2022 MacBook Pro 13 inch A2338 M2 M1 A2289 A2251 & 2020 2019 New MacBook Pro 16 in...","4.1","452","499.00","1299.00","Laptop","Budget","Good","Low"
"LOHAYA Air Conditioner Remote Compatible for Voltas Smart Split AC Remote Control with WiFi Function [ Compatible for Volt...","3.6","579","426.55","1199.00","Networking","Budget","Average","Low"
"Eveready Ultima AAA Alkaline Battery, Pack of 6","4.3","290","189.00","270.00","Other","Budget","Good","Low"
"Samsung Galaxy Tab A8 10.5 inches Display, RAM 3 GB, ROM 32 GB Expandable, Wi-Fi+LTE Tablets, Gray, (SM-X205NZAAINU)","4.3","3191","17999.00","26399.00","Mobile Phone","Mid Range","Good","Moderate"
"Virtual Reality Headset Glasses Anti-Radiation Adjustable Screen Headband Virtual Reality Box Compatible with Any Phone 2K...","3.0","11","499.00","1999.00","Headphones","Budget","Average","Low"
"JOTO Plastic, TPU Underwater Transparent Waterproof Phone Case Holder Pouch for iPhone 14 13 12 11 Pro Max XS XR X 8 7 6S,...","4.4","770","399.00","1999.00","Mobile Phone","Budget","Good","Low"
"Tukzer 3.5"" LED Selfie Ring Light |Flexible Arm Desk Mount Clamp for Live Stream, Makeup, Online Meetings, Recording, Phot...","4.2","1136","799.00","1799.00","Other","Budget","Good","Moderate"
"BenQ Gw2485Tc 24 Inch (60.6 Cm) 1920 x 1080 Pixels, Fhd IPS Monitor, USB Type-C, Coding Mode, Noise Cancellation Mic, Ultr...","4.3","125","16990.00","25990.00","Mobile Phone","Mid Range","Good","Low"
"Spigen EZ Fit Tempered Glass Screen Protector Guard for Galaxy S23 Plus - 2 Pack","4.4","275","1999.00","2899.00","Mobile Phone","Economy","Good","Low"
"POPIO Full Screen Coverage Except Edges Tempered Glass Screen Protector with Easy Installation Kit for Xiaomi Redmi Note 8...","4.0","2863","219.00","599.00","Mobile Phone","Budget","Good","Moderate"
"Pragati Systems® Genius Melamine (Non-Magnetic) Whiteboard for Office, Home and School (GWB90120), Lightweight Aluminium F...","4.4","1366","2960.00","3205.00","Other","Economy","Good","Moderate"
"Ace Files Cardboard Lever Arch Box File Ruby 107 (Pack of 8)","3.9","258","709.00","999.00","Other","Budget","Average","Low"
"boAt Aavante Bar 1200D Soundbar with Dolby Audio, 100W RMS Signature Sound, 2.1 Channel with Wired Subwoofer, Entertainmen...","3.8","7","6999.00","14990.00","Speakers","Mid Range","Average","Low"
"Iqoo neo 7 Camera Lens Protector Pack of 2","4.5","4","169.00","249.00","Camera","Budget","Excellent","Low"
"KEBILSHOP 3.5mm Male to Female 5 Meter Stereo Aux Extension Cable Compatible with Headphone, MobilePhone, Car Stereo, Home...","4.1","1478","257.00","599.00","Mobile Phone","Budget","Good","Moderate"
"SAEMPIRE OnePlus Nord Watch Screen Guard Screen Protector Compatible For OnePlus Nord Watch 1.78"" Smart Watch -Flexible TP...","3.5","3","126.00","999.00","Mobile Phone","Budget","Average","Low"
"Amazon Brand - Solimo Soft & Flexible Shockproof Silicone Mobile Back Cover with Cushioned Edges for OnePlus 9 - Transparent","3.7","36","139.00","499.00","Mobile Phone","Budget","Average","Low"
"COVER CAPITAL Tablet Tempered Glass Screen Guard for Samsung Galaxy Tab A8 [10.5 inch] 2022 Release (SM-X200/ SM-X205/SM-X...","3.9","305","299.00","999.00","Mobile Phone","Budget","Average","Low"
"Vero Forza Glide V2 (4 Pieces) | Mobile Gaming Sleeve | VFiber 2.0 Technology","3.9","5370","499.00","699.00","Mobile Phone","Budget","Average","Popular"
"AUNO Standard Multi-Purpose Laptop Table with Dock Stand/Study Table/Bed Table/Foldable and Portable/Ergonomic & Rounded E...","4.5","19","258.00","699.00","Laptop","Budget","Excellent","Low"
"LOHAYA Remote Compatible for Tata Sky HD/SD Set Top Box Remote Control | tata Sky Remote|","3.5","227","284.05","599.00","Other","Budget","Average","Low"
"CellFAther® Silicone Sport Strap Compatible with Fitbit Sense/Fitbit Versa 3 (Black-Small)","2.4","260","485.00","1699.00","Other","Budget","Poor","Low"
"PULOKA Universal Leather Mobile Pouch with Belt Loop and Clip | Multipurpose Leather Pouch for All Smartphones Upto 6.5 in...","3.6","370","806.00","2999.00","Mobile Phone","Budget","Average","Low"
"Yantralay Adjustable Chest Strap Mount Body Belt Harness Compaible with GoPro Hero 10/9/8,SJCAM,Insta 360, DJI OSMO Action...","4.1","701","399.00","599.00","Other","Budget","Good","Low"
"WELBORN ENEL14 Battery Pack Compatible with Nikon Digital Camera,D5600,D3500,D3400, D3100,D3200,D3300, D5100, D5200, D530...","4.0","278","1234.00","2450.00","Camera","Economy","Good","Low"
"Winble Camera Protection Soft Silicone, TPU Protective Back Cover Case for OnePlus 9/One Plus 9 (Blue)","3.7","778","299.00","999.00","Mobile Phone","Budget","Average","Low"
"Lava A1 2021(Black Gold), Bluetooth Support, Smart AI Battery, Military Grade Certified,4 Days Battery Backup, Keypad Mobile","3.8","3384","1087.00","1379.00","Mobile Phone","Economy","Average","Moderate"
"ESR Boost Kickstand Case for Samsung Galaxy S23 Ultra Case, 3 Stand Modes, Military-Grade Drop Protection, Supports Wirele...","4.7","685","1424.00","2099.00","Mobile Phone","Economy","Excellent","Low"
"mobistyle Soft Liquid Silicone Slim Protective Shockproof with Anti-Scratch Microfiber Lining Phone Back Cover Case for iP...","3.9","14","339.00","999.00","Other","Budget","Average","Low"
"SENS EDYSON 1 Smartwatch with 1.7 Display, BT Calling, AI Voice Assistant, 150+ Watch Faces & Free Additional Strap (Matte...","4.0","419","1699.00","6999.00","Monitor","Economy","Good","Low"
"Robustrion Smart Trifold Hard Back Flip Stand Case Cover for iPad 9.7 inch 2018/2017 5th 6th Generation Model A1822 A1823 ...","4.3","5291","599.00","2499.00","Tablet","Budget","Good","Popular"
"rts USB 3.1 Type C OTG Adapter, USB Type C to USB Type Connector, OTG [Thunderbolt-3 Compatible] Thunderbolt 3/USB Type C ...","4.2","129","298.00","4999.00","Accessories","Budget","Good","Low"
"Enter Black HD LED Backlit 15.4"" inch Monitor with HDMI and VGA (E-MO-A06(N))","3.3","246","2990.00","6000.00","Monitor","Economy","Average","Low"
"LOXXO® Microfiber Candy Case Compatible for iPhone 11 6.1 inch, Shockproof Slim Back Cover Liquid Silicone Case (Black)","3.9","5116","390.00","999.00","Mobile Phone","Budget","Average","Popular"
"Zebronics ZEB-BT4444RUCF Made in India Wireless Bluetooth Multimedia Speaker With Supporting SD Card, USB, AUX, FM & Remot...","3.8","108","2699.00","3999.00","Speakers","Economy","Average","Low"
"Quantum RJ45 Ethernet Patch/LAN Cable with Gold Plated Connectors Supports Upto 1000Mbps -5.9Feet (1.8 Meters) - (White)","4.3","2097","179.00","199.00","Other","Budget","Good","Moderate"
"ACESHLEY Soft Silicon with Colour Metal Buckle Band, Strap Compatible with Noise ColorFit Pro 3 Smartwatch (Black)","3.5","347","299.00","999.00","Smartwatch","Budget","Average","Low"
"CASON Micro USB to 3.5 mm Pin Jack Camera CN10, CS6 Supports 3.5 mm pin TRS Convert Adapter, External mic for Moto vloggin...","3.1","59","369.00","795.00","Camera","Budget","Average","Low"
"Hold Up Dual Purpose 360-Degree Rotating Car Mobile Phone Mount Holder Stand For Windscreen, Dashboard & Ac Vent Compatibl...","3.5","171","249.00","599.00","Mobile Phone","Budget","Average","Low"
"Amazon Brand - Solimo TPU Basic Back Cover for OnePlus Nord (Transparent)","4.0","453","139.00","499.00","Mobile Phone","Budget","Good","Low"
"Brillar Multiplug Extension Board with 3 Sockets, Individual Switches and Led Indicators (Three Pin Plug, 6 Amp)","3.7","267","216.00","499.00","Other","Budget","Average","Low"
"HP Smart Tank 529 All-in-one Colour Printer (Upto 6000 Black and 6000 Colour Pages Included in The Box). - Print, Scan & C...","3.9","1465","11649.00","14551.00","Printer","Mid Range","Average","Moderate"
"UNIGEN UNIPAD Wireless Charger Pad [Original] Qi Certified | 15W Type-C PD | for iPhone 14/13/12/11/XS/X/8/SE, Galaxy S2...","3.6","2038","999.00","1999.00","Mobile Phone","Budget","Average","Moderate"
"Amazon Brand- Solimo Basic Case for Samsung Galaxy M04 4G (Thermoplastic Polyurethane_Clear)","4.0","108","119.00","399.00","Mobile Phone","Budget","Good","Low"
"DOODLE Gift of Glee Set of 12 Floral Print Notecards with Envelope - Thank you Cards, Greeting Cards, Notecards for all Oc...","4.2","638","266.00","445.00","Other","Budget","Good","Low"
"GiftMax® Photography LED Video Soft Light Panel, for Studio Photography | Video Recording | Conference | YouTube,2700K-570...","4.2","131","4741.00","6000.00","Other","Economy","Good","Low"
"Pikkme Samsung Galaxy M31 / M31 Prime / F41 Flip Case | Vintage Leather Finish | Inside TPU | Wallet Stand | Magnetic Clos...","4.1","2046","199.00","999.00","Mobile Phone","Budget","Good","Moderate"
"Trajectory Vegan Leather 15.6 Inch Laptop Messenger MacBook Office Bag with 2 Years Warranty and Dual Compartment with Exp...","4.6","20","1399.00","2500.00","Laptop","Economy","Excellent","Low"
"LIDBOX Foldable Wooden Mini Laptop Table for Bed, Study Table with Drawer, Tablet/Mobile Holder for Kids & Adults (Black F...","4.5","5","399.00","799.00","Laptop","Budget","Excellent","Low"
"Winble Back Cover for Redmi Note 11 Pro/Redmi Note 11 Pro Plus 5G Back Cover Camera Protection Soft Silicone Protective Ba...","4.0","316","299.00","999.00","Mobile Phone","Budget","Good","Low"
"Robustrion Hybrid Flip Stand Case Cover for iPad Air 5th Generation Cover/iPad Air 4th Generation iPad Air 5th Generation ...","4.2","56","899.00","2499.00","Tablet","Budget","Good","Low"
"SupCares Edge to Edge Tempered Glass for iQOO Z6 Lite 5G, iQOO Z3 5G and iQOO Z6 5G (6.58 Inch) with Easy Self Installatio...","4.1","76","279.00","799.00","Other","Budget","Good","Low"
"(Renewed) DELL OPTIPLEX 7010 Business Class Performance Desktop SFF (Intel Core i5 3470 3.2 Ghz, 8GB RAM, 250 GB SSD Windo...","3.5","18","9999.00","40000.00","Other","Mid Range","Average","Low"
"ETZIN RCA to HDMI Converter, AV to HDMI Video Audio Converter Adapter Compatible with VHS VCR Camera DVD, Support PAL/NTSC...","3.7","271","474.00","1099.00","Camera","Budget","Average","Low"
"ZEBRONICS DC Aquaman Edition Sound Bomb 7 TWS Earbuds with 40H* Backup, Rapid Charge, 50ms Gaming Mode, ENC mic, Voice Ass...","3.7","884","999.00","4899.00","Earbuds","Budget","Average","Low"
"(Renewed) boAt Rockerz 550Bluetooth Wireless On Ear Headphones With Mic With Ergonomic Aesthetics, Plush Padded Earcups, I...","3.8","1072","1499.00","1799.00","Headphones","Economy","Average","Moderate"
"COOLCOLD Single Handed USB Gaming Keyboard, Wired 35 Keys Rainbow LED Backlight, One Hand Portable Mini Gaming Keypad, Erg...","3.6","20","749.00","2999.00","Accessories","Budget","Average","Low"
"AmazonBasics RJ45 Cat-6 Ethernet Patch/LAN Cable for Smartphone, Router, Printer - 25Feet (7.6Meters)-Black","4.5","13646","349.00","1300.00","Mobile Phone","Budget","Excellent","Very Popular"
"OnePlus Warp Charge 50 Wireless Charger for OnePlus Phones - White (in)","3.9","105","3699.00","5990.00","Mobile Phone","Economy","Average","Low"
"IFB 25 L Convection Microwave Oven (25BC3, Black, Oil Free Cooking, With Starter Kit)","4.3","1506","12590.00","15240.00","Other","Mid Range","Good","Moderate"
"Boltove® Decoration Sky Blue Backdrop Curtain Tulle Net Transparent for Birthdays Anniversary Baby Shower Photo Shoot Wedd...","4.0","54","497.00","899.00","Other","Budget","Good","Low"
"[Apple MFi Certified] iPhone Headphones Adapter & Splitter, 2 in 1 Dual Lightning Charger and Headphone Adapter Splitter f...","4.2","10","498.00","1999.00","Mobile Phone","Budget","Good","Low"
"CEDO OnePlus Nord CE 2 5G Back Cover | Matte Soft Silicon Flexible | Camera Bump Protection | All Side Shock Proof Rubberi...","3.8","407","149.00","999.00","Mobile Phone","Budget","Average","Low"
"Stuffcool PB9018W 10000mAH Magnetic Wireless Powerbank for iPhone 12/13/14 Series (Grey)","4.0","7","4859.00","5990.00","Mobile Phone","Economy","Good","Low"
"Pikkme Back Cover for Redmi Note 8 Pro (TPU, Plastic | Black)","4.0","419","199.00","259.00","Mobile Phone","Budget","Good","Low"
"(Renewed) Lenovo ThinkPad T Series T450 (20BV0064US) Laptop Intel Core i5 5300U (2.30 GHz) 4 GB Memory 500 GB HDD 14 1366 ...","3.8","40","14651.00","70000.00","Laptop","Mid Range","Average","Low"
"Stepwell Otoscope (LED - White Light) Pocket Scope, Auriscope with Battery Handle","3.7","379","875.00","1950.00","Other","Budget","Average","Low"
"Tensea for iPhone 13 Pro Max Camera Lens Protector, 9H Tempered Glass, Ring for iPhone 13Pro 6.1 inch iPhone 13 ProMax 6.7...","3.6","2953","210.00","999.00","Mobile Phone","Budget","Average","Moderate"
"iTronix Anodized Portable Aluminum Laptop Tabletop Stand | Anti-Slip Laptop Stand for Apple/ Dell/ HP/ Lenovo/ Asus/ Acer/...","4.4","373","579.00","1599.00","Laptop","Budget","Good","Low"
"ENVOUS Newly Launched Fire Bolt Ring Smartwatch Charging Cable USB Fast Charger Magnetic Charging Cable Adapter (Charger o...","3.4","190","199.00","999.00","Smartwatch","Budget","Average","Low"
"AIV TECH Edge To Edge Tempered Glass For Google Pixel 6A with Easy Installation Kit","3.5","51","251.00","999.00","Mobile Phone","Budget","Average","Low"
"NEXDIGITRON CPL Filter Compatible with 70mai A500S, A500, Lite & Pro DashCam","3.8","120","899.00","1999.00","Other","Budget","Average","Low"
"AEIDESS Tempered Glass Screen Protector Compatible For Google Pixel 6 with Edge to Edge Coverage and Easy Installation Kit","3.9","887","219.00","999.00","Mobile Phone","Budget","Average","Low"
"TheGiftKart Back Cover for Realme 7 / Narzo 30 4G / Narzo 20 Pro (Poly Carbonate | Black)","4.3","1491","299.00","999.00","Mobile Phone","Budget","Good","Moderate"
"Adofys HOT-L-Type Quick Release Camera Vertical Plate Dual Camera Bracket Plate Universal SLR Stabilizer","4.4","84","1299.00","4699.00","Camera","Economy","Good","Low"
"Cezo MFI-Certified Lightning to USB Camera Adapter with Charging Port, Portable Lightning to USB Female OTG Adapter Compat...","3.3","108","1299.00","1999.00","Camera","Economy","Average","Low"
"Amazon Brand - Solimo Back Cover for Samsung Galaxy M31s (Silicone | Clear)","3.9","5312","139.00","399.00","Mobile Phone","Budget","Average","Popular"
"Samsung T7 1TB Up to 1,050MB/s USB 3.2 Gen 2 (10Gbps, Type-C) External Solid State Drive (Portable SSD) Red (MU-PC1T0R)","4.6","20808","8999.00","23999.00","Other","Mid Range","Excellent","Very Popular"
"HARRY & JAMES® 950 Mbps USB WiFi Adapter Wireless Network Receiver Dongle for Laptop Desktop Support Windows XP/7/8/10/ an...","5.0","6","149.00","999.00","Laptop","Budget","Excellent","Low"
"TheGiftKart Crystal Clear Back Cover Case for OnePlus Nord (2020) | 360 Degree Protection | Shock Proof Design | Transpare...","4.2","2114","284.00","999.00","Mobile Phone","Budget","Good","Moderate"
"ESR Rebound Magnetic Case Compatible with iPad Pro 12.9 Inch (2022/2021/2020, 6th/5th/4th Gen), Convenient Magnetic Attach...","4.4","5971","2469.00","3099.00","Tablet","Economy","Good","Popular"
"Noise Tune Active Pro Wireless in Ear Neckband with Upto 60 Hours of Playtime, ESR, Dual Pairing, Low Latency, Instacharg...","3.9","19821","1299.00","2999.00","Other","Economy","Average","Very Popular"
"Noise ColorFit Pulse Buzz 1.69"" Smart Watch with Call Function, Bluetooth Calling, 150 Watch Faces, 60 Sports Modes, Spo2...","3.9","8288","1999.00","4999.00","Smartwatch","Economy","Average","Popular"
"Tokdis Premium Bluetooth Smartwatch - Wireless Fitness Band for Boys, Girls, Men, Women & Kids | Activity Tracker I Sports...","3.1","9","479.00","2499.00","Smartwatch","Budget","Average","Low"
"Kurtzy Professional Shading & Drawing Pencils Set - (12 Lead Pencils) Assorted Gray-Black Sketching Pencils of 12 Shades f...","4.3","839","255.00","399.00","Other","Budget","Good","Low"
"Robustrion Deer Pattern Flip Stand Case Cover for Lenovo Tab M10 HD 2nd Gen TB-X306X / Smart Tab M10 HD 2nd Gen TB-X306F -...","4.2","1455","499.00","1999.00","Other","Budget","Good","Moderate"
"Fastrack Reflex Play|1.3” AMOLED Display Smart Watch with AOD|Premium Metallic Body|Animated Watchfaces|in-Built Games|BP...","3.6","3010","3495.00","7499.00","Monitor","Economy","Average","Moderate"
"Fire-Boltt Dazzle Plus 1.81"" Smartwatch Full Touch Largest Borderless Display & 60 Sports Modes (Swimming) with IP68 Ratin...","4.1","1756","1349.00","11999.00","Monitor","Economy","Good","Moderate"
"TheGiftKart Tough Armor Bumper Back Cover Case for Oppo F21 Pro 5G / F21s Pro 5G | Ring Holder & Kickstand in-Built | 360 ...","4.2","76","329.00","999.00","Mobile Phone","Budget","Good","Low"
"Fire-Boltt Rage Full Touch 1.28"" Display & 60 Sports Modes with IP68 Rating Smartwatch, Sp02 Tracking, Over 100 Cloud Base...","4.1","8828","1899.00","8999.00","Monitor","Economy","Good","Popular"
"MG Eva Foam Sheet 10 Different Color A4 Size 2mm Thickness","4.1","1554","145.00","299.00","Other","Budget","Good","Moderate"
"JBL Go 3, Wireless Ultra Portable Bluetooth Speaker, Pro Sound, Vibrant Colors with Rugged Fabric Design, Waterproof, Type...","4.4","122476","3215.00","3999.00","Speakers","Economy","Good","Very Popular"
"SHOPEE Microfiber Phone Screen Camera Lens Glass Cleaner Cleaning Cloth, 10 Piece (5x5 inch)","3.9","74","149.00","400.00","Camera","Budget","Average","Low"
"TheGiftKart Flip Back Cover Case for Redmi 9A / 9A Sport / 9i / 9i Sport Flip Back Cover Dual-Color Leather Finish | Inbui...","4.2","490","299.00","999.00","Mobile Phone","Budget","Good","Low"
"JBL Tune 500BT by Harman Powerful Bass Wireless On-Ear Headphones with Mic, 16 Hours Playtime & Multi Connect Connectivity...","3.7","84439","2499.00","3799.00","Headphones","Economy","Average","Very Popular"
"Lenovo Calling Tab M8 2nd Gen Tablet (8-inch, 2GB, 32GB, Wi-Fi + 4G LTE + Calling), Iron Grey","4.0","403","10340.00","16000.00","Tablet","Mid Range","Good","Low"
"7SEVEN® Compatible Fire Tv Stick Remote Original Suitable for 2nd generation model remote control only with Bluetooth Voic...","3.3","247","1369.00","2999.00","Television","Economy","Average","Low"
"Airtel DigitalTV E5573Cs-609 Wireless Hotspot Wi-Fi Data Device, White","3.9","4088","2100.00","3999.00","Television","Economy","Average","Moderate"
"ampragrhd Smart Multipurpose Foldable Laptop Table with Cup Holder, Study Table, Bed Table, Breakfast Table, Foldable and ...","3.4","21","209.00","599.00","Laptop","Budget","Average","Low"
"ORCHID ENGINEERS Stylish Iron Remote Stand For Home ( Silver Glossy Finish) | Tv Remote Stand Holder For Home Decor| Tv Un...","4.3","4481","529.00","1299.00","Television","Budget","Good","Moderate"
"Fedus Cat6 Ethernet Cable, 1 Meter High Speed 550Mhz 10 Gigabit Speed Utp Lan Cable, Network Cable Internet Cable Rj45 Cab...","4.4","9050","199.00","4499.00","Other","Budget","Good","Popular"
"SanDisk Extreme uSD,160MB/s R, 90MB/s W,C10,UHS,U3,V30,A2, 128GB, for 4K Video on Smartphones, Action Cams & Drones","4.5","21982","1679.00","2899.00","Mobile Phone","Economy","Excellent","Very Popular"
"Cat Care Compatible with Oppo Reno 8 5G Luxury Square Plating Phone Case Solid Color Soft Silicone Back Cover for Oppo Ren...","3.7","202","299.00","799.00","Mobile Phone","Budget","Average","Low"
"SoloWIT Professional Headphones Ear Pads Cushions Replacement - Earpads Compatible with Bose Quietcomfort 15 Qc15 Qc25 Qc2...","4.4","17685","899.00","1999.00","Headphones","Budget","Good","Very Popular"
"pTron Solero T241 2.4A Type-C Data & Charging USB Cable, Made in India, 480Mbps Data Sync, Durable 1-Meter Long USB Cable ...","3.9","1524","99.00","800.00","Other","Budget","Average","Moderate"
"Generic LTT-0017 Wood Multipurpose Laptop Table with Dock Stand & Non-Slip Legs Foldable and Portable Lapdesk for Study & ...","3.5","243","264.00","999.00","Laptop","Budget","Average","Low"
"MOBITUSSION Shockproof Flexible Matte Square Pattern Silicon TPU Camera Protection Back Cover Compatible for iPhone 11 (Pu...","4.0","4008","299.00","999.00","Mobile Phone","Budget","Good","Moderate"
"LAZI 100ml Scented Laptop Screen Cleaner Cleaning Liquid Spray kit for Laptop PC Computer Tablet Smart Phone Screen Digita...","3.9","14","149.00","299.00","Laptop","Budget","Average","Low"
"Florican 2 in 1 Desktop iPad Stand + Mobile Stand | Height, Angle Adjustable; Strong Aluminum Base with Dual Supporting Ro...","4.3","278","699.00","1299.00","Mobile Phone","Budget","Good","Low"
"Beetel M90N Caller ID Corded Landline Phone with 16 Digit LCD Display,FSK/DTMF Compatable Caller N ID,8 Direct One Touch &...","4.0","9732","1549.00","1899.00","Monitor","Economy","Good","Popular"
"Artangle The Starry Night by Vincent Van Gogh Hardcover Plain A5 Size Premium Notebook","4.6","1854","299.00","499.00","Laptop","Budget","Excellent","Moderate"
"JBL Wave Buds in-Ear Earbuds (TWS) with Mic, App for Customized Extra Bass EQ, 32 Hrs Battery and Quick Charge, IP54, Ambi...","3.9","419","3499.00","3999.00","Earbuds","Economy","Average","Low"
"URBANHUDA M10 TWS Bluetooth 5.1 Earphone Charging boxwireless In Ear Earbuds Stereo Sports Waterproof with Microphone True...","1.0","3","699.00","3999.00","Earbuds","Budget","Poor","Low"
"Blaupunkt BTW07 ANC Moksha-30Db Bluetooth Truly Wireless In Ear Earbuds with Mic, Flip Top Rotatory Design, 40H Playtime, ...","3.8","5899","2499.00","5999.00","Earbuds","Economy","Average","Popular"
"OREI India Europe Travel Adapter, India to Europe (Schuko) Plug, Type E/F European Plug Adapter - 2 in 1 - Perfect for Lap...","4.3","7836","442.00","749.00","Accessories","Budget","Good","Popular"
"Casecandy® - (Pack 2 Compatible Screen Protector Guard For Apple Watch Series 7 45MM Screen Size | HD Screen Guard For App...","3.9","1024","931.00","1990.00","Other","Budget","Average","Moderate"
"Prolet Chain Strap Compatible with Watch 4 20mm, Watch 4 Classic 20mm, 20mm Stainless Steel Metal Bands Replacement Bracel...","4.2","22","729.00","1499.00","Other","Budget","Good","Low"
"URBN 20000 mAh 20W Super Fast Charging Metal Power Bank | Type C PD (Input& Output) QC 3.0 Dual USB Output Two-Way Fast Ch...","3.7","4477","1699.00","3999.00","Accessories","Economy","Average","Moderate"
"Roarx Google Pixel 7 Charger Original [Compatible] with Google Pixel 7 / Google Pixel 7 Pro Adapter [20 Watt - Type C] Tab...","3.6","45","664.00","1999.00","Mobile Phone","Budget","Average","Low"
"Zapcase Back Case Cover for Oppo A9 (2020) / Oppo A5 (2020) | Compatible for Oppo A9 (2020) / Oppo A5 (2020) Back Case Cov...","4.5","17","229.00","899.00","Mobile Phone","Budget","Excellent","Low"
"ProElite 360 Rotatable Smart Flip Case Cover for Apple iPad 10.2 inch 9th/8th/7th Generation with Stylus Pen, Black","4.5","4","399.00","1999.00","Tablet","Budget","Excellent","Low"
"(Renewed) boAt Airdopes 441 Bluetooth Truly Wireless In Ear Earbuds with Mic (Sporty Blue)","3.7","386","1499.00","3999.00","Earbuds","Economy","Average","Low"
"Pikkme Vivo Y12 / Y15 / Y17 / U10 Cover Protective Shockproof Matte Hard Back Case Cover for Vivo Y12 / Y15 / Y17 / U10 (B...","3.8","334","199.00","999.00","Mobile Phone","Budget","Average","Low"
"Amazon Brand - Solimo Thermoplastic Polyurethane Mobile Cover Soft & Flexible Shockproof Back Cover with Cushioned Edges T...","4.2","609","139.00","499.00","Mobile Phone","Budget","Good","Low"
"TheGiftKart Tough Armor Bumper Back Cover Case for Samsung Galaxy M53 5G | Ring Holder & Kickstand in-Built | 360 Degree P...","4.5","468","359.00","999.00","Mobile Phone","Budget","Excellent","Low"
"TheGiftKart Flip Back Cover Case for Samsung Galaxy M32 4G / M32 Prime | Dual-Color Leather Finish | Inbuilt Stand & Pocke...","4.2","1350","299.00","999.00","Mobile Phone","Budget","Good","Moderate"
"Caseology Vault Case Compatible with Samsung Galaxy Buds 2 - Matte Black","4.5","968","1599.00","2699.00","Mobile Phone","Economy","Excellent","Low"
"draval 6 Piece Wall Mounted Storage Box Remote Storage Organizer Case for Air Conditioner TV Mobile Phone Plug Holder Stan...","3.6","74","249.00","599.00","Mobile Phone","Budget","Average","Low"
"Gizga Essentials Portable Mobile Tabletop Stand, Precise Cutout to Enable Charging During Use, Sturdy Metal, Mobile Chargi...","4.1","2829","129.00","499.00","Mobile Phone","Budget","Good","Moderate"
"Samsung Galaxy A53 Black, 8GB RAM, 128GB Storage","3.8","146","33499.00","39990.00","Mobile Phone","Premium","Average","Low"
"Callmate 50000mAh Ultra High Capacity Power Bank, 15W Fast Charging |Digital Display |3 USB Output Ports and 3 Input |LED ...","3.4","321","2499.00","4999.00","Monitor","Economy","Average","Low"
"LF Mahindra XUV 700 Car Accessories Navigation or Music System (Stereo) Touch Screen Guard (Company Fitted) - Clear","4.3","310","799.00","1599.00","Other","Budget","Good","Low"
"Helmet Chin Mount with Mobile Holder, Motorcycle Helmet Strap Compatible with GoPro and Mobile Phones (Pack of 1)","2.6","4","449.00","899.00","Mobile Phone","Budget","Poor","Low"
"Canon PIXMA G3020 NV Wi-Fi Mono/Colour, Print,Scan,Copy,High Volume Printing, 5.08 cm LCD, User Replaceable Print Heads an...","4.2","1560","15785.00","17102.00","Networking","Mid Range","Good","Moderate"
"WOW IMAGINE Tough Armor Polycarbonate 1+ OnePlus Nord 2T 5G Bumper Back Cover Ring Holder & Kickstand in-Built 360 Degree ...","4.1","48","329.00","999.00","Mobile Phone","Budget","Good","Low"
"Wooum® Gadget Organizer Bag - Portable Bag and Mobile Power Bank Bag Electronic Accessory Storage Bag USB Cable Storage Ba...","3.9","368","298.30","899.00","Mobile Phone","Budget","Average","Low"
"ARURA (LABEL) Multipurpose Desktop and Wall Mounted Landline Caller ID Telephone Corded Phone for Home Office Hotel (Multi...","3.8","47","799.00","999.00","Other","Budget","Average","Low"
"Motorola T101 Cordless Landline Phone (Black)","3.4","1146","1945.00","2499.00","Other","Economy","Average","Moderate"
"TheGiftKart Shockproof Crystal Clear Back Cover Case for Redmi 11 Prime 5G | 360 Degree Protection | Protective Design | T...","4.0","83","251.00","999.00","Mobile Phone","Budget","Good","Low"
"XGMO®360 Degree Car Rear View Mirror Mobile Phone Holder Mount Stand Compatible with All Smartphones","5.0","4","399.00","999.00","Mobile Phone","Budget","Excellent","Low"
"Waterman Ink Bottle, Green","4.5","295","400.00","500.00","Other","Budget","Excellent","Low"
"ANTONIA Cover Case Compatible for AirPods Gen 1 & 2 | Tan - PU Leather Protective Case with Button Lock & Metal Keychain |...","3.9","561","371.00","1499.00","Earbuds","Budget","Average","Low"
"Sukeshcraft Multiple Cheque Book Holder | Holds Upto 8 Cheque Books, with Key Hook, 2 Photo Slots, 1 Pin & Sim Slot, 13 Cr...","4.4","2000","849.00","1249.00","Other","Budget","Good","Moderate"
"B BOSS 9 Inch Android Car Accessories Navigation or Music System Stereo Touch Screen Guard","5.0","1","238.00","1599.00","Other","Budget","Excellent","Low"
"Belkin F3Y021bt2M High Speed HDMI Cable with Ethernet - 2 Meter (Black)","4.4","5339","425.00","4999.00","Other","Budget","Good","Popular"
"INEFABLE Mi Band 5 and 6 Strap Original Band Strap M5/M6 - Pack of 1 - Dark Green - (Device Not Included - Not Compatible ...","4.0","23","99.00","399.00","Other","Budget","Good","Low"
"Ringke Slim Case Compatible with Apple Watch Ultra 49mm, Bezel [Frame Only] Premium PC Hard Thin Cover - Clear & Titanium ...","4.5","444","1499.00","2199.00","Other","Economy","Excellent","Low"
"Wings Phantom 105 Wireless in Ear Earbuds with Mic, RGB LED Gaming Design. 60 Hours Mega Playtime, 13 mm HD BASS Drivers, ...","3.8","1282","1099.00","3599.00","Earbuds","Economy","Average","Moderate"
"Cosmic Byte CB-GK-21 Themis 61 Key Mechanical Per Key RGB Gaming Keyboard with Outemu Blue Switches and Software (Black, U...","4.4","328","2149.00","2499.00","Accessories","Economy","Good","Low"
"TP-Link Archer MR200 AC750 2.4GHz 750Mbps Dual Band 4G LTE Mobile Wi-Fi, SIM Slot Unlocked, No Configuration Required, Rem...","3.9","4295","5199.00","10999.00","Mobile Phone","Mid Range","Average","Moderate"
"Amozo Back Case Cover for iPhone 12 Mini 5.4 (Polycarbonate | Transparent)","4.2","1053","379.00","999.00","Mobile Phone","Budget","Good","Moderate"
"Telca Premium Case Cover Compatible With boAt Airdopes 141 / 148 ONLY SILICON COVER","4.2","86","278.00","999.00","Earbuds","Budget","Good","Low"
"ZEBRONICS Zeb-MA5222 USB Charger Adapter with 1 Metre Micro USB Cable, 2 USB Ports, for Mobile Phone/Tablets (Black)","3.9","1484","270.00","449.00","Mobile Phone","Budget","Average","Moderate"
"Flash Acrylic Colour (Black, 200 ml)","4.3","2056","172.00","560.00","Other","Budget","Good","Moderate"
"Spigen Ultra Hybrid Back Cover Case for iPhone 13 Pro Max (TPU + Poly Carbonate | Matte Black)","4.0","25683","1599.00","2599.00","Mobile Phone","Economy","Good","Very Popular"
"Fashionury Back Cover for Samsung Galaxy M21/ Samsung M30s (Silicone|Brown)","4.4","114","149.00","499.00","Mobile Phone","Budget","Good","Low"
"DHRUVPRO Universal Battery Charger Li-ion 3.7V 18650/16340/14500/17670/CR123A, Charger","3.5","74","229.00","499.00","Accessories","Budget","Average","Low"
"BOBO Non-Toxic TPU and Plastic Universal Waterproof Pouch (XL 2021 Model) Cellphone Dry Bag Case for iPhone, Samsung, Pixe...","4.1","10555","499.00","1799.00","Mobile Phone","Budget","Good","Very Popular"
"Parandiv Branded Short Length 2.4A Faster Charging 0.25M with Data Sync Power Bank Lightning Cable For iPhones,iPad Air,iP...","3.9","14","179.00","229.00","Mobile Phone","Budget","Average","Low"
"NEMIZI Tablet Matte Screen Guard for Xiaomi MI Pad 5 11 Inch -Black Edges [Matte Feel Temper(It's Not Glass)]","4.3","47","399.00","759.00","Tablet","Budget","Good","Low"
"talotech Neckband Earphones Wireless Bluetooth In Ear Headphone 100Hrs Playtime Wireless Headset with Display Hi-Fi Stereo...","3.1","161","1080.00","1999.00","Headphones","Economy","Average","Low"
"mobistyle Soft Liquid Silicone, Individual Protection for Each Lens Shockproof Rubber Full Body Back Cover Case Compatible...","3.8","991","299.00","999.00","Other","Budget","Average","Low"
"ELEPHANTBOAT Travel Case for Apple Watch Charger,Waterproof Portable Carrying EVA Charging Dock Holder for 38mm/42mm/40mm/...","4.4","912","560.00","897.00","Accessories","Budget","Good","Low"
"ProElite Deer Flip case Cover for Realme Pad X 11 inch Tablet, Wine Red","4.5","175","399.00","1999.00","Mobile Phone","Budget","Excellent","Low"
"LIMESHOT DX2 Charger Compatible with Fossil Gen 5 Smartwatch Charging USB Magnetic Cable for Gen 5 Carlyle, Julianna, Gare...","4.6","17","449.00","1999.00","Smartwatch","Budget","Excellent","Low"
"HDMI Switch Splitter, 2 Port Bi-Directional Manual HDMI Switch 2 in 1 Out or 1 in 2 Out Splitter Supports 4K 2K 3D Full HD...","4.0","140","398.00","1499.00","Other","Budget","Good","Low"
"Cosmus Darwin 29 litres Office Backpack - Sleek Everyday use Backpack - Black","4.3","9896","1231.00","2599.00","Other","Economy","Good","Popular"
"KYOSEI[2 Pack Ultra Clear Anti-Explosion 9H Hardness Camera Lens Glass Camera Lens Protector Compatible with iPhone 14/14 ...","4.4","274","799.00","1499.00","Mobile Phone","Budget","Good","Low"
"TheGiftKart Tough Armor OnePlus Nord CE 2 5G Bumper Back Case Cover | Ring Holder & Kickstand in-Built | 360 Degree Protec...","4.3","921","399.00","999.00","Mobile Phone","Budget","Good","Low"
"Ant Esports H1100 Pro RGB Wired Over Ear Gaming Headphones with Mic for PC / PS4 / PS5 / Xbox One / Switch1, Carbon Black","4.0","500","1199.00","3999.00","Headphones","Economy","Good","Low"
"D'Addario EJ27N Nylon Classical Normal Tension Guitar Strings","4.3","19030","439.00","730.00","Other","Budget","Good","Very Popular"
"Blue Yeti USB Microphone for Recording, Streaming, Gaming, Podcasting on PC and Mac, Condenser Mic for Laptop or Computer ...","4.3","462","9995.00","12995.00","Laptop","Mid Range","Good","Low"
"Beetel F1K GSM Fixed Wireless Phone, Support Quad band 2G,LCD Display,Speed Dial,Two way Speaker phone & Adjustable Volum...","3.9","4540","2669.00","3299.00","Speakers","Economy","Average","Moderate"
"ONE ASSIST Live Uninterrupted 1 Year Extended Warranty Plan for Electric Iron (Price Range: 2501 to 5000) - Email Delivery...","3.7","124","189.00","259.00","Other","Budget","Average","Low"
"Cello Liquiball Ball Pen - Pack of 10 (Blue)","4.1","645","100.00","150.00","Other","Budget","Good","Low"
"Ellics Enterprise Presents Foldable Laptop Table with Cup Holder, Study Table, Foldable & Portable/Ergonomic & Rounded Edg...","3.6","1213","399.00","999.00","Laptop","Budget","Average","Moderate"
"Callas Multi-Purpose Office Laptop Table Desk Organiser/Study Table/Bed Table/Foldable and Portable Wooden Desk Organiser...","3.8","268","647.00","1599.00","Laptop","Budget","Average","Low"
"AFRITEE Desk Pad Protector Mat - Dual Side PU Leather Desk Mat Large Mouse Pad Waterproof Desk Organizers Office Home Tabl...","4.2","8217","599.00","1799.00","Accessories","Budget","Good","Popular"
"Amazon Brand - Solimo Silicone Back Cover for Apple iPhone 8 (Transparent)","4.0","314","139.00","499.00","Mobile Phone","Budget","Good","Low"
"OneAssist 1 Year Extended Warranty Plan for Headphones 2001 to 3000 - Email Delivery Within 2 Hours","3.8","46","209.00","469.00","Headphones","Budget","Average","Low"
"ZEBRONICS Zeb-Vibe Portable Speaker Comes with Full-Range 20.32cm Dual Drivers Along with a 2.54cm Tweeter That Delivers P...","4.1","6","6399.00","15999.00","Speakers","Mid Range","Good","Low"
"ZOUK Black Solid Handmade Vegan Leather Women's Office Bag for 15.6 inch Laptop - Jet Black","3.9","65","1699.00","4863.00","Laptop","Economy","Average","Low"
"Faber-Castell Pitt Artist Pen - 1.5 mm - White","4.0","268","130.00","180.00","Other","Budget","Good","Low"
"R for Rabbit Snicker The Playful Automatic Baby Swing with Hanging Toys and Remote Control for Newborn Baby (Grey Blue)","3.8","298","6699.00","8451.00","Other","Mid Range","Average","Low"
"TheGiftKart Sleek Back Cover Case for Samsung Galaxy S23 5G | Slim Fit Protective Design | Ultra Matte Finish | Camera Pro...","4.9","12","284.00","999.00","Mobile Phone","Budget","Excellent","Low"
"CZARTECH Native Back Cover for iPhone 14 Plus Clear case (TPU + Tough Polycarbonate Back I 5ft Drop Protection Tested I Tr...","4.3","448","499.00","1099.00","Mobile Phone","Budget","Good","Low"
"Print Master India Premium Flatlay Tabletop Photography Backdrop Background, Double Sided Waterproof Paper for Food, Small...","4.4","61","1099.00","1999.00","Tablet","Economy","Good","Low"
"Sixfire® Cleaner 5 in 1 Keyboard & Earphone Cleaner Keyboard Cleaning Brush Laptop Cleaning Kit Cleaning Pen for Airpods C...","4.0","670","235.00","999.00","Laptop","Budget","Good","Low"
"Rian's Online Fabric Remote Control Case -(Multicolour, 3)","3.4","555","190.00","499.00","Other","Budget","Average","Low"
"Livzing Multipurpose Foldable Study Desk Portable Wooden Utility Laptop Table Bedside Drawing Room Home Decor-Space Saving...","4.3","1162","3699.00","5499.00","Laptop","Economy","Good","Moderate"
"Spigen AlignMaster Tempered Glass Screen Protector Guard for Nothing Phone (1) - 2 Pack","4.4","284","1299.00","2899.00","Other","Economy","Good","Low"
"ONSITEGO 1 Year Extended Warranty for Small Appliances (Rs.5001-10000) (Email Delivery - No Physical Kit) for B2B","3.7","39","399.00","899.00","Other","Budget","Average","Low"
"InkTree Back Cover for Samsung Galaxy S23 5G Back Cover | Slim Soft Back Case for Samsung Galaxy S23 5G (Transparent)","3.9","18","129.00","999.00","Mobile Phone","Budget","Average","Low"
"Sounce Watch Case Compatible for Fire-Boltt Ninja 3 Tempered Glass Screen Protector,HD Clear Touch Sensitive Ultra Thin PE...","4.0","5579","199.00","999.00","Other","Budget","Good","Popular"
"Parker Vector Standard CT Fountain Pen (Blue Ink)","4.2","470","379.00","430.00","Other","Budget","Good","Low"
"Hold Up Tabletop Tablet Holder Stand, iPad Stand Floor Height Adjustable Tablet Tripod Stand for iPad Mini 1, 2, 3, iPad A...","4.3","109","1424.00","2999.00","Tablet","Economy","Good","Low"
"Everycom Mini Tripod with Mount Compatible with All Mobile Phones and Digital Camera - Black","3.2","4316","195.00","799.00","Mobile Phone","Budget","Average","Moderate"
"ARTBRIZ Brizberry Mouse Pad, Large Printed Premium Textured Waterproof Anti Skid Rubber Base for Desktop Laptop Gaming Pro...","4.5","838","243.00","499.00","Laptop","Budget","Excellent","Low"
"HIKER Universal Dashboard Mount Car Mobile Phone Holder for Dashboard & Windshield with 360 Rotating Adjustable Long Arm &...","3.7","934","399.00","499.00","Mobile Phone","Budget","Average","Low"
"Fujifilm Instax Mini Rainbow Instant Film (Multi-Color, 10 Photos per Pack)","4.5","5890","636.00","649.00","Other","Budget","Excellent","Popular"
"Noise Pro 4 GPS Smart Watch with GPS Built-in, Advanced Bluetooth Calling tech,1.85"" Display, 600Nits, Functional Crown, 7...","3.8","119","2999.00","6999.00","Monitor","Economy","Average","Low"
"POPIO Tempered Glass Screen Protector Compatible for Samsung Galaxy A52 / Samsung Galaxy A52s (Black) with Edge to Edge Co...","4.1","706","251.00","599.00","Mobile Phone","Budget","Good","Low"
"FABTEC 4.3 Dashboard TFT LCD Screen Rear View Monitor with 8 LED Night Vision Car Reverse Camera","3.6","319","1325.00","1999.00","Camera","Economy","Average","Low"
"TheGiftKart Tough Armor Bumper Back Cover Ring Holder and Kickstand in-Built 360 Degree Protection Back Cover for Samsung ...","4.4","1489","395.00","999.00","Other","Budget","Good","Moderate"
"EYUVAA LABEL Universal Monopod Holder Clip for Mobile Camera & Tripod Mount Holder Adjustable Smartphone Clip Clipper Comp...","4.1","39","115.00","399.00","Mobile Phone","Budget","Good","Low"
"cablebasket Mobile Charger for Android Phones 3 USB 3.1a Amper Smart ic USB Universal Compatible Mobile Wall Charger Adapt...","3.6","661","399.00","1199.00","Mobile Phone","Budget","Average","Low"
"M.G.R.J® Tempered Glass Screen Protector for Canon EOS 200D II, 200D, M50 M100 M6 M6ii, 2 Mini Mirrorless Camera (Transpar...","4.3","150","249.00","999.00","Camera","Budget","Good","Low"
"Justec 45W Replacement Charger for MacBook Air 11"" & 13"" - A1435, A1436, A1465, A1466 - T Shape","3.8","168","1599.00","5000.00","Laptop","Economy","Average","Low"
"CRYSTALOPRO Cartoon 3D Design Protective Case for 18W 20W iPhone 14 13 12 11 Pro Max Fast Charging Cable Adapter Charger, ...","4.7","131","599.00","1500.00","Mobile Phone","Budget","Excellent","Low"
"Original BN4A Battery Compatible for Xiaomi Redmi Note 7 / Redmi Note 7s / Redmi Note 7 Pro - 4000mAh - 1 Year Warranty.","3.2","50","1099.00","1999.00","Mobile Phone","Economy","Average","Low"
"Spigen Thin Fit Back Cover Case Compatible for Google Pixel 7 (TPU + Polycarbonate | Black)","4.4","297","1299.00","1699.00","Mobile Phone","Economy","Good","Low"
"Acko 1 Year Extended Warranty for ACs from Rs-40,000 to Rs-60,000 (Email Delivery)","4.0","154","1999.00","2949.00","Other","Economy","Good","Low"
"YELLOWFIN Fully Waterproof Handlebar Mobile Phone Mount Holder with 360° Rotation for Motorcycle | Bike | Scooter | Bicycl...","4.5","1059","1899.00","3699.00","Mobile Phone","Economy","Excellent","Moderate"
"Godrej Security Solutions WiFi 1080p FHD 2MP 360° Viewing Area Security Camera, White","3.3","216","2107.00","2799.00","Camera","Economy","Average","Low"
"CEDO Tempered Glass for iPad Pro 10.5 inch (2017) / iPad Air 3 (2019) | Screen Protector Tempered Glass for iPad Pro Tab 1...","4.2","2347","349.00","999.00","Tablet","Budget","Good","Moderate"
"Amazon Basics USB Type-C to Micro-B 2.0 Cable - 6 Inches (15.2 Centimeters) - White","4.1","15317","379.00","899.00","Other","Budget","Good","Very Popular"
"ESR USB-C to Lightning Cable, 6.5 ft (2 m), MFi-Certified, PD Fast Charging Cable for iPhone 14/14 Plus/14 Pro/14 Pro Max,...","4.4","20326","1519.00","1699.00","Mobile Phone","Economy","Good","Very Popular"
"(Renewed) Samsung SM-R180NZKAINU In-Ear Wireless Bluetooth Buds Live with Mic (Mystic Black)","3.7","127","4599.00","4999.00","Other","Economy","Average","Low"
"Yearwin 15 Months Warranty 200W Car Power Inverter with 220V Output AC Stocket, 27W PD & 3 USB Charging Port, Extra Cigare...","4.6","62","3399.00","8999.00","Other","Economy","Excellent","Low"
"Bluetooth Audio Receiver For Samsung Galaxy S22+ 5G Original Wireless car bluetooth Audio receiver With 3.5mm Jack Aux Cab...","2.1","19","399.00","999.00","Mobile Phone","Budget","Poor","Low"
"Lowfe Smartwatch W26 Charging Cable, Watch Charger Magnetic 2 pin, Watch Charger, W26+ Charger 4mm Adapter Length 45 cm fo...","3.4","983","199.00","999.00","Smartwatch","Budget","Average","Low"
"Fashionury Back Cover for Realme 6 Transparent Hybrid Hard PC Back TPU Bumper Impact Resistant Case (Black,Transparent)","3.6","109","149.00","549.00","Mobile Phone","Budget","Average","Low"
"NEWTECHNO Rugged Armor Cover Case Compatible with Airpods Pro 2 (2022) / Airpods Pro gen-2 - Matte Black","4.0","21","299.00","1499.00","Earbuds","Budget","Good","Low"
"Redgear Pro Series Wired Gamepad with Integrated Force Feedback, Illuminated ABXY Keys, Ergonomically Design, 1.8m USB Cab...","4.4","8606","1199.00","1499.00","Other","Economy","Good","Popular"
"HP V232w 32GB USB2.0 Pen Drive (Silver)","4.2","3096","399.00","750.00","Other","Budget","Good","Moderate"
"Riitek PeriPage Mini Pocket Printer; Wireless Bluetooth Portable Thermal Printer with Paper Roll for Picture, Label, Memo,...","3.8","54","3499.00","4490.00","Printer","Economy","Average","Low"
"Parker Classic Matte Black GT Ball Pen, Golden color, 1 Count (Pack of 1) (9000013841)","4.2","2269","525.00","540.00","Other","Budget","Good","Moderate"
"A-DATA 8Gb Ddr4 Modules for Notebooks 3200Mhz Laptop Memory (Ad4S320038G22-Rgn)","4.6","1043","1647.00","6999.00","Laptop","Economy","Excellent","Moderate"
"One Plus USB Type C to 3.5mm Adapter for OnePlus 7T 8T 9 Pro Headphone Jack Adapter - USB Type C to 3.5mm Aux Audio Earpho...","5.0","1","199.00","999.00","Mobile Phone","Budget","Excellent","Low"
"TheGiftKart Flexible Shockproof Crystal Clear TPU Back Cover Case with Cushioned Edges for Ultimate Protection for Samsung...","4.2","558","199.00","999.00","Other","Budget","Good","Low"
"Ambrane 18W BoostedSpeed™ Charger with USB Port & Quick Charge, Made in India, Multi-Layer Protection, iPhone & Android Co...","3.8","4","499.00","599.00","Mobile Phone","Budget","Average","Low"
"Acko 1 Year Extended Warranty for Appliances from Rs 30,000 to Rs 40,000 (Email Delivery)","4.0","407","799.00","1399.00","Other","Budget","Good","Low"
"ENVIE® (ECR 20 MC+4xAA1000) Standard Rechargeable Battery Charger for AA & AAA Ni-mh/Ni-Cd, LED Indicator, 600MA Output Cu...","3.8","15284","529.00","745.00","Accessories","Budget","Average","Very Popular"
"Seagull flight of fashion Large Extended Mouse Pad XXL with Non-Slip Rubber Base, Stitched Edge Mouse Mat for Laptop, Comp...","4.3","2698","379.00","799.00","Laptop","Budget","Good","Moderate"
"Something4u 50 pcs Wet and Dry Cleaning Wipes for Camera Lens LCD LED Screen Mobile Phone Tablet Laptop Handset Smart Watc...","3.7","166","184.00","499.00","Laptop","Budget","Average","Low"
"LUNAGARIYA®, Protective Cover for LG AC Remote Control -1,PU Leather Cover Holder (Before Placing Order,Please Check The P...","4.3","62","199.00","399.00","Other","Budget","Good","Low"
"Aroma NB128 Grace 24 Hours Playing Time | Deep Bass | Made in India | Neckband Earphone Bluetooth Headset (Green)","1.0","1","349.00","1499.00","Headphones","Budget","Poor","Low"
"Lauret Blanc Daily Planner and Organizer, Gratitude and Affirmation Journal with Weekly and Monthly Review- A5 Size, Plan ...","4.4","1728","449.00","899.00","Other","Budget","Good","Moderate"
"Spigen Rugged Armor Pro Fabric Case Compatible with Nintendo Switch | Nintendo Switch OLED (2021) - Matte Black [Video Game]","4.6","1103","2099.00","2699.00","Other","Economy","Excellent","Moderate"
"Amozo Ultra Hybrid Series Back Cover Case for iPhone 13 Pro (Polycarbonate|Blue)","3.6","4","199.00","1299.00","Mobile Phone","Budget","Average","Low"
"MOCA iPad Air 5th Generation Case 2022 / iPad Air 4th 2020 Case 10.9 Inch, Slim Stand Hard Back Shell Protective Smart Cov...","4.2","1133","475.00","1999.00","Tablet","Budget","Good","Moderate"
"LINQS® Original NXP Chip | Waterproof NFC Tag Sticker (Set of 5) | Smartrac Circus NTAG213 chip | for All NFC Phones | Vin...","3.6","210","400.00","1000.00","Other","Budget","Average","Low"
